N,P,K,temperature,humidity,ph,rainfall,soil_type,label,reference_title,reference_url,source,stats_source_title,stats_source_url
75.4,47.2,50.7,21.25,62.67,6.48,60.74,Loam,garlic,PCAARRD ISP – Vegetables Industry Profile (garlic),https://ispweb.pcaarrd.dost.gov.ph/vegetables/,DOST-PCAARRD,PSA – Crops Production Survey (national & regional crop statistics),https://psa.gov.ph/crops-production-survey
52.9,63.6,48.9,25.74,83.19,5.54,153.58,Loam,papaya,Department of Agriculture – Official Portal,https://www.da.gov.ph/,Department of Agriculture,PSA – Crops Production Survey (national & regional crop statistics),https://psa.gov.ph/crops-production-survey
61.1,32.8,48.3,25.2,80.62,5.94,205.1,Volcanic Loam,cacao,PCAARRD ISP – Cacao Industry Profile,https://ispweb.pcaarrd.dost.gov.ph/isp-commodities/cacao/,DOST-PCAARRD,PSA – Crops Production Survey (national & regional crop statistics),https://psa.gov.ph/crops-production-survey
46.3,36,32.9,28.86,77.8,6.26,100.56,Loam,ampalaya,PCAARRD ISP – Vegetables Industry Profile,https://ispweb.pcaarrd.dost.gov.ph/vegetables/,DOST-PCAARRD,PSA – Crops Production Survey (national & regional crop statistics),https://psa.gov.ph/crops-production-survey
78.5,44,58.6,23.23,60.57,5.98,70.66,Loam,garlic,PCAARRD ISP – Vegetables Industry Profile (garlic),https://ispweb.pcaarrd.dost.gov.ph/vegetables/,DOST-PCAARRD,PSA – Crops Production Survey (national & regional crop statistics),https://psa.gov.ph/crops-production-survey
96.2,41.4,23.9,30.26,75.6,5.52,93.57,Loam,corn,DA – Philippine Yellow Corn Industry Roadmap,https://www.da.gov.ph/wp-content/uploads/2023/05/Philippine-Yellow-Corn-Industry-Roadmap.pdf,Department of Agriculture,PSA – Crops Production Survey (national & regional crop statistics),https://psa.gov.ph/crops-production-survey
21.9,32.3,25.7,27.97,69.63,6.53,42.32,Sandy Loam,mungbean,PCAARRD ISP – Legumes Industry Profile,https://ispweb.pcaarrd.dost.gov.ph/legumes/,DOST-PCAARRD,PSA – Crops Production Survey (national & regional crop statistics),https://psa.gov.ph/crops-production-survey
42.6,47.6,39.3,31.58,68.05,6.38,90.72,Clay Loam,ampalaya,PCAARRD ISP – Vegetables Industry Profile,https://ispweb.pcaarrd.dost.gov.ph/vegetables/,DOST-PCAARRD,PSA – Crops Production Survey (national & regional crop statistics),https://psa.gov.ph/crops-production-survey
17.7,34.4,31.6,25.68,57.19,5.86,73.28,Sandy Loam,peanut,PCAARRD ISP – Legumes Industry Profile,https://ispweb.pcaarrd.dost.gov.ph/legumes/,DOST-PCAARRD,PSA – Crops Production Survey (national & regional crop statistics),https://psa.gov.ph/crops-production-survey
58.5,30.3,61,27.46,74.71,6.64,62.15,Sandy Loam,cassava,Department of Agriculture – Official Portal,https://www.da.gov.ph/,Department of Agriculture,PSA – Crops Production Survey (national & regional crop statistics),https://psa.gov.ph/crops-production-survey
49.5,35.7,45.3,26.8,75.01,6.11,78.61,Loam,ampalaya,PCAARRD ISP – Vegetables Industry Profile,https://ispweb.pcaarrd.dost.gov.ph/vegetables/,DOST-PCAARRD,PSA – Crops Production Survey (national & regional crop statistics),https://psa.gov.ph/crops-production-survey
91.3,47.2,24.9,29.74,66.67,6.91,103.7,Sandy Loam,corn,DA – Philippine Yellow Corn Industry Roadmap,https://www.da.gov.ph/wp-content/uploads/2023/05/Philippine-Yellow-Corn-Industry-Roadmap.pdf,Department of Agriculture,PSA – Crops Production Survey (national & regional crop statistics),https://psa.gov.ph/crops-production-survey
31.5,23,63.5,27.49,67.04,6.33,69.26,Loam,sweet_potato,PCAARRD ISP – Sweetpotato Industry Profile,https://ispweb.pcaarrd.dost.gov.ph/sweetpotato/,DOST-PCAARRD,PSA – Crops Production Survey (national & regional crop statistics),https://psa.gov.ph/crops-production-survey
74.9,47.5,63.7,20.3,61.03,6.29,64.12,Sandy Loam,tomato,PCAARRD ISP – Vegetables Industry Profile,https://ispweb.pcaarrd.dost.gov.ph/vegetables/,DOST-PCAARRD,PSA – Crops Production Survey (national & regional crop statistics),https://psa.gov.ph/crops-production-survey
55.1,46.7,53.4,30.2,81.36,6.39,168.77,Clay Loam,papaya,Department of Agriculture – Official Portal,https://www.da.gov.ph/,Department of Agriculture,PSA – Crops Production Survey (national & regional crop statistics),https://psa.gov.ph/crops-production-survey
56.4,48.9,50.8,31.9,69.67,6.35,91.77,Loam,ampalaya,PCAARRD ISP – Vegetables Industry Profile,https://ispweb.pcaarrd.dost.gov.ph/vegetables/,DOST-PCAARRD,PSA – Crops Production Survey (national & regional crop statistics),https://psa.gov.ph/crops-production-survey
87.9,54.4,20.6,31.14,65,6.12,86.88,Loam,corn,DA – Philippine Yellow Corn Industry Roadmap,https://www.da.gov.ph/wp-content/uploads/2023/05/Philippine-Yellow-Corn-Industry-Roadmap.pdf,Department of Agriculture,PSA – Crops Production Survey (national & regional crop statistics),https://psa.gov.ph/crops-production-survey
23.3,12.8,17.1,28.59,72.88,6.43,171.45,Clay Loam,calamansi,Department of Agriculture – Official Portal,https://www.da.gov.ph/,Department of Agriculture,PSA – Crops Production Survey (national & regional crop statistics),https://psa.gov.ph/crops-production-survey
79.4,56,75.1,20.42,60.54,6.04,59.9,Loam,tomato,PCAARRD ISP – Vegetables Industry Profile,https://ispweb.pcaarrd.dost.gov.ph/vegetables/,DOST-PCAARRD,PSA – Crops Production Survey (national & regional crop statistics),https://psa.gov.ph/crops-production-survey
67.7,57.4,62.3,20.8,60.09,6.27,65.34,Loam,tomato,PCAARRD ISP – Vegetables Industry Profile,https://ispweb.pcaarrd.dost.gov.ph/vegetables/,DOST-PCAARRD,PSA – Crops Production Survey (national & regional crop statistics),https://psa.gov.ph/crops-production-survey
55.6,28.1,68.7,27.51,63.85,6.87,143.44,Sandy,cassava,Department of Agriculture – Official Portal,https://www.da.gov.ph/,Department of Agriculture,PSA – Crops Production Survey (national & regional crop statistics),https://psa.gov.ph/crops-production-survey
77.6,39.1,57.7,23.72,62.55,6.21,56.02,Sandy Loam,onion,PCAARRD ISP – Vegetables Industry Profile (onion),https://ispweb.pcaarrd.dost.gov.ph/vegetables/,DOST-PCAARRD,PSA – Crops Production Survey (national & regional crop statistics),https://psa.gov.ph/crops-production-survey
43.2,33.3,84,25.86,57.53,6.06,119.82,Sandy Loam,cassava,Department of Agriculture – Official Portal,https://www.da.gov.ph/,Department of Agriculture,PSA – Crops Production Survey (national & regional crop statistics),https://psa.gov.ph/crops-production-survey
71.3,46.7,55,25.66,68.67,6.87,61.19,Sandy Loam,onion,PCAARRD ISP – Vegetables Industry Profile (onion),https://ispweb.pcaarrd.dost.gov.ph/vegetables/,DOST-PCAARRD,PSA – Crops Production Survey (national & regional crop statistics),https://psa.gov.ph/crops-production-survey
15.8,37.5,28.6,28.31,68.21,6.92,60.83,Sandy Loam,mungbean,PCAARRD ISP – Legumes Industry Profile,https://ispweb.pcaarrd.dost.gov.ph/legumes/,DOST-PCAARRD,PSA – Crops Production Survey (national & regional crop statistics),https://psa.gov.ph/crops-production-survey
41,24.8,83.5,27.72,76.15,5.04,97.4,Volcanic Loam,pineapple,PCAARRD ISP – Queen Pineapple Industry Profile,https://ispweb.pcaarrd.dost.gov.ph/queen-pineapple/,DOST-PCAARRD,PSA – Crops Production Survey (national & regional crop statistics),https://psa.gov.ph/crops-production-survey
20.7,44.2,28.4,28.25,70.23,6.72,53.88,Loam,mungbean,PCAARRD ISP – Legumes Industry Profile,https://ispweb.pcaarrd.dost.gov.ph/legumes/,DOST-PCAARRD,PSA – Crops Production Survey (national & regional crop statistics),https://psa.gov.ph/crops-production-survey
53.9,38.9,49.3,31.57,75.65,6.61,106.23,Clay Loam,ampalaya,PCAARRD ISP – Vegetables Industry Profile,https://ispweb.pcaarrd.dost.gov.ph/vegetables/,DOST-PCAARRD,PSA – Crops Production Survey (national & regional crop statistics),https://psa.gov.ph/crops-production-survey
23.8,45.6,23.5,24.84,60.88,6.63,44.16,Sandy Loam,mungbean,PCAARRD ISP – Legumes Industry Profile,https://ispweb.pcaarrd.dost.gov.ph/legumes/,DOST-PCAARRD,PSA – Crops Production Survey (national & regional crop statistics),https://psa.gov.ph/crops-production-survey
73.9,35.5,47,20.43,67.13,6.24,54.83,Loam,garlic,PCAARRD ISP – Vegetables Industry Profile (garlic),https://ispweb.pcaarrd.dost.gov.ph/vegetables/,DOST-PCAARRD,PSA – Crops Production Survey (national & regional crop statistics),https://psa.gov.ph/crops-production-survey
45.7,39,33.8,29.36,66.41,6.44,64.79,Clay Loam,ampalaya,PCAARRD ISP – Vegetables Industry Profile,https://ispweb.pcaarrd.dost.gov.ph/vegetables/,DOST-PCAARRD,PSA – Crops Production Survey (national & regional crop statistics),https://psa.gov.ph/crops-production-survey
40,23,79.1,28.18,71.17,6,92.55,Sandy Loam,sweet_potato,PCAARRD ISP – Sweetpotato Industry Profile,https://ispweb.pcaarrd.dost.gov.ph/sweetpotato/,DOST-PCAARRD,PSA – Crops Production Survey (national & regional crop statistics),https://psa.gov.ph/crops-production-survey
69.9,48,53.6,23.26,60.64,6.45,34.94,Loam,garlic,PCAARRD ISP – Vegetables Industry Profile (garlic),https://ispweb.pcaarrd.dost.gov.ph/vegetables/,DOST-PCAARRD,PSA – Crops Production Survey (national & regional crop statistics),https://psa.gov.ph/crops-production-survey
45.9,28.4,75.9,25.73,65.96,6.24,122.45,Sandy Loam,sweet_potato,PCAARRD ISP – Sweetpotato Industry Profile,https://ispweb.pcaarrd.dost.gov.ph/sweetpotato/,DOST-PCAARRD,PSA – Crops Production Survey (national & regional crop statistics),https://psa.gov.ph/crops-production-survey
37,35,70,24.45,63.24,6.53,81.77,Loam,sweet_potato,PCAARRD ISP – Sweetpotato Industry Profile,https://ispweb.pcaarrd.dost.gov.ph/sweetpotato/,DOST-PCAARRD,PSA – Crops Production Survey (national & regional crop statistics),https://psa.gov.ph/crops-production-survey
85.4,41,47.4,21.08,56.62,6.42,45.81,Sandy Loam,garlic,PCAARRD ISP – Vegetables Industry Profile (garlic),https://ispweb.pcaarrd.dost.gov.ph/vegetables/,DOST-PCAARRD,PSA – Crops Production Survey (national & regional crop statistics),https://psa.gov.ph/crops-production-survey
18.4,12.9,26,25.26,89.98,6.94,185.68,Sandy,coconut,PCAARRD ISP – Coconut Industry Profile,https://ispweb.pcaarrd.dost.gov.ph/isp-commodities/coconut/,DOST-PCAARRD,PSA – Crops Production Survey (national & regional crop statistics),https://psa.gov.ph/crops-production-survey
112.5,43,51.2,32.42,79.01,5.91,201.63,Clay Loam,sugarcane,PCAARRD ISP – Sugarcane Industry Profile,https://ispweb.pcaarrd.dost.gov.ph/sugarcane/,DOST-PCAARRD,PSA – Crops Production Survey (national & regional crop statistics),https://psa.gov.ph/crops-production-survey
39.7,23.3,61.8,25.01,71.99,5.51,145.18,Volcanic Loam,pineapple,PCAARRD ISP – Queen Pineapple Industry Profile,https://ispweb.pcaarrd.dost.gov.ph/queen-pineapple/,DOST-PCAARRD,PSA – Crops Production Survey (national & regional crop statistics),https://psa.gov.ph/crops-production-survey
80.3,30.5,77.5,31.38,92.99,5.04,272.06,Volcanic Loam,abaca,PCAARRD ISP – Abaca Industry Profile,https://ispweb.pcaarrd.dost.gov.ph/isp-commodities/abaca/,DOST-PCAARRD,PSA – Crops Production Survey (national & regional crop statistics),https://psa.gov.ph/crops-production-survey
104.2,57.7,46.2,33.95,76.09,6.22,139.75,Clay Loam,sugarcane,PCAARRD ISP – Sugarcane Industry Profile,https://ispweb.pcaarrd.dost.gov.ph/sugarcane/,DOST-PCAARRD,PSA – Crops Production Survey (national & regional crop statistics),https://psa.gov.ph/crops-production-survey
15.6,45.9,23,26.04,66.27,6.82,46.63,Loam,mungbean,PCAARRD ISP – Legumes Industry Profile,https://ispweb.pcaarrd.dost.gov.ph/legumes/,DOST-PCAARRD,PSA – Crops Production Survey (national & regional crop statistics),https://psa.gov.ph/crops-production-survey
92.3,29.2,25.9,22.79,58.7,5.81,223.24,Clay Loam,coffee,PCAARRD ISP – Coffee Industry Profile,https://ispweb.pcaarrd.dost.gov.ph/isp-commodities/coffee/,DOST-PCAARRD,PSA – Crops Production Survey (national & regional crop statistics),https://psa.gov.ph/crops-production-survey
50,26.9,77.2,28.77,64.7,4.91,120.78,Sandy Loam,pineapple,PCAARRD ISP – Queen Pineapple Industry Profile,https://ispweb.pcaarrd.dost.gov.ph/queen-pineapple/,DOST-PCAARRD,PSA – Crops Production Survey (national & regional crop statistics),https://psa.gov.ph/crops-production-survey
94.9,52.2,44.3,24.68,87.31,5.76,259.02,Silty Clay Loam,rice,PCAARRD ISP – Rice Industry Profile,https://ispweb.pcaarrd.dost.gov.ph/isp-commodities/rice/,DOST-PCAARRD,PSA – Crops Production Survey (national & regional crop statistics),https://psa.gov.ph/crops-production-survey
47.4,39.4,60.2,27.17,61.54,6.37,68.48,Loam,sweet_potato,PCAARRD ISP – Sweetpotato Industry Profile,https://ispweb.pcaarrd.dost.gov.ph/sweetpotato/,DOST-PCAARRD,PSA – Crops Production Survey (national & regional crop statistics),https://psa.gov.ph/crops-production-survey
73.5,47,58.7,20.7,57.56,6.21,56,Loam,garlic,PCAARRD ISP – Vegetables Industry Profile (garlic),https://ispweb.pcaarrd.dost.gov.ph/vegetables/,DOST-PCAARRD,PSA – Crops Production Survey (national & regional crop statistics),https://psa.gov.ph/crops-production-survey
83.8,46.9,43.7,21.22,58.02,6.99,48.38,Loam,onion,PCAARRD ISP – Vegetables Industry Profile (onion),https://ispweb.pcaarrd.dost.gov.ph/vegetables/,DOST-PCAARRD,PSA – Crops Production Survey (national & regional crop statistics),https://psa.gov.ph/crops-production-survey
56.2,35.7,63.3,25.8,57.63,6.42,56.02,Sandy Loam,tobacco,Department of Agriculture – Official Portal,https://www.da.gov.ph/,Department of Agriculture,PSA – Crops Production Survey (national & regional crop statistics),https://psa.gov.ph/crops-production-survey
39.4,32.9,78.4,24.93,67.38,5.72,69.97,Loam,sweet_potato,PCAARRD ISP – Sweetpotato Industry Profile,https://ispweb.pcaarrd.dost.gov.ph/sweetpotato/,DOST-PCAARRD,PSA – Crops Production Survey (national & regional crop statistics),https://psa.gov.ph/crops-production-survey
57,20.9,88.9,30.94,71.02,6.61,88.14,Sandy Loam,cassava,Department of Agriculture – Official Portal,https://www.da.gov.ph/,Department of Agriculture,PSA – Crops Production Survey (national & regional crop statistics),https://psa.gov.ph/crops-production-survey
54.1,34.2,39.3,28.17,66.15,6.3,65.77,Sandy Loam,okra,PCAARRD ISP – Vegetables Industry Profile,https://ispweb.pcaarrd.dost.gov.ph/vegetables/,DOST-PCAARRD,PSA – Crops Production Survey (national & regional crop statistics),https://psa.gov.ph/crops-production-survey
131.8,58.4,44.1,27.04,72.83,6.6,175.04,Clay Loam,sugarcane,PCAARRD ISP – Sugarcane Industry Profile,https://ispweb.pcaarrd.dost.gov.ph/sugarcane/,DOST-PCAARRD,PSA – Crops Production Survey (national & regional crop statistics),https://psa.gov.ph/crops-production-survey
22.9,15.5,20.3,28.85,83.43,6.1,126.28,Loam,calamansi,Department of Agriculture – Official Portal,https://www.da.gov.ph/,Department of Agriculture,PSA – Crops Production Survey (national & regional crop statistics),https://psa.gov.ph/crops-production-survey
60.5,47.5,49.1,30.23,73.04,5.69,190.74,Sandy Loam,papaya,Department of Agriculture – Official Portal,https://www.da.gov.ph/,Department of Agriculture,PSA – Crops Production Survey (national & regional crop statistics),https://psa.gov.ph/crops-production-survey
52.9,26,89.7,22.75,68.83,5.56,62.17,Loam,tobacco,Department of Agriculture – Official Portal,https://www.da.gov.ph/,Department of Agriculture,PSA – Crops Production Survey (national & regional crop statistics),https://psa.gov.ph/crops-production-survey
35.3,15.9,29.3,31.02,76.21,5.3,240.54,Volcanic Loam,rubber,PCAARRD ISP – Rubber Industry Profile,https://ispweb.pcaarrd.dost.gov.ph/isp-commodities/rubber/,DOST-PCAARRD,PSA – Crops Production Survey (national & regional crop statistics),https://psa.gov.ph/crops-production-survey
62.2,52.1,54.8,24.06,68.09,6.14,107.4,Clay Loam,eggplant,PCAARRD ISP – Vegetables Industry Profile,https://ispweb.pcaarrd.dost.gov.ph/vegetables/,DOST-PCAARRD,PSA – Crops Production Survey (national & regional crop statistics),https://psa.gov.ph/crops-production-survey
21.8,32,20,29.06,70.36,6.4,81.5,Loam,mungbean,PCAARRD ISP – Legumes Industry Profile,https://ispweb.pcaarrd.dost.gov.ph/legumes/,DOST-PCAARRD,PSA – Crops Production Survey (national & regional crop statistics),https://psa.gov.ph/crops-production-survey
91.4,44.4,85,21.27,64.5,6.67,70.58,Sandy Loam,tomato,PCAARRD ISP – Vegetables Industry Profile,https://ispweb.pcaarrd.dost.gov.ph/vegetables/,DOST-PCAARRD,PSA – Crops Production Survey (national & regional crop statistics),https://psa.gov.ph/crops-production-survey
47.1,43.1,30.8,29.69,75.29,6.2,107.27,Clay Loam,ampalaya,PCAARRD ISP – Vegetables Industry Profile,https://ispweb.pcaarrd.dost.gov.ph/vegetables/,DOST-PCAARRD,PSA – Crops Production Survey (national & regional crop statistics),https://psa.gov.ph/crops-production-survey
73.9,40.3,72.2,25.3,86.81,4.93,280.01,Loam,abaca,PCAARRD ISP – Abaca Industry Profile,https://ispweb.pcaarrd.dost.gov.ph/isp-commodities/abaca/,DOST-PCAARRD,PSA – Crops Production Survey (national & regional crop statistics),https://psa.gov.ph/crops-production-survey
43.5,33.1,47.3,25.86,67.58,5.95,66.71,Loam,okra,PCAARRD ISP – Vegetables Industry Profile,https://ispweb.pcaarrd.dost.gov.ph/vegetables/,DOST-PCAARRD,PSA – Crops Production Survey (national & regional crop statistics),https://psa.gov.ph/crops-production-survey
73.5,37.8,65.8,27.84,88.32,5.01,278.9,Clay Loam,abaca,PCAARRD ISP – Abaca Industry Profile,https://ispweb.pcaarrd.dost.gov.ph/isp-commodities/abaca/,DOST-PCAARRD,PSA – Crops Production Survey (national & regional crop statistics),https://psa.gov.ph/crops-production-survey
57.7,38.9,42.7,27.32,67.65,6.32,101.55,Clay Loam,ampalaya,PCAARRD ISP – Vegetables Industry Profile,https://ispweb.pcaarrd.dost.gov.ph/vegetables/,DOST-PCAARRD,PSA – Crops Production Survey (national & regional crop statistics),https://psa.gov.ph/crops-production-survey
106.1,22.6,32.7,22.18,71.86,6.2,177.98,Clay Loam,coffee,PCAARRD ISP – Coffee Industry Profile,https://ispweb.pcaarrd.dost.gov.ph/isp-commodities/coffee/,DOST-PCAARRD,PSA – Crops Production Survey (national & regional crop statistics),https://psa.gov.ph/crops-production-survey
25.7,48,42.3,29.35,67.71,6.36,97.51,Sandy Loam,peanut,PCAARRD ISP – Legumes Industry Profile,https://ispweb.pcaarrd.dost.gov.ph/legumes/,DOST-PCAARRD,PSA – Crops Production Survey (national & regional crop statistics),https://psa.gov.ph/crops-production-survey
122.4,57.3,59.3,34.46,79.78,7.05,161.05,Sandy Loam,sugarcane,PCAARRD ISP – Sugarcane Industry Profile,https://ispweb.pcaarrd.dost.gov.ph/sugarcane/,DOST-PCAARRD,PSA – Crops Production Survey (national & regional crop statistics),https://psa.gov.ph/crops-production-survey
16.4,16.2,18.6,29.9,73.73,5.49,154.11,Loam,calamansi,Department of Agriculture – Official Portal,https://www.da.gov.ph/,Department of Agriculture,PSA – Crops Production Survey (national & regional crop statistics),https://psa.gov.ph/crops-production-survey
45.5,29.3,86.8,26.2,71.1,5.81,140.08,Sandy,cassava,Department of Agriculture – Official Portal,https://www.da.gov.ph/,Department of Agriculture,PSA – Crops Production Survey (national & regional crop statistics),https://psa.gov.ph/crops-production-survey
84.9,60.2,57.6,25.78,77.71,6.66,115.21,Loam,eggplant,PCAARRD ISP – Vegetables Industry Profile,https://ispweb.pcaarrd.dost.gov.ph/vegetables/,DOST-PCAARRD,PSA – Crops Production Survey (national & regional crop statistics),https://psa.gov.ph/crops-production-survey
40.4,57.9,49.1,26.86,89.48,6.37,120.36,Sandy Loam,papaya,Department of Agriculture – Official Portal,https://www.da.gov.ph/,Department of Agriculture,PSA – Crops Production Survey (national & regional crop statistics),https://psa.gov.ph/crops-production-survey
33.9,22.3,24.4,31.78,76.4,5.33,247.3,Clay Loam,rubber,PCAARRD ISP – Rubber Industry Profile,https://ispweb.pcaarrd.dost.gov.ph/isp-commodities/rubber/,DOST-PCAARRD,PSA – Crops Production Survey (national & regional crop statistics),https://psa.gov.ph/crops-production-survey
59.7,46,35.5,30.25,75.13,6.44,62.43,Sandy Loam,okra,PCAARRD ISP – Vegetables Industry Profile,https://ispweb.pcaarrd.dost.gov.ph/vegetables/,DOST-PCAARRD,PSA – Crops Production Survey (national & regional crop statistics),https://psa.gov.ph/crops-production-survey
17.7,14.3,28.8,25.79,83.94,6.57,137.11,Sandy,coconut,PCAARRD ISP – Coconut Industry Profile,https://ispweb.pcaarrd.dost.gov.ph/isp-commodities/coconut/,DOST-PCAARRD,PSA – Crops Production Survey (national & regional crop statistics),https://psa.gov.ph/crops-production-survey
17.9,11.6,31,28.61,87.57,5.03,168.5,Sandy Loam,coconut,PCAARRD ISP – Coconut Industry Profile,https://ispweb.pcaarrd.dost.gov.ph/isp-commodities/coconut/,DOST-PCAARRD,PSA – Crops Production Survey (national & regional crop statistics),https://psa.gov.ph/crops-production-survey
51.5,37.5,70.6,25.4,65.55,5.92,43.64,Sandy Loam,tobacco,Department of Agriculture – Official Portal,https://www.da.gov.ph/,Department of Agriculture,PSA – Crops Production Survey (national & regional crop statistics),https://psa.gov.ph/crops-production-survey
97.7,49.6,22.6,30.19,70.68,6.7,77.71,Sandy Loam,corn,DA – Philippine Yellow Corn Industry Roadmap,https://www.da.gov.ph/wp-content/uploads/2023/05/Philippine-Yellow-Corn-Industry-Roadmap.pdf,Department of Agriculture,PSA – Crops Production Survey (national & regional crop statistics),https://psa.gov.ph/crops-production-survey
103.2,20.5,29.4,24.13,63.46,5.47,157.64,Volcanic Loam,coffee,PCAARRD ISP – Coffee Industry Profile,https://ispweb.pcaarrd.dost.gov.ph/isp-commodities/coffee/,DOST-PCAARRD,PSA – Crops Production Survey (national & regional crop statistics),https://psa.gov.ph/crops-production-survey
84.1,60.5,44.3,26.28,76.75,6.19,59.27,Loam,eggplant,PCAARRD ISP – Vegetables Industry Profile,https://ispweb.pcaarrd.dost.gov.ph/vegetables/,DOST-PCAARRD,PSA – Crops Production Survey (national & regional crop statistics),https://psa.gov.ph/crops-production-survey
19.6,6.3,26.8,24.92,83.01,5.74,160.06,Volcanic Loam,coconut,PCAARRD ISP – Coconut Industry Profile,https://ispweb.pcaarrd.dost.gov.ph/isp-commodities/coconut/,DOST-PCAARRD,PSA – Crops Production Survey (national & regional crop statistics),https://psa.gov.ph/crops-production-survey
101.5,32.4,29.2,22.47,62.34,4.96,218.57,Volcanic Loam,coffee,PCAARRD ISP – Coffee Industry Profile,https://ispweb.pcaarrd.dost.gov.ph/isp-commodities/coffee/,DOST-PCAARRD,PSA – Crops Production Survey (national & regional crop statistics),https://psa.gov.ph/crops-production-survey
17.5,14.6,19.4,28.89,77.31,5.63,170.31,Sandy Loam,calamansi,Department of Agriculture – Official Portal,https://www.da.gov.ph/,Department of Agriculture,PSA – Crops Production Survey (national & regional crop statistics),https://psa.gov.ph/crops-production-survey
104.5,25.4,28.3,26.19,76.04,5.91,214.56,Clay Loam,coffee,PCAARRD ISP – Coffee Industry Profile,https://ispweb.pcaarrd.dost.gov.ph/isp-commodities/coffee/,DOST-PCAARRD,PSA – Crops Production Survey (national & regional crop statistics),https://psa.gov.ph/crops-production-survey
52,15.3,79.5,28.62,77.15,4.77,98.05,Clay Loam,pineapple,PCAARRD ISP – Queen Pineapple Industry Profile,https://ispweb.pcaarrd.dost.gov.ph/queen-pineapple/,DOST-PCAARRD,PSA – Crops Production Survey (national & regional crop statistics),https://psa.gov.ph/crops-production-survey
89.1,49.4,46.2,31.36,89.87,6.79,207.78,Loam,cacao,PCAARRD ISP – Cacao Industry Profile,https://ispweb.pcaarrd.dost.gov.ph/isp-commodities/cacao/,DOST-PCAARRD,PSA – Crops Production Survey (national & regional crop statistics),https://psa.gov.ph/crops-production-survey
50.4,34.2,61.4,22.58,61.89,6.71,74.35,Sandy Loam,sweet_potato,PCAARRD ISP – Sweetpotato Industry Profile,https://ispweb.pcaarrd.dost.gov.ph/sweetpotato/,DOST-PCAARRD,PSA – Crops Production Survey (national & regional crop statistics),https://psa.gov.ph/crops-production-survey
131.7,40.9,55.1,34.76,76.11,7.09,109.53,Sandy Loam,sugarcane,PCAARRD ISP – Sugarcane Industry Profile,https://ispweb.pcaarrd.dost.gov.ph/sugarcane/,DOST-PCAARRD,PSA – Crops Production Survey (national & regional crop statistics),https://psa.gov.ph/crops-production-survey
90.7,56,21.1,27.96,63.64,5.69,101.24,Loam,corn,DA – Philippine Yellow Corn Industry Roadmap,https://www.da.gov.ph/wp-content/uploads/2023/05/Philippine-Yellow-Corn-Industry-Roadmap.pdf,Department of Agriculture,PSA – Crops Production Survey (national & regional crop statistics),https://psa.gov.ph/crops-production-survey
120.3,44.4,40.5,23.79,85.43,6,256.03,Clay,rice,PCAARRD ISP – Rice Industry Profile,https://ispweb.pcaarrd.dost.gov.ph/isp-commodities/rice/,DOST-PCAARRD,PSA – Crops Production Survey (national & regional crop statistics),https://psa.gov.ph/crops-production-survey
19.4,45.1,46.2,26.97,55.36,5.67,60.34,Sandy,peanut,PCAARRD ISP – Legumes Industry Profile,https://ispweb.pcaarrd.dost.gov.ph/legumes/,DOST-PCAARRD,PSA – Crops Production Survey (national & regional crop statistics),https://psa.gov.ph/crops-production-survey
16.3,21.2,30.3,31.15,67.41,6.35,90.31,Clay Loam,mango,PCAARRD ISP – Mango Industry Profile,https://ispweb.pcaarrd.dost.gov.ph/isp-commodities/mango/,DOST-PCAARRD,PSA – Crops Production Survey (national & regional crop statistics),https://psa.gov.ph/crops-production-survey
19.5,8.8,27.9,31.69,93.8,5.11,132.89,Sandy,coconut,PCAARRD ISP – Coconut Industry Profile,https://ispweb.pcaarrd.dost.gov.ph/isp-commodities/coconut/,DOST-PCAARRD,PSA – Crops Production Survey (national & regional crop statistics),https://psa.gov.ph/crops-production-survey
44.4,35.2,61.6,27.46,62.31,6.31,84.15,Sandy Loam,tobacco,Department of Agriculture – Official Portal,https://www.da.gov.ph/,Department of Agriculture,PSA – Crops Production Survey (national & regional crop statistics),https://psa.gov.ph/crops-production-survey
75.8,55.9,67.3,24.79,64.7,6.75,76.53,Loam,tomato,PCAARRD ISP – Vegetables Industry Profile,https://ispweb.pcaarrd.dost.gov.ph/vegetables/,DOST-PCAARRD,PSA – Crops Production Survey (national & regional crop statistics),https://psa.gov.ph/crops-production-survey
89,43.9,44.7,20.98,55.52,6.78,51.09,Loam,onion,PCAARRD ISP – Vegetables Industry Profile (onion),https://ispweb.pcaarrd.dost.gov.ph/vegetables/,DOST-PCAARRD,PSA – Crops Production Survey (national & regional crop statistics),https://psa.gov.ph/crops-production-survey
96.8,25.9,34.3,20.02,75.28,5.61,191.21,Volcanic Loam,coffee,PCAARRD ISP – Coffee Industry Profile,https://ispweb.pcaarrd.dost.gov.ph/isp-commodities/coffee/,DOST-PCAARRD,PSA – Crops Production Survey (national & regional crop statistics),https://psa.gov.ph/crops-production-survey
18.1,47.9,24.6,29.7,75.69,6,48.81,Loam,mungbean,PCAARRD ISP – Legumes Industry Profile,https://ispweb.pcaarrd.dost.gov.ph/legumes/,DOST-PCAARRD,PSA – Crops Production Survey (national & regional crop statistics),https://psa.gov.ph/crops-production-survey
22.4,33.9,21.9,27.88,74.1,6.77,47.54,Sandy Loam,mungbean,PCAARRD ISP – Legumes Industry Profile,https://ispweb.pcaarrd.dost.gov.ph/legumes/,DOST-PCAARRD,PSA – Crops Production Survey (national & regional crop statistics),https://psa.gov.ph/crops-production-survey
81.3,47.8,44.8,21.35,61.01,6.73,67.34,Sandy Loam,onion,PCAARRD ISP – Vegetables Industry Profile (onion),https://ispweb.pcaarrd.dost.gov.ph/vegetables/,DOST-PCAARRD,PSA – Crops Production Survey (national & regional crop statistics),https://psa.gov.ph/crops-production-survey
19.3,41.2,46.3,29.68,70.22,5.96,58.33,Sandy Loam,peanut,PCAARRD ISP – Legumes Industry Profile,https://ispweb.pcaarrd.dost.gov.ph/legumes/,DOST-PCAARRD,PSA – Crops Production Survey (national & regional crop statistics),https://psa.gov.ph/crops-production-survey
88.6,58.2,49.2,26.03,65.84,6.42,92.53,Loam,eggplant,PCAARRD ISP – Vegetables Industry Profile,https://ispweb.pcaarrd.dost.gov.ph/vegetables/,DOST-PCAARRD,PSA – Crops Production Survey (national & regional crop statistics),https://psa.gov.ph/crops-production-survey
81.2,34.7,53.8,25.33,84.72,6.48,241.43,Clay Loam,cacao,PCAARRD ISP – Cacao Industry Profile,https://ispweb.pcaarrd.dost.gov.ph/isp-commodities/cacao/,DOST-PCAARRD,PSA – Crops Production Survey (national & regional crop statistics),https://psa.gov.ph/crops-production-survey
18.5,50.3,30.1,29.17,71.08,6.27,72.17,Loam,mungbean,PCAARRD ISP – Legumes Industry Profile,https://ispweb.pcaarrd.dost.gov.ph/legumes/,DOST-PCAARRD,PSA – Crops Production Survey (national & regional crop statistics),https://psa.gov.ph/crops-production-survey
53.9,47.4,47.1,31.69,78.1,6.62,104.87,Clay Loam,papaya,Department of Agriculture – Official Portal,https://www.da.gov.ph/,Department of Agriculture,PSA – Crops Production Survey (national & regional crop statistics),https://psa.gov.ph/crops-production-survey
56.6,62.6,48.8,26.9,81.08,6.07,176.19,Loam,papaya,Department of Agriculture – Official Portal,https://www.da.gov.ph/,Department of Agriculture,PSA – Crops Production Survey (national & regional crop statistics),https://psa.gov.ph/crops-production-survey
19,37.6,38.5,29.16,65.68,5.62,65.63,Sandy Loam,peanut,PCAARRD ISP – Legumes Industry Profile,https://ispweb.pcaarrd.dost.gov.ph/legumes/,DOST-PCAARRD,PSA – Crops Production Survey (national & regional crop statistics),https://psa.gov.ph/crops-production-survey
84.8,40.6,47.9,27.06,82.72,6.46,200.03,Loam,cacao,PCAARRD ISP – Cacao Industry Profile,https://ispweb.pcaarrd.dost.gov.ph/isp-commodities/cacao/,DOST-PCAARRD,PSA – Crops Production Survey (national & regional crop statistics),https://psa.gov.ph/crops-production-survey
55.8,44.3,34.5,31.41,64.52,6.06,74.79,Loam,okra,PCAARRD ISP – Vegetables Industry Profile,https://ispweb.pcaarrd.dost.gov.ph/vegetables/,DOST-PCAARRD,PSA – Crops Production Survey (national & regional crop statistics),https://psa.gov.ph/crops-production-survey
68.3,46.6,55.1,23.12,66.93,5.69,64.85,Loam,eggplant,PCAARRD ISP – Vegetables Industry Profile,https://ispweb.pcaarrd.dost.gov.ph/vegetables/,DOST-PCAARRD,PSA – Crops Production Survey (national & regional crop statistics),https://psa.gov.ph/crops-production-survey
99.9,16,27.7,22.36,72.4,6.18,215.71,Volcanic Loam,coffee,PCAARRD ISP – Coffee Industry Profile,https://ispweb.pcaarrd.dost.gov.ph/isp-commodities/coffee/,DOST-PCAARRD,PSA – Crops Production Survey (national & regional crop statistics),https://psa.gov.ph/crops-production-survey
53.7,41.3,30.7,25.67,65.86,6.34,95.96,Loam,ampalaya,PCAARRD ISP – Vegetables Industry Profile,https://ispweb.pcaarrd.dost.gov.ph/vegetables/,DOST-PCAARRD,PSA – Crops Production Survey (national & regional crop statistics),https://psa.gov.ph/crops-production-survey
59.9,30.2,76.9,28.2,63,5.7,77.67,Sandy Loam,tobacco,Department of Agriculture – Official Portal,https://www.da.gov.ph/,Department of Agriculture,PSA – Crops Production Survey (national & regional crop statistics),https://psa.gov.ph/crops-production-survey
52,43.3,33.3,28.23,72.01,6.03,84.88,Loam,ampalaya,PCAARRD ISP – Vegetables Industry Profile,https://ispweb.pcaarrd.dost.gov.ph/vegetables/,DOST-PCAARRD,PSA – Crops Production Survey (national & regional crop statistics),https://psa.gov.ph/crops-production-survey
77,41.1,57.3,29.3,78.34,6.47,251.81,Clay Loam,cacao,PCAARRD ISP – Cacao Industry Profile,https://ispweb.pcaarrd.dost.gov.ph/isp-commodities/cacao/,DOST-PCAARRD,PSA – Crops Production Survey (national & regional crop statistics),https://psa.gov.ph/crops-production-survey
114.9,58.8,50.6,25.69,77.28,6.19,110.86,Clay Loam,sugarcane,PCAARRD ISP – Sugarcane Industry Profile,https://ispweb.pcaarrd.dost.gov.ph/sugarcane/,DOST-PCAARRD,PSA – Crops Production Survey (national & regional crop statistics),https://psa.gov.ph/crops-production-survey
51.8,44.6,33,30.82,70.74,6.75,65.25,Loam,okra,PCAARRD ISP – Vegetables Industry Profile,https://ispweb.pcaarrd.dost.gov.ph/vegetables/,DOST-PCAARRD,PSA – Crops Production Survey (national & regional crop statistics),https://psa.gov.ph/crops-production-survey
56.6,47.6,46.7,28.33,79.27,6.1,90.01,Loam,ampalaya,PCAARRD ISP – Vegetables Industry Profile,https://ispweb.pcaarrd.dost.gov.ph/vegetables/,DOST-PCAARRD,PSA – Crops Production Survey (national & regional crop statistics),https://psa.gov.ph/crops-production-survey
46.4,33.3,87,26.81,65.93,5.68,72.75,Sandy Loam,sweet_potato,PCAARRD ISP – Sweetpotato Industry Profile,https://ispweb.pcaarrd.dost.gov.ph/sweetpotato/,DOST-PCAARRD,PSA – Crops Production Survey (national & regional crop statistics),https://psa.gov.ph/crops-production-survey
16.9,16.2,25.8,26.68,62.58,6.8,64.07,Loam,mango,PCAARRD ISP – Mango Industry Profile,https://ispweb.pcaarrd.dost.gov.ph/isp-commodities/mango/,DOST-PCAARRD,PSA – Crops Production Survey (national & regional crop statistics),https://psa.gov.ph/crops-production-survey
15.2,20.7,25,31.65,62.34,6.95,66.76,Sandy Loam,mango,PCAARRD ISP – Mango Industry Profile,https://ispweb.pcaarrd.dost.gov.ph/isp-commodities/mango/,DOST-PCAARRD,PSA – Crops Production Survey (national & regional crop statistics),https://psa.gov.ph/crops-production-survey
86.6,48.3,81.2,26.52,74.03,5.91,51.67,Sandy Loam,tomato,PCAARRD ISP – Vegetables Industry Profile,https://ispweb.pcaarrd.dost.gov.ph/vegetables/,DOST-PCAARRD,PSA – Crops Production Survey (national & regional crop statistics),https://psa.gov.ph/crops-production-survey
46.1,27.1,80.9,24.15,71.43,6.42,95.17,Sandy Loam,sweet_potato,PCAARRD ISP – Sweetpotato Industry Profile,https://ispweb.pcaarrd.dost.gov.ph/sweetpotato/,DOST-PCAARRD,PSA – Crops Production Survey (national & regional crop statistics),https://psa.gov.ph/crops-production-survey
54.6,35.3,46.8,24.44,66.92,6.05,97.82,Loam,okra,PCAARRD ISP – Vegetables Industry Profile,https://ispweb.pcaarrd.dost.gov.ph/vegetables/,DOST-PCAARRD,PSA – Crops Production Survey (national & regional crop statistics),https://psa.gov.ph/crops-production-survey
50.9,44.4,51.6,28.89,79.75,6.42,180.52,Sandy Loam,papaya,Department of Agriculture – Official Portal,https://www.da.gov.ph/,Department of Agriculture,PSA – Crops Production Survey (national & regional crop statistics),https://psa.gov.ph/crops-production-survey
43.3,15.5,69.7,24.55,74.17,4.87,90.94,Volcanic Loam,pineapple,PCAARRD ISP – Queen Pineapple Industry Profile,https://ispweb.pcaarrd.dost.gov.ph/queen-pineapple/,DOST-PCAARRD,PSA – Crops Production Survey (national & regional crop statistics),https://psa.gov.ph/crops-production-survey
87.4,34.3,52.6,28.97,77.63,6.83,252.85,Clay Loam,cacao,PCAARRD ISP – Cacao Industry Profile,https://ispweb.pcaarrd.dost.gov.ph/isp-commodities/cacao/,DOST-PCAARRD,PSA – Crops Production Survey (national & regional crop statistics),https://psa.gov.ph/crops-production-survey
56.7,25.3,81.9,28.67,60.86,6.16,61.42,Loam,tobacco,Department of Agriculture – Official Portal,https://www.da.gov.ph/,Department of Agriculture,PSA – Crops Production Survey (national & regional crop statistics),https://psa.gov.ph/crops-production-survey
83.1,34.8,63.9,29.75,93.5,5.86,232.41,Volcanic Loam,abaca,PCAARRD ISP – Abaca Industry Profile,https://ispweb.pcaarrd.dost.gov.ph/isp-commodities/abaca/,DOST-PCAARRD,PSA – Crops Production Survey (national & regional crop statistics),https://psa.gov.ph/crops-production-survey
87.3,52,23.8,25.39,74.27,6.73,70.9,Loam,corn,DA – Philippine Yellow Corn Industry Roadmap,https://www.da.gov.ph/wp-content/uploads/2023/05/Philippine-Yellow-Corn-Industry-Roadmap.pdf,Department of Agriculture,PSA – Crops Production Survey (national & regional crop statistics),https://psa.gov.ph/crops-production-survey
66.4,30.9,42.1,24.14,60.49,6.02,59.56,Sandy Loam,onion,PCAARRD ISP – Vegetables Industry Profile (onion),https://ispweb.pcaarrd.dost.gov.ph/vegetables/,DOST-PCAARRD,PSA – Crops Production Survey (national & regional crop statistics),https://psa.gov.ph/crops-production-survey
30.3,39.5,88.5,25.63,65.6,6.28,116.67,Sandy Loam,sweet_potato,PCAARRD ISP – Sweetpotato Industry Profile,https://ispweb.pcaarrd.dost.gov.ph/sweetpotato/,DOST-PCAARRD,PSA – Crops Production Survey (national & regional crop statistics),https://psa.gov.ph/crops-production-survey
52.3,24.4,62.4,25.52,61.22,5.58,88.47,Loam,tobacco,Department of Agriculture – Official Portal,https://www.da.gov.ph/,Department of Agriculture,PSA – Crops Production Survey (national & regional crop statistics),https://psa.gov.ph/crops-production-survey
100.5,71.7,49.8,25.63,87.51,5.74,144.44,Loam,banana,PCAARRD ISP – Banana Industry Profile,https://ispweb.pcaarrd.dost.gov.ph/isp-commodities/banana/,DOST-PCAARRD,PSA – Crops Production Survey (national & regional crop statistics),https://psa.gov.ph/crops-production-survey
48.5,29.7,82.3,27.51,64.87,6.73,93.86,Sandy Loam,sweet_potato,PCAARRD ISP – Sweetpotato Industry Profile,https://ispweb.pcaarrd.dost.gov.ph/sweetpotato/,DOST-PCAARRD,PSA – Crops Production Survey (national & regional crop statistics),https://psa.gov.ph/crops-production-survey
62.6,49.8,51,28.49,78.75,6.68,110.91,Loam,eggplant,PCAARRD ISP – Vegetables Industry Profile,https://ispweb.pcaarrd.dost.gov.ph/vegetables/,DOST-PCAARRD,PSA – Crops Production Survey (national & regional crop statistics),https://psa.gov.ph/crops-production-survey
83.8,41.7,54.4,23.79,66.15,6.17,47.92,Loam,garlic,PCAARRD ISP – Vegetables Industry Profile (garlic),https://ispweb.pcaarrd.dost.gov.ph/vegetables/,DOST-PCAARRD,PSA – Crops Production Survey (national & regional crop statistics),https://psa.gov.ph/crops-production-survey
15.5,9,33.9,27.09,80.39,6.05,226.74,Sandy Loam,coconut,PCAARRD ISP – Coconut Industry Profile,https://ispweb.pcaarrd.dost.gov.ph/isp-commodities/coconut/,DOST-PCAARRD,PSA – Crops Production Survey (national & regional crop statistics),https://psa.gov.ph/crops-production-survey
23.5,11.5,22.7,29.52,74.61,5.64,127.69,Loam,calamansi,Department of Agriculture – Official Portal,https://www.da.gov.ph/,Department of Agriculture,PSA – Crops Production Survey (national & regional crop statistics),https://psa.gov.ph/crops-production-survey
65.5,32.3,44.9,24.86,85.56,6.39,203.8,Clay Loam,cacao,PCAARRD ISP – Cacao Industry Profile,https://ispweb.pcaarrd.dost.gov.ph/isp-commodities/cacao/,DOST-PCAARRD,PSA – Crops Production Survey (national & regional crop statistics),https://psa.gov.ph/crops-production-survey
48.2,39.4,81,30.81,54.17,6.57,93.12,Loam,cassava,Department of Agriculture – Official Portal,https://www.da.gov.ph/,Department of Agriculture,PSA – Crops Production Survey (national & regional crop statistics),https://psa.gov.ph/crops-production-survey
46.7,44.1,48.1,24.46,86,6.38,142.19,Sandy Loam,papaya,Department of Agriculture – Official Portal,https://www.da.gov.ph/,Department of Agriculture,PSA – Crops Production Survey (national & regional crop statistics),https://psa.gov.ph/crops-production-survey
25.2,39.9,22.1,29.3,74.57,6.06,75.2,Loam,mungbean,PCAARRD ISP – Legumes Industry Profile,https://ispweb.pcaarrd.dost.gov.ph/legumes/,DOST-PCAARRD,PSA – Crops Production Survey (national & regional crop statistics),https://psa.gov.ph/crops-production-survey
74.6,49.7,50.3,25.82,74.53,5.76,113.21,Loam,eggplant,PCAARRD ISP – Vegetables Industry Profile,https://ispweb.pcaarrd.dost.gov.ph/vegetables/,DOST-PCAARRD,PSA – Crops Production Survey (national & regional crop statistics),https://psa.gov.ph/crops-production-survey
49.3,39.6,61.4,27.04,75.84,6.02,116.06,Loam,sweet_potato,PCAARRD ISP – Sweetpotato Industry Profile,https://ispweb.pcaarrd.dost.gov.ph/sweetpotato/,DOST-PCAARRD,PSA – Crops Production Survey (national & regional crop statistics),https://psa.gov.ph/crops-production-survey
25.4,23.5,30.5,28.2,83.6,5.94,156.21,Clay Loam,rubber,PCAARRD ISP – Rubber Industry Profile,https://ispweb.pcaarrd.dost.gov.ph/isp-commodities/rubber/,DOST-PCAARRD,PSA – Crops Production Survey (national & regional crop statistics),https://psa.gov.ph/crops-production-survey
77.6,47.3,88.9,21.94,60.9,5.57,76.81,Sandy Loam,tomato,PCAARRD ISP – Vegetables Industry Profile,https://ispweb.pcaarrd.dost.gov.ph/vegetables/,DOST-PCAARRD,PSA – Crops Production Survey (national & regional crop statistics),https://psa.gov.ph/crops-production-survey
36.1,19,30.9,28.16,86.72,5.61,219.38,Volcanic Loam,rubber,PCAARRD ISP – Rubber Industry Profile,https://ispweb.pcaarrd.dost.gov.ph/isp-commodities/rubber/,DOST-PCAARRD,PSA – Crops Production Survey (national & regional crop statistics),https://psa.gov.ph/crops-production-survey
82.5,47.6,43.2,22.21,61.18,5.93,47.28,Loam,garlic,PCAARRD ISP – Vegetables Industry Profile (garlic),https://ispweb.pcaarrd.dost.gov.ph/vegetables/,DOST-PCAARRD,PSA – Crops Production Survey (national & regional crop statistics),https://psa.gov.ph/crops-production-survey
133.3,50.8,48,25.55,70.05,7.44,167.86,Loam,sugarcane,PCAARRD ISP – Sugarcane Industry Profile,https://ispweb.pcaarrd.dost.gov.ph/sugarcane/,DOST-PCAARRD,PSA – Crops Production Survey (national & regional crop statistics),https://psa.gov.ph/crops-production-survey
65.9,54.3,68.7,26.65,60.63,6.65,71.03,Loam,tomato,PCAARRD ISP – Vegetables Industry Profile,https://ispweb.pcaarrd.dost.gov.ph/vegetables/,DOST-PCAARRD,PSA – Crops Production Survey (national & regional crop statistics),https://psa.gov.ph/crops-production-survey
79,33.4,58.5,26.09,55.53,6.16,69.5,Loam,onion,PCAARRD ISP – Vegetables Industry Profile (onion),https://ispweb.pcaarrd.dost.gov.ph/vegetables/,DOST-PCAARRD,PSA – Crops Production Survey (national & regional crop statistics),https://psa.gov.ph/crops-production-survey
56.4,23.7,82.5,25.21,58.43,5.05,95.1,Loam,cassava,Department of Agriculture – Official Portal,https://www.da.gov.ph/,Department of Agriculture,PSA – Crops Production Survey (national & regional crop statistics),https://psa.gov.ph/crops-production-survey
18,9.4,32.7,27.83,86.87,6.09,152.03,Sandy Loam,coconut,PCAARRD ISP – Coconut Industry Profile,https://ispweb.pcaarrd.dost.gov.ph/isp-commodities/coconut/,DOST-PCAARRD,PSA – Crops Production Survey (national & regional crop statistics),https://psa.gov.ph/crops-production-survey
42,36.9,41.1,28.46,60.47,6.07,55.31,Loam,okra,PCAARRD ISP – Vegetables Industry Profile,https://ispweb.pcaarrd.dost.gov.ph/vegetables/,DOST-PCAARRD,PSA – Crops Production Survey (national & regional crop statistics),https://psa.gov.ph/crops-production-survey
104.5,21.9,25.4,21.41,64.4,6.04,242.57,Volcanic Loam,coffee,PCAARRD ISP – Coffee Industry Profile,https://ispweb.pcaarrd.dost.gov.ph/isp-commodities/coffee/,DOST-PCAARRD,PSA – Crops Production Survey (national & regional crop statistics),https://psa.gov.ph/crops-production-survey
109.6,24.9,26.4,22.04,63.51,5.37,158.01,Volcanic Loam,coffee,PCAARRD ISP – Coffee Industry Profile,https://ispweb.pcaarrd.dost.gov.ph/isp-commodities/coffee/,DOST-PCAARRD,PSA – Crops Production Survey (national & regional crop statistics),https://psa.gov.ph/crops-production-survey
67.1,25.3,76.8,31.12,89.01,5.49,303.62,Clay Loam,abaca,PCAARRD ISP – Abaca Industry Profile,https://ispweb.pcaarrd.dost.gov.ph/isp-commodities/abaca/,DOST-PCAARRD,PSA – Crops Production Survey (national & regional crop statistics),https://psa.gov.ph/crops-production-survey
87.5,54,21.4,28.48,68.67,7.23,93.77,Sandy Loam,corn,DA – Philippine Yellow Corn Industry Roadmap,https://www.da.gov.ph/wp-content/uploads/2023/05/Philippine-Yellow-Corn-Industry-Roadmap.pdf,Department of Agriculture,PSA – Crops Production Survey (national & regional crop statistics),https://psa.gov.ph/crops-production-survey
26.9,38.7,30.9,28.41,54.49,5.98,58.39,Sandy Loam,peanut,PCAARRD ISP – Legumes Industry Profile,https://ispweb.pcaarrd.dost.gov.ph/legumes/,DOST-PCAARRD,PSA – Crops Production Survey (national & regional crop statistics),https://psa.gov.ph/crops-production-survey
21.1,15.6,18.8,31.42,74.13,5.51,104.96,Sandy Loam,calamansi,Department of Agriculture – Official Portal,https://www.da.gov.ph/,Department of Agriculture,PSA – Crops Production Survey (national & regional crop statistics),https://psa.gov.ph/crops-production-survey
64,25.5,76.3,27.27,88.17,5.06,295.28,Volcanic Loam,abaca,PCAARRD ISP – Abaca Industry Profile,https://ispweb.pcaarrd.dost.gov.ph/isp-commodities/abaca/,DOST-PCAARRD,PSA – Crops Production Survey (national & regional crop statistics),https://psa.gov.ph/crops-production-survey
23.4,22.8,25.5,35.39,55.58,6.02,65.13,Sandy Loam,mango,PCAARRD ISP – Mango Industry Profile,https://ispweb.pcaarrd.dost.gov.ph/isp-commodities/mango/,DOST-PCAARRD,PSA – Crops Production Survey (national & regional crop statistics),https://psa.gov.ph/crops-production-survey
111.8,52.6,43.2,30.34,77.14,5.7,221.99,Clay,rice,PCAARRD ISP – Rice Industry Profile,https://ispweb.pcaarrd.dost.gov.ph/isp-commodities/rice/,DOST-PCAARRD,PSA – Crops Production Survey (national & regional crop statistics),https://psa.gov.ph/crops-production-survey
16.1,23.2,24.4,30.04,53.14,7.33,90.27,Sandy Loam,mango,PCAARRD ISP – Mango Industry Profile,https://ispweb.pcaarrd.dost.gov.ph/isp-commodities/mango/,DOST-PCAARRD,PSA – Crops Production Survey (national & regional crop statistics),https://psa.gov.ph/crops-production-survey
64.4,51.1,50.6,21.75,68.9,6.3,54.01,Sandy Loam,garlic,PCAARRD ISP – Vegetables Industry Profile (garlic),https://ispweb.pcaarrd.dost.gov.ph/vegetables/,DOST-PCAARRD,PSA – Crops Production Survey (national & regional crop statistics),https://psa.gov.ph/crops-production-survey
80.2,46,81.9,26.3,71.29,6.63,98.77,Sandy Loam,tomato,PCAARRD ISP – Vegetables Industry Profile,https://ispweb.pcaarrd.dost.gov.ph/vegetables/,DOST-PCAARRD,PSA – Crops Production Survey (national & regional crop statistics),https://psa.gov.ph/crops-production-survey
20.3,11.3,31,30.12,91.56,6.26,117.13,Volcanic Loam,coconut,PCAARRD ISP – Coconut Industry Profile,https://ispweb.pcaarrd.dost.gov.ph/isp-commodities/coconut/,DOST-PCAARRD,PSA – Crops Production Survey (national & regional crop statistics),https://psa.gov.ph/crops-production-survey
126.3,49.6,42,29.73,76.07,7.38,123.93,Sandy Loam,sugarcane,PCAARRD ISP – Sugarcane Industry Profile,https://ispweb.pcaarrd.dost.gov.ph/sugarcane/,DOST-PCAARRD,PSA – Crops Production Survey (national & regional crop statistics),https://psa.gov.ph/crops-production-survey
89.7,51.1,20.5,25.34,67.71,5.75,88.3,Clay Loam,corn,DA – Philippine Yellow Corn Industry Roadmap,https://www.da.gov.ph/wp-content/uploads/2023/05/Philippine-Yellow-Corn-Industry-Roadmap.pdf,Department of Agriculture,PSA – Crops Production Survey (national & regional crop statistics),https://psa.gov.ph/crops-production-survey
115.6,40.1,56.8,27.36,74.33,6.61,183.68,Clay Loam,sugarcane,PCAARRD ISP – Sugarcane Industry Profile,https://ispweb.pcaarrd.dost.gov.ph/sugarcane/,DOST-PCAARRD,PSA – Crops Production Survey (national & regional crop statistics),https://psa.gov.ph/crops-production-survey
44.4,28.5,76.8,26.28,59.67,6.49,59.79,Sandy Loam,tobacco,Department of Agriculture – Official Portal,https://www.da.gov.ph/,Department of Agriculture,PSA – Crops Production Survey (national & regional crop statistics),https://psa.gov.ph/crops-production-survey
43.7,34.5,30.3,31.42,65.2,6.25,84.87,Loam,ampalaya,PCAARRD ISP – Vegetables Industry Profile,https://ispweb.pcaarrd.dost.gov.ph/vegetables/,DOST-PCAARRD,PSA – Crops Production Survey (national & regional crop statistics),https://psa.gov.ph/crops-production-survey
22.2,9.2,26.1,31.51,93.3,7.05,180.32,Sandy,coconut,PCAARRD ISP – Coconut Industry Profile,https://ispweb.pcaarrd.dost.gov.ph/isp-commodities/coconut/,DOST-PCAARRD,PSA – Crops Production Survey (national & regional crop statistics),https://psa.gov.ph/crops-production-survey
108.5,40.5,52,30.97,60.59,7.36,131.47,Loam,sugarcane,PCAARRD ISP – Sugarcane Industry Profile,https://ispweb.pcaarrd.dost.gov.ph/sugarcane/,DOST-PCAARRD,PSA – Crops Production Survey (national & regional crop statistics),https://psa.gov.ph/crops-production-survey
21.3,16.8,31.5,29.42,50.39,6.49,100.79,Loam,mango,PCAARRD ISP – Mango Industry Profile,https://ispweb.pcaarrd.dost.gov.ph/isp-commodities/mango/,DOST-PCAARRD,PSA – Crops Production Survey (national & regional crop statistics),https://psa.gov.ph/crops-production-survey
20,8.4,30.4,25.72,81.85,5.55,148.28,Sandy Loam,coconut,PCAARRD ISP – Coconut Industry Profile,https://ispweb.pcaarrd.dost.gov.ph/isp-commodities/coconut/,DOST-PCAARRD,PSA – Crops Production Survey (national & regional crop statistics),https://psa.gov.ph/crops-production-survey
23.7,21.6,32.7,31.67,51.08,6.19,102.08,Loam,mango,PCAARRD ISP – Mango Industry Profile,https://ispweb.pcaarrd.dost.gov.ph/isp-commodities/mango/,DOST-PCAARRD,PSA – Crops Production Survey (national & regional crop statistics),https://psa.gov.ph/crops-production-survey
68.2,44.2,46.2,22,60.75,6.57,37.15,Loam,onion,PCAARRD ISP – Vegetables Industry Profile (onion),https://ispweb.pcaarrd.dost.gov.ph/vegetables/,DOST-PCAARRD,PSA – Crops Production Survey (national & regional crop statistics),https://psa.gov.ph/crops-production-survey
63.2,40.3,56.7,26.71,82.02,6.42,224.51,Loam,cacao,PCAARRD ISP – Cacao Industry Profile,https://ispweb.pcaarrd.dost.gov.ph/isp-commodities/cacao/,DOST-PCAARRD,PSA – Crops Production Survey (national & regional crop statistics),https://psa.gov.ph/crops-production-survey
47.4,34.1,44.9,30.24,80.07,6.39,90.62,Loam,ampalaya,PCAARRD ISP – Vegetables Industry Profile,https://ispweb.pcaarrd.dost.gov.ph/vegetables/,DOST-PCAARRD,PSA – Crops Production Survey (national & regional crop statistics),https://psa.gov.ph/crops-production-survey
15.8,10.6,31.4,30.15,89.13,5.53,141.22,Sandy,coconut,PCAARRD ISP – Coconut Industry Profile,https://ispweb.pcaarrd.dost.gov.ph/isp-commodities/coconut/,DOST-PCAARRD,PSA – Crops Production Survey (national & regional crop statistics),https://psa.gov.ph/crops-production-survey
121.1,47.6,41.8,34.85,70.59,5.82,166.57,Clay Loam,sugarcane,PCAARRD ISP – Sugarcane Industry Profile,https://ispweb.pcaarrd.dost.gov.ph/sugarcane/,DOST-PCAARRD,PSA – Crops Production Survey (national & regional crop statistics),https://psa.gov.ph/crops-production-survey
81.7,44.1,53.3,26.08,65.48,6.61,41.78,Sandy Loam,onion,PCAARRD ISP – Vegetables Industry Profile (onion),https://ispweb.pcaarrd.dost.gov.ph/vegetables/,DOST-PCAARRD,PSA – Crops Production Survey (national & regional crop statistics),https://psa.gov.ph/crops-production-survey
40.3,36.9,47.6,26.68,68.75,6.31,51.62,Sandy Loam,okra,PCAARRD ISP – Vegetables Industry Profile,https://ispweb.pcaarrd.dost.gov.ph/vegetables/,DOST-PCAARRD,PSA – Crops Production Survey (national & regional crop statistics),https://psa.gov.ph/crops-production-survey
68.2,37.3,78.2,25.56,81.76,6.48,261.41,Volcanic Loam,abaca,PCAARRD ISP – Abaca Industry Profile,https://ispweb.pcaarrd.dost.gov.ph/isp-commodities/abaca/,DOST-PCAARRD,PSA – Crops Production Survey (national & regional crop statistics),https://psa.gov.ph/crops-production-survey
16.9,35.3,27.3,27.63,62.45,6.08,43.73,Loam,mungbean,PCAARRD ISP – Legumes Industry Profile,https://ispweb.pcaarrd.dost.gov.ph/legumes/,DOST-PCAARRD,PSA – Crops Production Survey (national & regional crop statistics),https://psa.gov.ph/crops-production-survey
47.5,37.3,47.3,27.49,72.41,6.33,90.94,Loam,ampalaya,PCAARRD ISP – Vegetables Industry Profile,https://ispweb.pcaarrd.dost.gov.ph/vegetables/,DOST-PCAARRD,PSA – Crops Production Survey (national & regional crop statistics),https://psa.gov.ph/crops-production-survey
107.6,44.7,43.4,28.89,85.17,6.98,256.45,Clay,rice,PCAARRD ISP – Rice Industry Profile,https://ispweb.pcaarrd.dost.gov.ph/isp-commodities/rice/,DOST-PCAARRD,PSA – Crops Production Survey (national & regional crop statistics),https://psa.gov.ph/crops-production-survey
52.1,36.5,61.3,24.35,64.2,6.47,82.73,Loam,tobacco,Department of Agriculture – Official Portal,https://www.da.gov.ph/,Department of Agriculture,PSA – Crops Production Survey (national & regional crop statistics),https://psa.gov.ph/crops-production-survey
21.5,46.7,25.1,27.52,58,6.49,70.04,Loam,mungbean,PCAARRD ISP – Legumes Industry Profile,https://ispweb.pcaarrd.dost.gov.ph/legumes/,DOST-PCAARRD,PSA – Crops Production Survey (national & regional crop statistics),https://psa.gov.ph/crops-production-survey
113.5,60.2,47.4,33.89,76.95,6.98,153.96,Loam,sugarcane,PCAARRD ISP – Sugarcane Industry Profile,https://ispweb.pcaarrd.dost.gov.ph/sugarcane/,DOST-PCAARRD,PSA – Crops Production Survey (national & regional crop statistics),https://psa.gov.ph/crops-production-survey
75.8,54.2,85.5,23.56,71.2,6,69.94,Sandy Loam,tomato,PCAARRD ISP – Vegetables Industry Profile,https://ispweb.pcaarrd.dost.gov.ph/vegetables/,DOST-PCAARRD,PSA – Crops Production Survey (national & regional crop statistics),https://psa.gov.ph/crops-production-survey
71.4,26.4,61.9,26.35,87.3,5.74,281.2,Clay Loam,abaca,PCAARRD ISP – Abaca Industry Profile,https://ispweb.pcaarrd.dost.gov.ph/isp-commodities/abaca/,DOST-PCAARRD,PSA – Crops Production Survey (national & regional crop statistics),https://psa.gov.ph/crops-production-survey
36.6,15.9,27,28.8,81.17,4.66,203.68,Loam,rubber,PCAARRD ISP – Rubber Industry Profile,https://ispweb.pcaarrd.dost.gov.ph/isp-commodities/rubber/,DOST-PCAARRD,PSA – Crops Production Survey (national & regional crop statistics),https://psa.gov.ph/crops-production-survey
102.4,46.6,43.6,26.09,77.33,5.72,226.42,Clay Loam,rice,PCAARRD ISP – Rice Industry Profile,https://ispweb.pcaarrd.dost.gov.ph/isp-commodities/rice/,DOST-PCAARRD,PSA – Crops Production Survey (national & regional crop statistics),https://psa.gov.ph/crops-production-survey
21.1,14.2,33.7,32.31,81.7,5.42,228.85,Sandy Loam,coconut,PCAARRD ISP – Coconut Industry Profile,https://ispweb.pcaarrd.dost.gov.ph/isp-commodities/coconut/,DOST-PCAARRD,PSA – Crops Production Survey (national & regional crop statistics),https://psa.gov.ph/crops-production-survey
66.4,34.1,83.8,22.67,57.96,6.28,80.37,Loam,tobacco,Department of Agriculture – Official Portal,https://www.da.gov.ph/,Department of Agriculture,PSA – Crops Production Survey (national & regional crop statistics),https://psa.gov.ph/crops-production-survey
69.3,26,68.5,27.49,56.09,6.2,48.08,Sandy Loam,tobacco,Department of Agriculture – Official Portal,https://www.da.gov.ph/,Department of Agriculture,PSA – Crops Production Survey (national & regional crop statistics),https://psa.gov.ph/crops-production-survey
47.5,45.2,45.7,29.32,73.26,6.63,97.21,Sandy Loam,okra,PCAARRD ISP – Vegetables Industry Profile,https://ispweb.pcaarrd.dost.gov.ph/vegetables/,DOST-PCAARRD,PSA – Crops Production Survey (national & regional crop statistics),https://psa.gov.ph/crops-production-survey
23.2,42.8,42.2,24.19,62.61,6.36,56.03,Sandy Loam,peanut,PCAARRD ISP – Legumes Industry Profile,https://ispweb.pcaarrd.dost.gov.ph/legumes/,DOST-PCAARRD,PSA – Crops Production Survey (national & regional crop statistics),https://psa.gov.ph/crops-production-survey
43.4,28.9,77,26.73,67.38,6.06,63.48,Loam,sweet_potato,PCAARRD ISP – Sweetpotato Industry Profile,https://ispweb.pcaarrd.dost.gov.ph/sweetpotato/,DOST-PCAARRD,PSA – Crops Production Survey (national & regional crop statistics),https://psa.gov.ph/crops-production-survey
64.4,19.9,80,27.29,84.42,5.91,226.88,Volcanic Loam,abaca,PCAARRD ISP – Abaca Industry Profile,https://ispweb.pcaarrd.dost.gov.ph/isp-commodities/abaca/,DOST-PCAARRD,PSA – Crops Production Survey (national & regional crop statistics),https://psa.gov.ph/crops-production-survey
14.8,45.3,20.5,25.74,67.86,6.69,74.22,Sandy Loam,mungbean,PCAARRD ISP – Legumes Industry Profile,https://ispweb.pcaarrd.dost.gov.ph/legumes/,DOST-PCAARRD,PSA – Crops Production Survey (national & regional crop statistics),https://psa.gov.ph/crops-production-survey
80.5,38.7,39.9,23.19,64.66,6.18,38.62,Sandy Loam,onion,PCAARRD ISP – Vegetables Industry Profile (onion),https://ispweb.pcaarrd.dost.gov.ph/vegetables/,DOST-PCAARRD,PSA – Crops Production Survey (national & regional crop statistics),https://psa.gov.ph/crops-production-survey
48.8,35.5,76.2,29.77,65.25,5.73,127.3,Sandy Loam,cassava,Department of Agriculture – Official Portal,https://www.da.gov.ph/,Department of Agriculture,PSA – Crops Production Survey (national & regional crop statistics),https://psa.gov.ph/crops-production-survey
14.8,29.5,35.9,25.05,56.33,5.95,70.06,Sandy Loam,peanut,PCAARRD ISP – Legumes Industry Profile,https://ispweb.pcaarrd.dost.gov.ph/legumes/,DOST-PCAARRD,PSA – Crops Production Survey (national & regional crop statistics),https://psa.gov.ph/crops-production-survey
141.1,58.1,58.7,26.71,70.64,6.53,189.86,Loam,sugarcane,PCAARRD ISP – Sugarcane Industry Profile,https://ispweb.pcaarrd.dost.gov.ph/sugarcane/,DOST-PCAARRD,PSA – Crops Production Survey (national & regional crop statistics),https://psa.gov.ph/crops-production-survey
129.4,49.3,49.7,25.18,62.48,6.68,126.68,Loam,sugarcane,PCAARRD ISP – Sugarcane Industry Profile,https://ispweb.pcaarrd.dost.gov.ph/sugarcane/,DOST-PCAARRD,PSA – Crops Production Survey (national & regional crop statistics),https://psa.gov.ph/crops-production-survey
15.1,5.6,28,27.43,82.45,6.12,162.55,Sandy,coconut,PCAARRD ISP – Coconut Industry Profile,https://ispweb.pcaarrd.dost.gov.ph/isp-commodities/coconut/,DOST-PCAARRD,PSA – Crops Production Survey (national & regional crop statistics),https://psa.gov.ph/crops-production-survey
52.4,42.5,46.8,32.03,63.48,6.35,90.31,Sandy Loam,okra,PCAARRD ISP – Vegetables Industry Profile,https://ispweb.pcaarrd.dost.gov.ph/vegetables/,DOST-PCAARRD,PSA – Crops Production Survey (national & regional crop statistics),https://psa.gov.ph/crops-production-survey
131.3,57.7,41,24.53,77.1,6.58,105.68,Loam,sugarcane,PCAARRD ISP – Sugarcane Industry Profile,https://ispweb.pcaarrd.dost.gov.ph/sugarcane/,DOST-PCAARRD,PSA – Crops Production Survey (national & regional crop statistics),https://psa.gov.ph/crops-production-survey
49.5,34.5,89.7,30.31,63.44,5.26,88.75,Loam,cassava,Department of Agriculture – Official Portal,https://www.da.gov.ph/,Department of Agriculture,PSA – Crops Production Survey (national & regional crop statistics),https://psa.gov.ph/crops-production-survey
78.5,56.1,55.1,24.63,66.92,6.59,65.75,Clay Loam,eggplant,PCAARRD ISP – Vegetables Industry Profile,https://ispweb.pcaarrd.dost.gov.ph/vegetables/,DOST-PCAARRD,PSA – Crops Production Survey (national & regional crop statistics),https://psa.gov.ph/crops-production-survey
20.8,9.4,28.9,30.8,91.58,6.54,212.71,Sandy Loam,coconut,PCAARRD ISP – Coconut Industry Profile,https://ispweb.pcaarrd.dost.gov.ph/isp-commodities/coconut/,DOST-PCAARRD,PSA – Crops Production Survey (national & regional crop statistics),https://psa.gov.ph/crops-production-survey
26.1,16.9,24.7,26.73,88.55,5.52,155.88,Loam,rubber,PCAARRD ISP – Rubber Industry Profile,https://ispweb.pcaarrd.dost.gov.ph/isp-commodities/rubber/,DOST-PCAARRD,PSA – Crops Production Survey (national & regional crop statistics),https://psa.gov.ph/crops-production-survey
52.5,34.9,35.6,24.12,76.51,6.63,85.72,Loam,ampalaya,PCAARRD ISP – Vegetables Industry Profile,https://ispweb.pcaarrd.dost.gov.ph/vegetables/,DOST-PCAARRD,PSA – Crops Production Survey (national & regional crop statistics),https://psa.gov.ph/crops-production-survey
77.3,32.5,41.7,25.51,64.94,6.57,52.47,Loam,garlic,PCAARRD ISP – Vegetables Industry Profile (garlic),https://ispweb.pcaarrd.dost.gov.ph/vegetables/,DOST-PCAARRD,PSA – Crops Production Survey (national & regional crop statistics),https://psa.gov.ph/crops-production-survey
74.7,42,57.3,25.93,64.29,5.5,120.53,Loam,eggplant,PCAARRD ISP – Vegetables Industry Profile,https://ispweb.pcaarrd.dost.gov.ph/vegetables/,DOST-PCAARRD,PSA – Crops Production Survey (national & regional crop statistics),https://psa.gov.ph/crops-production-survey
91.8,27.4,31,19.79,59.83,5.72,233.47,Clay Loam,coffee,PCAARRD ISP – Coffee Industry Profile,https://ispweb.pcaarrd.dost.gov.ph/isp-commodities/coffee/,DOST-PCAARRD,PSA – Crops Production Survey (national & regional crop statistics),https://psa.gov.ph/crops-production-survey
68.5,20.1,64.1,29.1,82.66,5.49,232.04,Volcanic Loam,abaca,PCAARRD ISP – Abaca Industry Profile,https://ispweb.pcaarrd.dost.gov.ph/isp-commodities/abaca/,DOST-PCAARRD,PSA – Crops Production Survey (national & regional crop statistics),https://psa.gov.ph/crops-production-survey
138.1,55.4,54.8,29.74,60.71,7.25,132.85,Loam,sugarcane,PCAARRD ISP – Sugarcane Industry Profile,https://ispweb.pcaarrd.dost.gov.ph/sugarcane/,DOST-PCAARRD,PSA – Crops Production Survey (national & regional crop statistics),https://psa.gov.ph/crops-production-survey
37.5,19.3,25.8,25.07,77.49,4.56,234.58,Volcanic Loam,rubber,PCAARRD ISP – Rubber Industry Profile,https://ispweb.pcaarrd.dost.gov.ph/isp-commodities/rubber/,DOST-PCAARRD,PSA – Crops Production Survey (national & regional crop statistics),https://psa.gov.ph/crops-production-survey
19.2,30.2,26.7,27.94,66.59,6.37,73.24,Loam,mungbean,PCAARRD ISP – Legumes Industry Profile,https://ispweb.pcaarrd.dost.gov.ph/legumes/,DOST-PCAARRD,PSA – Crops Production Survey (national & regional crop statistics),https://psa.gov.ph/crops-production-survey
42.1,22.5,82.9,29.63,74.2,6.37,66.27,Loam,cassava,Department of Agriculture – Official Portal,https://www.da.gov.ph/,Department of Agriculture,PSA – Crops Production Survey (national & regional crop statistics),https://psa.gov.ph/crops-production-survey
50.3,49.8,47.4,28.35,77.73,6.47,58.82,Clay Loam,ampalaya,PCAARRD ISP – Vegetables Industry Profile,https://ispweb.pcaarrd.dost.gov.ph/vegetables/,DOST-PCAARRD,PSA – Crops Production Survey (national & regional crop statistics),https://psa.gov.ph/crops-production-survey
20.1,21.6,28.8,32,69.56,5.79,91.41,Loam,mango,PCAARRD ISP – Mango Industry Profile,https://ispweb.pcaarrd.dost.gov.ph/isp-commodities/mango/,DOST-PCAARRD,PSA – Crops Production Survey (national & regional crop statistics),https://psa.gov.ph/crops-production-survey
47.5,33.7,71.6,29.41,55.35,5.54,128.06,Loam,cassava,Department of Agriculture – Official Portal,https://www.da.gov.ph/,Department of Agriculture,PSA – Crops Production Survey (national & regional crop statistics),https://psa.gov.ph/crops-production-survey
86.3,29.7,68.3,28.33,89.13,5.84,234.15,Clay Loam,abaca,PCAARRD ISP – Abaca Industry Profile,https://ispweb.pcaarrd.dost.gov.ph/isp-commodities/abaca/,DOST-PCAARRD,PSA – Crops Production Survey (national & regional crop statistics),https://psa.gov.ph/crops-production-survey
63.8,58.5,85.8,26.37,61.47,5.92,72.11,Loam,tomato,PCAARRD ISP – Vegetables Industry Profile,https://ispweb.pcaarrd.dost.gov.ph/vegetables/,DOST-PCAARRD,PSA – Crops Production Survey (national & regional crop statistics),https://psa.gov.ph/crops-production-survey
22.6,30.3,20.9,27.36,73.6,6.73,65.5,Loam,mungbean,PCAARRD ISP – Legumes Industry Profile,https://ispweb.pcaarrd.dost.gov.ph/legumes/,DOST-PCAARRD,PSA – Crops Production Survey (national & regional crop statistics),https://psa.gov.ph/crops-production-survey
45.5,46.6,41,24.16,67.79,6.74,63.57,Clay Loam,ampalaya,PCAARRD ISP – Vegetables Industry Profile,https://ispweb.pcaarrd.dost.gov.ph/vegetables/,DOST-PCAARRD,PSA – Crops Production Survey (national & regional crop statistics),https://psa.gov.ph/crops-production-survey
70.9,22.2,79.5,29.9,92.94,6.13,279.21,Volcanic Loam,abaca,PCAARRD ISP – Abaca Industry Profile,https://ispweb.pcaarrd.dost.gov.ph/isp-commodities/abaca/,DOST-PCAARRD,PSA – Crops Production Survey (national & regional crop statistics),https://psa.gov.ph/crops-production-survey
43.1,39.8,43.4,25.75,68.83,6.03,65.98,Clay Loam,ampalaya,PCAARRD ISP – Vegetables Industry Profile,https://ispweb.pcaarrd.dost.gov.ph/vegetables/,DOST-PCAARRD,PSA – Crops Production Survey (national & regional crop statistics),https://psa.gov.ph/crops-production-survey
82.5,49.5,24.4,28.93,71.81,5.59,79.53,Sandy Loam,corn,DA – Philippine Yellow Corn Industry Roadmap,https://www.da.gov.ph/wp-content/uploads/2023/05/Philippine-Yellow-Corn-Industry-Roadmap.pdf,Department of Agriculture,PSA – Crops Production Survey (national & regional crop statistics),https://psa.gov.ph/crops-production-survey
22.8,12.4,27.8,29.69,91.59,7.8,139.51,Sandy Loam,coconut,PCAARRD ISP – Coconut Industry Profile,https://ispweb.pcaarrd.dost.gov.ph/isp-commodities/coconut/,DOST-PCAARRD,PSA – Crops Production Survey (national & regional crop statistics),https://psa.gov.ph/crops-production-survey
75.1,48.4,47.2,23.4,59.38,6.88,50.93,Sandy Loam,onion,PCAARRD ISP – Vegetables Industry Profile (onion),https://ispweb.pcaarrd.dost.gov.ph/vegetables/,DOST-PCAARRD,PSA – Crops Production Survey (national & regional crop statistics),https://psa.gov.ph/crops-production-survey
136.3,47.2,59.5,29.29,61.61,6.17,142.04,Clay Loam,sugarcane,PCAARRD ISP – Sugarcane Industry Profile,https://ispweb.pcaarrd.dost.gov.ph/sugarcane/,DOST-PCAARRD,PSA – Crops Production Survey (national & regional crop statistics),https://psa.gov.ph/crops-production-survey
22.2,26.8,22.8,31.82,79.13,5.97,219.17,Clay Loam,rubber,PCAARRD ISP – Rubber Industry Profile,https://ispweb.pcaarrd.dost.gov.ph/isp-commodities/rubber/,DOST-PCAARRD,PSA – Crops Production Survey (national & regional crop statistics),https://psa.gov.ph/crops-production-survey
63.3,48.6,45.9,26.71,83.98,6.67,166.7,Loam,cacao,PCAARRD ISP – Cacao Industry Profile,https://ispweb.pcaarrd.dost.gov.ph/isp-commodities/cacao/,DOST-PCAARRD,PSA – Crops Production Survey (national & regional crop statistics),https://psa.gov.ph/crops-production-survey
120,41.9,47.4,32.59,79.8,6.11,121.83,Sandy Loam,sugarcane,PCAARRD ISP – Sugarcane Industry Profile,https://ispweb.pcaarrd.dost.gov.ph/sugarcane/,DOST-PCAARRD,PSA – Crops Production Survey (national & regional crop statistics),https://psa.gov.ph/crops-production-survey
24.4,42.1,22.8,31.79,70.59,6.89,46.68,Sandy Loam,mungbean,PCAARRD ISP – Legumes Industry Profile,https://ispweb.pcaarrd.dost.gov.ph/legumes/,DOST-PCAARRD,PSA – Crops Production Survey (national & regional crop statistics),https://psa.gov.ph/crops-production-survey
45.1,30.9,78.8,24.31,55.04,5.82,51.77,Sandy Loam,tobacco,Department of Agriculture – Official Portal,https://www.da.gov.ph/,Department of Agriculture,PSA – Crops Production Survey (national & regional crop statistics),https://psa.gov.ph/crops-production-survey
75.1,47,53.3,24.67,79.66,5.92,159.97,Loam,cacao,PCAARRD ISP – Cacao Industry Profile,https://ispweb.pcaarrd.dost.gov.ph/isp-commodities/cacao/,DOST-PCAARRD,PSA – Crops Production Survey (national & regional crop statistics),https://psa.gov.ph/crops-production-survey
48.8,31.6,60.9,25.44,55.81,5.24,93.67,Sandy Loam,cassava,Department of Agriculture – Official Portal,https://www.da.gov.ph/,Department of Agriculture,PSA – Crops Production Survey (national & regional crop statistics),https://psa.gov.ph/crops-production-survey
67.2,41.2,57.4,23.1,67.58,6.03,58.51,Sandy Loam,garlic,PCAARRD ISP – Vegetables Industry Profile (garlic),https://ispweb.pcaarrd.dost.gov.ph/vegetables/,DOST-PCAARRD,PSA – Crops Production Survey (national & regional crop statistics),https://psa.gov.ph/crops-production-survey
84.4,40.8,77,25.72,84.24,4.96,259.36,Volcanic Loam,abaca,PCAARRD ISP – Abaca Industry Profile,https://ispweb.pcaarrd.dost.gov.ph/isp-commodities/abaca/,DOST-PCAARRD,PSA – Crops Production Survey (national & regional crop statistics),https://psa.gov.ph/crops-production-survey
58.5,28,65.5,23.49,55.21,6.17,45.26,Sandy Loam,tobacco,Department of Agriculture – Official Portal,https://www.da.gov.ph/,Department of Agriculture,PSA – Crops Production Survey (national & regional crop statistics),https://psa.gov.ph/crops-production-survey
90.5,36.6,50.2,19.2,58.45,6.89,41.09,Loam,onion,PCAARRD ISP – Vegetables Industry Profile (onion),https://ispweb.pcaarrd.dost.gov.ph/vegetables/,DOST-PCAARRD,PSA – Crops Production Survey (national & regional crop statistics),https://psa.gov.ph/crops-production-survey
47.4,18.8,73,26.72,71.71,5.24,142.99,Sandy Loam,pineapple,PCAARRD ISP – Queen Pineapple Industry Profile,https://ispweb.pcaarrd.dost.gov.ph/queen-pineapple/,DOST-PCAARRD,PSA – Crops Production Survey (national & regional crop statistics),https://psa.gov.ph/crops-production-survey
92.3,89.4,52.4,27.36,85.41,6.18,122.4,Clay Loam,banana,PCAARRD ISP – Banana Industry Profile,https://ispweb.pcaarrd.dost.gov.ph/isp-commodities/banana/,DOST-PCAARRD,PSA – Crops Production Survey (national & regional crop statistics),https://psa.gov.ph/crops-production-survey
42,29.4,89.9,25.66,69.2,4.9,130.62,Volcanic Loam,pineapple,PCAARRD ISP – Queen Pineapple Industry Profile,https://ispweb.pcaarrd.dost.gov.ph/queen-pineapple/,DOST-PCAARRD,PSA – Crops Production Survey (national & regional crop statistics),https://psa.gov.ph/crops-production-survey
114.2,72.8,53.9,31.42,87.38,5.98,178.84,Clay Loam,banana,PCAARRD ISP – Banana Industry Profile,https://ispweb.pcaarrd.dost.gov.ph/isp-commodities/banana/,DOST-PCAARRD,PSA – Crops Production Survey (national & regional crop statistics),https://psa.gov.ph/crops-production-survey
19.2,49,22.8,26.98,60.22,6.43,48.86,Sandy Loam,mungbean,PCAARRD ISP – Legumes Industry Profile,https://ispweb.pcaarrd.dost.gov.ph/legumes/,DOST-PCAARRD,PSA – Crops Production Survey (national & regional crop statistics),https://psa.gov.ph/crops-production-survey
60.8,41.6,48.9,25.85,59.28,6.33,31.9,Loam,onion,PCAARRD ISP – Vegetables Industry Profile (onion),https://ispweb.pcaarrd.dost.gov.ph/vegetables/,DOST-PCAARRD,PSA – Crops Production Survey (national & regional crop statistics),https://psa.gov.ph/crops-production-survey
63.3,59.5,84.1,24.32,61.95,6.04,42.17,Loam,tomato,PCAARRD ISP – Vegetables Industry Profile,https://ispweb.pcaarrd.dost.gov.ph/vegetables/,DOST-PCAARRD,PSA – Crops Production Survey (national & regional crop statistics),https://psa.gov.ph/crops-production-survey
26.6,46.1,33.2,26.16,65.8,5.64,97.1,Sandy,peanut,PCAARRD ISP – Legumes Industry Profile,https://ispweb.pcaarrd.dost.gov.ph/legumes/,DOST-PCAARRD,PSA – Crops Production Survey (national & regional crop statistics),https://psa.gov.ph/crops-production-survey
119.7,71.3,48.6,31.34,77.25,6.59,161.04,Loam,banana,PCAARRD ISP – Banana Industry Profile,https://ispweb.pcaarrd.dost.gov.ph/isp-commodities/banana/,DOST-PCAARRD,PSA – Crops Production Survey (national & regional crop statistics),https://psa.gov.ph/crops-production-survey
20.3,21.2,26.4,33.33,61.49,5.99,85.47,Loam,mango,PCAARRD ISP – Mango Industry Profile,https://ispweb.pcaarrd.dost.gov.ph/isp-commodities/mango/,DOST-PCAARRD,PSA – Crops Production Survey (national & regional crop statistics),https://psa.gov.ph/crops-production-survey
88.3,48.7,41.2,30.99,82.25,5.77,172.82,Clay,rice,PCAARRD ISP – Rice Industry Profile,https://ispweb.pcaarrd.dost.gov.ph/isp-commodities/rice/,DOST-PCAARRD,PSA – Crops Production Survey (national & regional crop statistics),https://psa.gov.ph/crops-production-survey
95.1,48.6,42.1,29.81,89.22,6.42,215.98,Clay Loam,rice,PCAARRD ISP – Rice Industry Profile,https://ispweb.pcaarrd.dost.gov.ph/isp-commodities/rice/,DOST-PCAARRD,PSA – Crops Production Survey (national & regional crop statistics),https://psa.gov.ph/crops-production-survey
19,17.2,24.8,26.56,65.3,6.89,64.21,Loam,mango,PCAARRD ISP – Mango Industry Profile,https://ispweb.pcaarrd.dost.gov.ph/isp-commodities/mango/,DOST-PCAARRD,PSA – Crops Production Survey (national & regional crop statistics),https://psa.gov.ph/crops-production-survey
89.4,48.5,40.2,30.9,81.71,6.05,259.42,Clay Loam,rice,PCAARRD ISP – Rice Industry Profile,https://ispweb.pcaarrd.dost.gov.ph/isp-commodities/rice/,DOST-PCAARRD,PSA – Crops Production Survey (national & regional crop statistics),https://psa.gov.ph/crops-production-survey
46,34.6,62.6,24.74,72.34,6.82,110.52,Loam,sweet_potato,PCAARRD ISP – Sweetpotato Industry Profile,https://ispweb.pcaarrd.dost.gov.ph/sweetpotato/,DOST-PCAARRD,PSA – Crops Production Survey (national & regional crop statistics),https://psa.gov.ph/crops-production-survey
85.7,46.1,42.8,27.93,58.22,6.05,68.11,Loam,onion,PCAARRD ISP – Vegetables Industry Profile (onion),https://ispweb.pcaarrd.dost.gov.ph/vegetables/,DOST-PCAARRD,PSA – Crops Production Survey (national & regional crop statistics),https://psa.gov.ph/crops-production-survey
27.5,18.8,31.6,26.45,85.6,5.5,211.02,Loam,rubber,PCAARRD ISP – Rubber Industry Profile,https://ispweb.pcaarrd.dost.gov.ph/isp-commodities/rubber/,DOST-PCAARRD,PSA – Crops Production Survey (national & regional crop statistics),https://psa.gov.ph/crops-production-survey
90.1,21,34.1,26.93,72.17,6.33,173.64,Clay Loam,coffee,PCAARRD ISP – Coffee Industry Profile,https://ispweb.pcaarrd.dost.gov.ph/isp-commodities/coffee/,DOST-PCAARRD,PSA – Crops Production Survey (national & regional crop statistics),https://psa.gov.ph/crops-production-survey
86.6,42.3,21.7,29.63,60.81,5.88,78.52,Loam,corn,DA – Philippine Yellow Corn Industry Roadmap,https://www.da.gov.ph/wp-content/uploads/2023/05/Philippine-Yellow-Corn-Industry-Roadmap.pdf,Department of Agriculture,PSA – Crops Production Survey (national & regional crop statistics),https://psa.gov.ph/crops-production-survey
125,47.6,56.5,30.89,72.33,7.33,147.39,Clay Loam,sugarcane,PCAARRD ISP – Sugarcane Industry Profile,https://ispweb.pcaarrd.dost.gov.ph/sugarcane/,DOST-PCAARRD,PSA – Crops Production Survey (national & regional crop statistics),https://psa.gov.ph/crops-production-survey
88,32.1,43,25.52,75.91,6.08,177.4,Loam,cacao,PCAARRD ISP – Cacao Industry Profile,https://ispweb.pcaarrd.dost.gov.ph/isp-commodities/cacao/,DOST-PCAARRD,PSA – Crops Production Survey (national & regional crop statistics),https://psa.gov.ph/crops-production-survey
108.2,79.8,47.9,26.09,85.82,5.87,110.49,Loam,banana,PCAARRD ISP – Banana Industry Profile,https://ispweb.pcaarrd.dost.gov.ph/isp-commodities/banana/,DOST-PCAARRD,PSA – Crops Production Survey (national & regional crop statistics),https://psa.gov.ph/crops-production-survey
69.4,36.4,88.1,23.4,59.75,5.84,65.55,Sandy Loam,tobacco,Department of Agriculture – Official Portal,https://www.da.gov.ph/,Department of Agriculture,PSA – Crops Production Survey (national & regional crop statistics),https://psa.gov.ph/crops-production-survey
74,29.4,70.9,27.92,86.81,5.51,272.14,Clay Loam,abaca,PCAARRD ISP – Abaca Industry Profile,https://ispweb.pcaarrd.dost.gov.ph/isp-commodities/abaca/,DOST-PCAARRD,PSA – Crops Production Survey (national & regional crop statistics),https://psa.gov.ph/crops-production-survey
47.7,38.4,40.1,30.84,78.42,6.31,91.63,Clay Loam,ampalaya,PCAARRD ISP – Vegetables Industry Profile,https://ispweb.pcaarrd.dost.gov.ph/vegetables/,DOST-PCAARRD,PSA – Crops Production Survey (national & regional crop statistics),https://psa.gov.ph/crops-production-survey
20.1,18.7,30.5,29.08,57.15,7.38,86.48,Loam,mango,PCAARRD ISP – Mango Industry Profile,https://ispweb.pcaarrd.dost.gov.ph/isp-commodities/mango/,DOST-PCAARRD,PSA – Crops Production Survey (national & regional crop statistics),https://psa.gov.ph/crops-production-survey
86.5,47.8,43.4,28.35,69.33,6.35,50.11,Loam,onion,PCAARRD ISP – Vegetables Industry Profile (onion),https://ispweb.pcaarrd.dost.gov.ph/vegetables/,DOST-PCAARRD,PSA – Crops Production Survey (national & regional crop statistics),https://psa.gov.ph/crops-production-survey
130.5,58.6,50.8,30.31,66.37,7.16,183.27,Sandy Loam,sugarcane,PCAARRD ISP – Sugarcane Industry Profile,https://ispweb.pcaarrd.dost.gov.ph/sugarcane/,DOST-PCAARRD,PSA – Crops Production Survey (national & regional crop statistics),https://psa.gov.ph/crops-production-survey
74.9,48.3,59.6,31.02,76.39,6.23,163,Loam,cacao,PCAARRD ISP – Cacao Industry Profile,https://ispweb.pcaarrd.dost.gov.ph/isp-commodities/cacao/,DOST-PCAARRD,PSA – Crops Production Survey (national & regional crop statistics),https://psa.gov.ph/crops-production-survey
42.5,63.7,48.3,30.36,85.99,6.65,172.43,Clay Loam,papaya,Department of Agriculture – Official Portal,https://www.da.gov.ph/,Department of Agriculture,PSA – Crops Production Survey (national & regional crop statistics),https://psa.gov.ph/crops-production-survey
14.8,35.1,44.7,28.86,67.54,5.66,71.68,Sandy,peanut,PCAARRD ISP – Legumes Industry Profile,https://ispweb.pcaarrd.dost.gov.ph/legumes/,DOST-PCAARRD,PSA – Crops Production Survey (national & regional crop statistics),https://psa.gov.ph/crops-production-survey
128.4,51.9,59.7,29.85,65.21,7.15,96.97,Clay Loam,sugarcane,PCAARRD ISP – Sugarcane Industry Profile,https://ispweb.pcaarrd.dost.gov.ph/sugarcane/,DOST-PCAARRD,PSA – Crops Production Survey (national & regional crop statistics),https://psa.gov.ph/crops-production-survey
85.2,38.6,55.3,26.66,61.29,6.1,56.89,Sandy Loam,garlic,PCAARRD ISP – Vegetables Industry Profile (garlic),https://ispweb.pcaarrd.dost.gov.ph/vegetables/,DOST-PCAARRD,PSA – Crops Production Survey (national & regional crop statistics),https://psa.gov.ph/crops-production-survey
64.3,41.9,41.8,22.83,56.28,6.2,55.16,Loam,onion,PCAARRD ISP – Vegetables Industry Profile (onion),https://ispweb.pcaarrd.dost.gov.ph/vegetables/,DOST-PCAARRD,PSA – Crops Production Survey (national & regional crop statistics),https://psa.gov.ph/crops-production-survey
15.6,8.4,28.3,26.66,85.28,6.07,148.59,Sandy Loam,coconut,PCAARRD ISP – Coconut Industry Profile,https://ispweb.pcaarrd.dost.gov.ph/isp-commodities/coconut/,DOST-PCAARRD,PSA – Crops Production Survey (national & regional crop statistics),https://psa.gov.ph/crops-production-survey
117,49.7,44,28.64,83.91,5.83,281.41,Clay Loam,rice,PCAARRD ISP – Rice Industry Profile,https://ispweb.pcaarrd.dost.gov.ph/isp-commodities/rice/,DOST-PCAARRD,PSA – Crops Production Survey (national & regional crop statistics),https://psa.gov.ph/crops-production-survey
90.6,97,46.9,29.18,87.25,6.06,164.39,Clay Loam,banana,PCAARRD ISP – Banana Industry Profile,https://ispweb.pcaarrd.dost.gov.ph/isp-commodities/banana/,DOST-PCAARRD,PSA – Crops Production Survey (national & regional crop statistics),https://psa.gov.ph/crops-production-survey
102.7,49.8,51.5,31.08,73.55,6.68,152.1,Clay Loam,sugarcane,PCAARRD ISP – Sugarcane Industry Profile,https://ispweb.pcaarrd.dost.gov.ph/sugarcane/,DOST-PCAARRD,PSA – Crops Production Survey (national & regional crop statistics),https://psa.gov.ph/crops-production-survey
82.5,55.9,44.3,24.28,77.44,6.33,254.28,Silty Clay Loam,rice,PCAARRD ISP – Rice Industry Profile,https://ispweb.pcaarrd.dost.gov.ph/isp-commodities/rice/,DOST-PCAARRD,PSA – Crops Production Survey (national & regional crop statistics),https://psa.gov.ph/crops-production-survey
41.9,34.9,90.2,26.83,68.58,5.91,63.92,Sandy Loam,cassava,Department of Agriculture – Official Portal,https://www.da.gov.ph/,Department of Agriculture,PSA – Crops Production Survey (national & regional crop statistics),https://psa.gov.ph/crops-production-survey
78,34.5,57.7,27.78,55.07,6.69,42.69,Sandy Loam,onion,PCAARRD ISP – Vegetables Industry Profile (onion),https://ispweb.pcaarrd.dost.gov.ph/vegetables/,DOST-PCAARRD,PSA – Crops Production Survey (national & regional crop statistics),https://psa.gov.ph/crops-production-survey
58.1,17.1,63.2,24.61,78.65,5.14,106.53,Volcanic Loam,pineapple,PCAARRD ISP – Queen Pineapple Industry Profile,https://ispweb.pcaarrd.dost.gov.ph/queen-pineapple/,DOST-PCAARRD,PSA – Crops Production Survey (national & regional crop statistics),https://psa.gov.ph/crops-production-survey
40.5,28.3,71.3,25.3,74.16,5.08,137.32,Volcanic Loam,pineapple,PCAARRD ISP – Queen Pineapple Industry Profile,https://ispweb.pcaarrd.dost.gov.ph/queen-pineapple/,DOST-PCAARRD,PSA – Crops Production Survey (national & regional crop statistics),https://psa.gov.ph/crops-production-survey
56.6,38.8,36.9,31.61,77.31,6.25,111.51,Loam,ampalaya,PCAARRD ISP – Vegetables Industry Profile,https://ispweb.pcaarrd.dost.gov.ph/vegetables/,DOST-PCAARRD,PSA – Crops Production Survey (national & regional crop statistics),https://psa.gov.ph/crops-production-survey
50.3,20.9,88.8,29.3,73.39,5.56,122.49,Clay Loam,pineapple,PCAARRD ISP – Queen Pineapple Industry Profile,https://ispweb.pcaarrd.dost.gov.ph/queen-pineapple/,DOST-PCAARRD,PSA – Crops Production Survey (national & regional crop statistics),https://psa.gov.ph/crops-production-survey
64.5,31,76,30.66,88.95,5.22,252.18,Clay Loam,abaca,PCAARRD ISP – Abaca Industry Profile,https://ispweb.pcaarrd.dost.gov.ph/isp-commodities/abaca/,DOST-PCAARRD,PSA – Crops Production Survey (national & regional crop statistics),https://psa.gov.ph/crops-production-survey
98,41.9,20.7,29.23,60.77,7.46,75.88,Loam,corn,DA – Philippine Yellow Corn Industry Roadmap,https://www.da.gov.ph/wp-content/uploads/2023/05/Philippine-Yellow-Corn-Industry-Roadmap.pdf,Department of Agriculture,PSA – Crops Production Survey (national & regional crop statistics),https://psa.gov.ph/crops-production-survey
21.4,16,29.9,36.06,51.17,7.43,84.89,Clay Loam,mango,PCAARRD ISP – Mango Industry Profile,https://ispweb.pcaarrd.dost.gov.ph/isp-commodities/mango/,DOST-PCAARRD,PSA – Crops Production Survey (national & regional crop statistics),https://psa.gov.ph/crops-production-survey
19.9,12,15.1,28.85,74.95,5.72,176.66,Loam,calamansi,Department of Agriculture – Official Portal,https://www.da.gov.ph/,Department of Agriculture,PSA – Crops Production Survey (national & regional crop statistics),https://psa.gov.ph/crops-production-survey
15.7,17.2,15.7,28.19,73.05,6.04,119.22,Clay Loam,calamansi,Department of Agriculture – Official Portal,https://www.da.gov.ph/,Department of Agriculture,PSA – Crops Production Survey (national & regional crop statistics),https://psa.gov.ph/crops-production-survey
93,99.3,50,30.42,79.5,5.68,114.01,Loam,banana,PCAARRD ISP – Banana Industry Profile,https://ispweb.pcaarrd.dost.gov.ph/isp-commodities/banana/,DOST-PCAARRD,PSA – Crops Production Survey (national & regional crop statistics),https://psa.gov.ph/crops-production-survey
49.4,28.3,60.3,24.31,66.93,6.59,115.83,Sandy Loam,sweet_potato,PCAARRD ISP – Sweetpotato Industry Profile,https://ispweb.pcaarrd.dost.gov.ph/sweetpotato/,DOST-PCAARRD,PSA – Crops Production Survey (national & regional crop statistics),https://psa.gov.ph/crops-production-survey
70.5,22.2,60,31.69,85.76,6.31,235.84,Clay Loam,abaca,PCAARRD ISP – Abaca Industry Profile,https://ispweb.pcaarrd.dost.gov.ph/isp-commodities/abaca/,DOST-PCAARRD,PSA – Crops Production Survey (national & regional crop statistics),https://psa.gov.ph/crops-production-survey
45.5,35,47.8,32.12,69.23,6.65,61.04,Clay Loam,ampalaya,PCAARRD ISP – Vegetables Industry Profile,https://ispweb.pcaarrd.dost.gov.ph/vegetables/,DOST-PCAARRD,PSA – Crops Production Survey (national & regional crop statistics),https://psa.gov.ph/crops-production-survey
15.3,18.7,29.9,28.22,59.02,6.53,74.23,Sandy Loam,mango,PCAARRD ISP – Mango Industry Profile,https://ispweb.pcaarrd.dost.gov.ph/isp-commodities/mango/,DOST-PCAARRD,PSA – Crops Production Survey (national & regional crop statistics),https://psa.gov.ph/crops-production-survey
114.7,53.9,41.6,26.8,84.95,6.18,164.27,Clay,rice,PCAARRD ISP – Rice Industry Profile,https://ispweb.pcaarrd.dost.gov.ph/isp-commodities/rice/,DOST-PCAARRD,PSA – Crops Production Survey (national & regional crop statistics),https://psa.gov.ph/crops-production-survey
66.2,30.6,44.7,23.86,59.1,6.15,64.06,Sandy Loam,garlic,PCAARRD ISP – Vegetables Industry Profile (garlic),https://ispweb.pcaarrd.dost.gov.ph/vegetables/,DOST-PCAARRD,PSA – Crops Production Survey (national & regional crop statistics),https://psa.gov.ph/crops-production-survey
23.1,20.4,13.8,25.84,75.76,6.01,174.96,Loam,calamansi,Department of Agriculture – Official Portal,https://www.da.gov.ph/,Department of Agriculture,PSA – Crops Production Survey (national & regional crop statistics),https://psa.gov.ph/crops-production-survey
63.7,25,74.9,28.11,94.94,5.81,212.19,Volcanic Loam,abaca,PCAARRD ISP – Abaca Industry Profile,https://ispweb.pcaarrd.dost.gov.ph/isp-commodities/abaca/,DOST-PCAARRD,PSA – Crops Production Survey (national & regional crop statistics),https://psa.gov.ph/crops-production-survey
48.6,60.5,48.6,29.73,86.58,6.04,186.94,Loam,papaya,Department of Agriculture – Official Portal,https://www.da.gov.ph/,Department of Agriculture,PSA – Crops Production Survey (national & regional crop statistics),https://psa.gov.ph/crops-production-survey
105.2,90.7,48.8,29.6,79.36,6.66,156.4,Loam,banana,PCAARRD ISP – Banana Industry Profile,https://ispweb.pcaarrd.dost.gov.ph/isp-commodities/banana/,DOST-PCAARRD,PSA – Crops Production Survey (national & regional crop statistics),https://psa.gov.ph/crops-production-survey
36.8,20.3,30.4,31.51,84.31,4.71,218.96,Loam,rubber,PCAARRD ISP – Rubber Industry Profile,https://ispweb.pcaarrd.dost.gov.ph/isp-commodities/rubber/,DOST-PCAARRD,PSA – Crops Production Survey (national & regional crop statistics),https://psa.gov.ph/crops-production-survey
58.4,33,43.6,27.18,79.16,6.65,117.41,Loam,ampalaya,PCAARRD ISP – Vegetables Industry Profile,https://ispweb.pcaarrd.dost.gov.ph/vegetables/,DOST-PCAARRD,PSA – Crops Production Survey (national & regional crop statistics),https://psa.gov.ph/crops-production-survey
17.8,12.6,31,26.35,83.22,6,219.14,Sandy,coconut,PCAARRD ISP – Coconut Industry Profile,https://ispweb.pcaarrd.dost.gov.ph/isp-commodities/coconut/,DOST-PCAARRD,PSA – Crops Production Survey (national & regional crop statistics),https://psa.gov.ph/crops-production-survey
88.2,45.4,76.8,24.45,61.42,5.91,77.88,Loam,tomato,PCAARRD ISP – Vegetables Industry Profile,https://ispweb.pcaarrd.dost.gov.ph/vegetables/,DOST-PCAARRD,PSA – Crops Production Survey (national & regional crop statistics),https://psa.gov.ph/crops-production-survey
62.7,31.1,40.7,22.93,59.6,6.02,48.78,Loam,onion,PCAARRD ISP – Vegetables Industry Profile (onion),https://ispweb.pcaarrd.dost.gov.ph/vegetables/,DOST-PCAARRD,PSA – Crops Production Survey (national & regional crop statistics),https://psa.gov.ph/crops-production-survey
105.8,48.8,42.6,32.71,68.22,5.85,141.79,Clay Loam,sugarcane,PCAARRD ISP – Sugarcane Industry Profile,https://ispweb.pcaarrd.dost.gov.ph/sugarcane/,DOST-PCAARRD,PSA – Crops Production Survey (national & regional crop statistics),https://psa.gov.ph/crops-production-survey
51.8,44.4,31.5,26.13,65.26,6.42,64.37,Loam,okra,PCAARRD ISP – Vegetables Industry Profile,https://ispweb.pcaarrd.dost.gov.ph/vegetables/,DOST-PCAARRD,PSA – Crops Production Survey (national & regional crop statistics),https://psa.gov.ph/crops-production-survey
107,55,54.4,32.68,61.53,5.81,194.27,Clay Loam,sugarcane,PCAARRD ISP – Sugarcane Industry Profile,https://ispweb.pcaarrd.dost.gov.ph/sugarcane/,DOST-PCAARRD,PSA – Crops Production Survey (national & regional crop statistics),https://psa.gov.ph/crops-production-survey
83.1,55.6,51.1,26.69,70.89,6.88,67.21,Loam,eggplant,PCAARRD ISP – Vegetables Industry Profile,https://ispweb.pcaarrd.dost.gov.ph/vegetables/,DOST-PCAARRD,PSA – Crops Production Survey (national & regional crop statistics),https://psa.gov.ph/crops-production-survey
70.2,54.3,76.9,23.1,71.17,6.04,90.49,Loam,tomato,PCAARRD ISP – Vegetables Industry Profile,https://ispweb.pcaarrd.dost.gov.ph/vegetables/,DOST-PCAARRD,PSA – Crops Production Survey (national & regional crop statistics),https://psa.gov.ph/crops-production-survey
53.4,23.2,86.5,22.76,64.88,6.27,75.9,Sandy Loam,tobacco,Department of Agriculture – Official Portal,https://www.da.gov.ph/,Department of Agriculture,PSA – Crops Production Survey (national & regional crop statistics),https://psa.gov.ph/crops-production-survey
60.2,30.8,88.6,25.52,81.17,5.26,300.94,Loam,abaca,PCAARRD ISP – Abaca Industry Profile,https://ispweb.pcaarrd.dost.gov.ph/isp-commodities/abaca/,DOST-PCAARRD,PSA – Crops Production Survey (national & regional crop statistics),https://psa.gov.ph/crops-production-survey
21.1,32.2,28.3,28.88,73.01,6.91,49.76,Loam,mungbean,PCAARRD ISP – Legumes Industry Profile,https://ispweb.pcaarrd.dost.gov.ph/legumes/,DOST-PCAARRD,PSA – Crops Production Survey (national & regional crop statistics),https://psa.gov.ph/crops-production-survey
15.3,14.2,28.7,31.85,90.96,5.28,138.6,Sandy Loam,coconut,PCAARRD ISP – Coconut Industry Profile,https://ispweb.pcaarrd.dost.gov.ph/isp-commodities/coconut/,DOST-PCAARRD,PSA – Crops Production Survey (national & regional crop statistics),https://psa.gov.ph/crops-production-survey
64.6,38.2,61.4,21.08,62.42,6.32,35.28,Sandy Loam,onion,PCAARRD ISP – Vegetables Industry Profile (onion),https://ispweb.pcaarrd.dost.gov.ph/vegetables/,DOST-PCAARRD,PSA – Crops Production Survey (national & regional crop statistics),https://psa.gov.ph/crops-production-survey
95.8,80,55.6,30.93,90.5,6.06,111.77,Clay Loam,banana,PCAARRD ISP – Banana Industry Profile,https://ispweb.pcaarrd.dost.gov.ph/isp-commodities/banana/,DOST-PCAARRD,PSA – Crops Production Survey (national & regional crop statistics),https://psa.gov.ph/crops-production-survey
19.3,25.9,33.7,30.88,60.14,6.5,85.98,Clay Loam,mango,PCAARRD ISP – Mango Industry Profile,https://ispweb.pcaarrd.dost.gov.ph/isp-commodities/mango/,DOST-PCAARRD,PSA – Crops Production Survey (national & regional crop statistics),https://psa.gov.ph/crops-production-survey
112.6,44.6,43.5,29.29,65.95,5.86,139.54,Clay Loam,sugarcane,PCAARRD ISP – Sugarcane Industry Profile,https://ispweb.pcaarrd.dost.gov.ph/sugarcane/,DOST-PCAARRD,PSA – Crops Production Survey (national & regional crop statistics),https://psa.gov.ph/crops-production-survey
46.1,53.1,51.4,28.2,74.8,5.94,162.7,Loam,papaya,Department of Agriculture – Official Portal,https://www.da.gov.ph/,Department of Agriculture,PSA – Crops Production Survey (national & regional crop statistics),https://psa.gov.ph/crops-production-survey
58.1,48.3,37.2,28.97,66.78,6.57,58.44,Clay Loam,ampalaya,PCAARRD ISP – Vegetables Industry Profile,https://ispweb.pcaarrd.dost.gov.ph/vegetables/,DOST-PCAARRD,PSA – Crops Production Survey (national & regional crop statistics),https://psa.gov.ph/crops-production-survey
19.9,13.5,32.6,24.56,81.3,6.37,207.73,Sandy Loam,coconut,PCAARRD ISP – Coconut Industry Profile,https://ispweb.pcaarrd.dost.gov.ph/isp-commodities/coconut/,DOST-PCAARRD,PSA – Crops Production Survey (national & regional crop statistics),https://psa.gov.ph/crops-production-survey
17.6,14.6,15.7,31.48,80,6.01,119.72,Sandy Loam,calamansi,Department of Agriculture – Official Portal,https://www.da.gov.ph/,Department of Agriculture,PSA – Crops Production Survey (national & regional crop statistics),https://psa.gov.ph/crops-production-survey
21.3,50.6,23.3,28.62,71.54,6.54,69.37,Loam,mungbean,PCAARRD ISP – Legumes Industry Profile,https://ispweb.pcaarrd.dost.gov.ph/legumes/,DOST-PCAARRD,PSA – Crops Production Survey (national & regional crop statistics),https://psa.gov.ph/crops-production-survey
66.1,34.6,85.4,28.35,62.49,5.52,51.53,Loam,tobacco,Department of Agriculture – Official Portal,https://www.da.gov.ph/,Department of Agriculture,PSA – Crops Production Survey (national & regional crop statistics),https://psa.gov.ph/crops-production-survey
28.8,27.5,22.2,26.74,80.04,5.48,199.99,Volcanic Loam,rubber,PCAARRD ISP – Rubber Industry Profile,https://ispweb.pcaarrd.dost.gov.ph/isp-commodities/rubber/,DOST-PCAARRD,PSA – Crops Production Survey (national & regional crop statistics),https://psa.gov.ph/crops-production-survey
93.3,48.7,44.2,26.51,82.9,6.22,228.45,Clay Loam,rice,PCAARRD ISP – Rice Industry Profile,https://ispweb.pcaarrd.dost.gov.ph/isp-commodities/rice/,DOST-PCAARRD,PSA – Crops Production Survey (national & regional crop statistics),https://psa.gov.ph/crops-production-survey
21.7,15.5,21.8,26.23,70.8,6.13,125.6,Clay Loam,calamansi,Department of Agriculture – Official Portal,https://www.da.gov.ph/,Department of Agriculture,PSA – Crops Production Survey (national & regional crop statistics),https://psa.gov.ph/crops-production-survey
21,10.3,18.2,31.38,79.2,6.03,136.9,Loam,calamansi,Department of Agriculture – Official Portal,https://www.da.gov.ph/,Department of Agriculture,PSA – Crops Production Survey (national & regional crop statistics),https://psa.gov.ph/crops-production-survey
44.7,46.4,48.9,25.08,82.28,6.04,184.05,Loam,papaya,Department of Agriculture – Official Portal,https://www.da.gov.ph/,Department of Agriculture,PSA – Crops Production Survey (national & regional crop statistics),https://psa.gov.ph/crops-production-survey
82.7,47.2,20.8,30.73,74.61,7.36,66.27,Sandy Loam,corn,DA – Philippine Yellow Corn Industry Roadmap,https://www.da.gov.ph/wp-content/uploads/2023/05/Philippine-Yellow-Corn-Industry-Roadmap.pdf,Department of Agriculture,PSA – Crops Production Survey (national & regional crop statistics),https://psa.gov.ph/crops-production-survey
80.8,39.5,51.6,26.87,85.63,6.09,161.43,Loam,cacao,PCAARRD ISP – Cacao Industry Profile,https://ispweb.pcaarrd.dost.gov.ph/isp-commodities/cacao/,DOST-PCAARRD,PSA – Crops Production Survey (national & regional crop statistics),https://psa.gov.ph/crops-production-survey
96.4,15.1,30.9,26.88,77.69,5.74,162.89,Volcanic Loam,coffee,PCAARRD ISP – Coffee Industry Profile,https://ispweb.pcaarrd.dost.gov.ph/isp-commodities/coffee/,DOST-PCAARRD,PSA – Crops Production Survey (national & regional crop statistics),https://psa.gov.ph/crops-production-survey
20.7,8.8,27.7,24.53,82.29,7.38,131.5,Sandy Loam,coconut,PCAARRD ISP – Coconut Industry Profile,https://ispweb.pcaarrd.dost.gov.ph/isp-commodities/coconut/,DOST-PCAARRD,PSA – Crops Production Survey (national & regional crop statistics),https://psa.gov.ph/crops-production-survey
69.5,39.8,54,20.92,65.84,6.71,29.83,Sandy Loam,garlic,PCAARRD ISP – Vegetables Industry Profile (garlic),https://ispweb.pcaarrd.dost.gov.ph/vegetables/,DOST-PCAARRD,PSA – Crops Production Survey (national & regional crop statistics),https://psa.gov.ph/crops-production-survey
26.5,32.2,29.9,27.55,59.9,5.9,80.26,Sandy Loam,peanut,PCAARRD ISP – Legumes Industry Profile,https://ispweb.pcaarrd.dost.gov.ph/legumes/,DOST-PCAARRD,PSA – Crops Production Survey (national & regional crop statistics),https://psa.gov.ph/crops-production-survey
42.8,57.3,54.5,31.38,79.2,5.57,165.36,Loam,papaya,Department of Agriculture – Official Portal,https://www.da.gov.ph/,Department of Agriculture,PSA – Crops Production Survey (national & regional crop statistics),https://psa.gov.ph/crops-production-survey
74.7,50.4,55.7,28.98,83.94,5.88,220.02,Loam,cacao,PCAARRD ISP – Cacao Industry Profile,https://ispweb.pcaarrd.dost.gov.ph/isp-commodities/cacao/,DOST-PCAARRD,PSA – Crops Production Survey (national & regional crop statistics),https://psa.gov.ph/crops-production-survey
108.6,48.3,47.9,30.08,63.44,5.73,175.93,Loam,sugarcane,PCAARRD ISP – Sugarcane Industry Profile,https://ispweb.pcaarrd.dost.gov.ph/sugarcane/,DOST-PCAARRD,PSA – Crops Production Survey (national & regional crop statistics),https://psa.gov.ph/crops-production-survey
44.9,22,80.3,26.64,71.99,6.69,63.73,Loam,sweet_potato,PCAARRD ISP – Sweetpotato Industry Profile,https://ispweb.pcaarrd.dost.gov.ph/sweetpotato/,DOST-PCAARRD,PSA – Crops Production Survey (national & regional crop statistics),https://psa.gov.ph/crops-production-survey
19.5,12.5,22.3,30.69,83.5,5.46,105.65,Loam,calamansi,Department of Agriculture – Official Portal,https://www.da.gov.ph/,Department of Agriculture,PSA – Crops Production Survey (national & regional crop statistics),https://psa.gov.ph/crops-production-survey
23.2,15.5,33.1,29.41,81.11,5.82,173.12,Loam,rubber,PCAARRD ISP – Rubber Industry Profile,https://ispweb.pcaarrd.dost.gov.ph/isp-commodities/rubber/,DOST-PCAARRD,PSA – Crops Production Survey (national & regional crop statistics),https://psa.gov.ph/crops-production-survey
15.9,25,34.5,27.4,53.11,6.58,62.14,Sandy Loam,mango,PCAARRD ISP – Mango Industry Profile,https://ispweb.pcaarrd.dost.gov.ph/isp-commodities/mango/,DOST-PCAARRD,PSA – Crops Production Survey (national & regional crop statistics),https://psa.gov.ph/crops-production-survey
16.5,12,31.2,29.01,86.68,5.49,247.82,Sandy,coconut,PCAARRD ISP – Coconut Industry Profile,https://ispweb.pcaarrd.dost.gov.ph/isp-commodities/coconut/,DOST-PCAARRD,PSA – Crops Production Survey (national & regional crop statistics),https://psa.gov.ph/crops-production-survey
106.3,24.6,35,26.89,71.4,6.33,174.1,Clay Loam,coffee,PCAARRD ISP – Coffee Industry Profile,https://ispweb.pcaarrd.dost.gov.ph/isp-commodities/coffee/,DOST-PCAARRD,PSA – Crops Production Survey (national & regional crop statistics),https://psa.gov.ph/crops-production-survey
22.6,25.2,34.3,30.45,77.31,5.08,177.62,Volcanic Loam,rubber,PCAARRD ISP – Rubber Industry Profile,https://ispweb.pcaarrd.dost.gov.ph/isp-commodities/rubber/,DOST-PCAARRD,PSA – Crops Production Survey (national & regional crop statistics),https://psa.gov.ph/crops-production-survey
21,19.1,33.9,30.91,52.7,6.26,89.97,Sandy Loam,mango,PCAARRD ISP – Mango Industry Profile,https://ispweb.pcaarrd.dost.gov.ph/isp-commodities/mango/,DOST-PCAARRD,PSA – Crops Production Survey (national & regional crop statistics),https://psa.gov.ph/crops-production-survey
104.2,16.2,27.6,27.12,66.83,5.19,155.15,Clay Loam,coffee,PCAARRD ISP – Coffee Industry Profile,https://ispweb.pcaarrd.dost.gov.ph/isp-commodities/coffee/,DOST-PCAARRD,PSA – Crops Production Survey (national & regional crop statistics),https://psa.gov.ph/crops-production-survey
38.1,24.3,28.9,30.61,75.69,4.57,189.04,Loam,rubber,PCAARRD ISP – Rubber Industry Profile,https://ispweb.pcaarrd.dost.gov.ph/isp-commodities/rubber/,DOST-PCAARRD,PSA – Crops Production Survey (national & regional crop statistics),https://psa.gov.ph/crops-production-survey
50.7,30.9,84,25.39,60.76,6.23,125.57,Loam,cassava,Department of Agriculture – Official Portal,https://www.da.gov.ph/,Department of Agriculture,PSA – Crops Production Survey (national & regional crop statistics),https://psa.gov.ph/crops-production-survey
18.3,18.5,20.3,27.77,77.21,5.89,123.68,Loam,calamansi,Department of Agriculture – Official Portal,https://www.da.gov.ph/,Department of Agriculture,PSA – Crops Production Survey (national & regional crop statistics),https://psa.gov.ph/crops-production-survey
61,48.9,34.7,28.73,62.86,6.03,90.42,Sandy Loam,okra,PCAARRD ISP – Vegetables Industry Profile,https://ispweb.pcaarrd.dost.gov.ph/vegetables/,DOST-PCAARRD,PSA – Crops Production Survey (national & regional crop statistics),https://psa.gov.ph/crops-production-survey
92.8,56.8,40.2,26.62,80.67,6.08,174.18,Clay,rice,PCAARRD ISP – Rice Industry Profile,https://ispweb.pcaarrd.dost.gov.ph/isp-commodities/rice/,DOST-PCAARRD,PSA – Crops Production Survey (national & regional crop statistics),https://psa.gov.ph/crops-production-survey
102.2,27.7,35,20.54,62.15,5.39,198.73,Volcanic Loam,coffee,PCAARRD ISP – Coffee Industry Profile,https://ispweb.pcaarrd.dost.gov.ph/isp-commodities/coffee/,DOST-PCAARRD,PSA – Crops Production Survey (national & regional crop statistics),https://psa.gov.ph/crops-production-survey
17,47.7,25.6,28.18,69.67,6.96,65.28,Sandy Loam,mungbean,PCAARRD ISP – Legumes Industry Profile,https://ispweb.pcaarrd.dost.gov.ph/legumes/,DOST-PCAARRD,PSA – Crops Production Survey (national & regional crop statistics),https://psa.gov.ph/crops-production-survey
68.6,47,52.8,21,63.05,6.77,50.35,Sandy Loam,garlic,PCAARRD ISP – Vegetables Industry Profile (garlic),https://ispweb.pcaarrd.dost.gov.ph/vegetables/,DOST-PCAARRD,PSA – Crops Production Survey (national & regional crop statistics),https://psa.gov.ph/crops-production-survey
73.1,35.1,67.5,26.38,84.14,6.03,208.68,Loam,abaca,PCAARRD ISP – Abaca Industry Profile,https://ispweb.pcaarrd.dost.gov.ph/isp-commodities/abaca/,DOST-PCAARRD,PSA – Crops Production Survey (national & regional crop statistics),https://psa.gov.ph/crops-production-survey
103.2,18,28.7,21.4,66.9,5.18,186.5,Volcanic Loam,coffee,PCAARRD ISP – Coffee Industry Profile,https://ispweb.pcaarrd.dost.gov.ph/isp-commodities/coffee/,DOST-PCAARRD,PSA – Crops Production Survey (national & regional crop statistics),https://psa.gov.ph/crops-production-survey
23.4,11.5,20.1,32.22,79.49,5.53,148.54,Loam,calamansi,Department of Agriculture – Official Portal,https://www.da.gov.ph/,Department of Agriculture,PSA – Crops Production Survey (national & regional crop statistics),https://psa.gov.ph/crops-production-survey
80.9,56.4,40.2,30.48,88.32,6.19,188.9,Clay Loam,rice,PCAARRD ISP – Rice Industry Profile,https://ispweb.pcaarrd.dost.gov.ph/isp-commodities/rice/,DOST-PCAARRD,PSA – Crops Production Survey (national & regional crop statistics),https://psa.gov.ph/crops-production-survey
108.1,51.8,58.4,34.08,66.14,5.9,144.49,Clay Loam,sugarcane,PCAARRD ISP – Sugarcane Industry Profile,https://ispweb.pcaarrd.dost.gov.ph/sugarcane/,DOST-PCAARRD,PSA – Crops Production Survey (national & regional crop statistics),https://psa.gov.ph/crops-production-survey
23.1,49,28.6,31.63,68.72,6.55,62.15,Loam,mungbean,PCAARRD ISP – Legumes Industry Profile,https://ispweb.pcaarrd.dost.gov.ph/legumes/,DOST-PCAARRD,PSA – Crops Production Survey (national & regional crop statistics),https://psa.gov.ph/crops-production-survey
80.7,41.4,61.3,27.54,68.82,6.52,35.43,Loam,garlic,PCAARRD ISP – Vegetables Industry Profile (garlic),https://ispweb.pcaarrd.dost.gov.ph/vegetables/,DOST-PCAARRD,PSA – Crops Production Survey (national & regional crop statistics),https://psa.gov.ph/crops-production-survey
79.4,58.2,47.3,28.55,73.79,6.47,124.21,Loam,eggplant,PCAARRD ISP – Vegetables Industry Profile,https://ispweb.pcaarrd.dost.gov.ph/vegetables/,DOST-PCAARRD,PSA – Crops Production Survey (national & regional crop statistics),https://psa.gov.ph/crops-production-survey
83.9,39.5,45.6,28.33,80.4,6.77,178.03,Loam,cacao,PCAARRD ISP – Cacao Industry Profile,https://ispweb.pcaarrd.dost.gov.ph/isp-commodities/cacao/,DOST-PCAARRD,PSA – Crops Production Survey (national & regional crop statistics),https://psa.gov.ph/crops-production-survey
86.9,40.7,22.4,29.31,71.47,6.68,67.6,Clay Loam,corn,DA – Philippine Yellow Corn Industry Roadmap,https://www.da.gov.ph/wp-content/uploads/2023/05/Philippine-Yellow-Corn-Industry-Roadmap.pdf,Department of Agriculture,PSA – Crops Production Survey (national & regional crop statistics),https://psa.gov.ph/crops-production-survey
45.8,61.5,50.7,29.83,81.88,6.12,161.25,Loam,papaya,Department of Agriculture – Official Portal,https://www.da.gov.ph/,Department of Agriculture,PSA – Crops Production Survey (national & regional crop statistics),https://psa.gov.ph/crops-production-survey
21.1,20.6,28.2,28.36,53.29,5.93,77.97,Sandy Loam,mango,PCAARRD ISP – Mango Industry Profile,https://ispweb.pcaarrd.dost.gov.ph/isp-commodities/mango/,DOST-PCAARRD,PSA – Crops Production Survey (national & regional crop statistics),https://psa.gov.ph/crops-production-survey
24,47,46.1,27.45,59.73,5.75,87.02,Sandy Loam,peanut,PCAARRD ISP – Legumes Industry Profile,https://ispweb.pcaarrd.dost.gov.ph/legumes/,DOST-PCAARRD,PSA – Crops Production Survey (national & regional crop statistics),https://psa.gov.ph/crops-production-survey
79.8,34.1,45.9,26.59,63.53,6.39,46.98,Loam,garlic,PCAARRD ISP – Vegetables Industry Profile (garlic),https://ispweb.pcaarrd.dost.gov.ph/vegetables/,DOST-PCAARRD,PSA – Crops Production Survey (national & regional crop statistics),https://psa.gov.ph/crops-production-survey
17.7,7.9,28.2,27.34,92.43,6.8,230.98,Sandy,coconut,PCAARRD ISP – Coconut Industry Profile,https://ispweb.pcaarrd.dost.gov.ph/isp-commodities/coconut/,DOST-PCAARRD,PSA – Crops Production Survey (national & regional crop statistics),https://psa.gov.ph/crops-production-survey
23.6,22,30.6,32.35,68.98,6.22,61.09,Sandy Loam,mango,PCAARRD ISP – Mango Industry Profile,https://ispweb.pcaarrd.dost.gov.ph/isp-commodities/mango/,DOST-PCAARRD,PSA – Crops Production Survey (national & regional crop statistics),https://psa.gov.ph/crops-production-survey
19.1,33.5,27.2,28.81,63.36,6.19,63.12,Sandy Loam,mungbean,PCAARRD ISP – Legumes Industry Profile,https://ispweb.pcaarrd.dost.gov.ph/legumes/,DOST-PCAARRD,PSA – Crops Production Survey (national & regional crop statistics),https://psa.gov.ph/crops-production-survey
82.4,47.1,63,23.54,59.38,6.03,95.67,Sandy Loam,tomato,PCAARRD ISP – Vegetables Industry Profile,https://ispweb.pcaarrd.dost.gov.ph/vegetables/,DOST-PCAARRD,PSA – Crops Production Survey (national & regional crop statistics),https://psa.gov.ph/crops-production-survey
108,100,51.3,30.54,76.07,6.85,150.35,Clay Loam,banana,PCAARRD ISP – Banana Industry Profile,https://ispweb.pcaarrd.dost.gov.ph/isp-commodities/banana/,DOST-PCAARRD,PSA – Crops Production Survey (national & regional crop statistics),https://psa.gov.ph/crops-production-survey
65.2,58.3,87.2,26.18,61.82,6.16,62.4,Sandy Loam,tomato,PCAARRD ISP – Vegetables Industry Profile,https://ispweb.pcaarrd.dost.gov.ph/vegetables/,DOST-PCAARRD,PSA – Crops Production Survey (national & regional crop statistics),https://psa.gov.ph/crops-production-survey
25.8,41,30.7,27.06,60.08,5.64,70.76,Sandy Loam,peanut,PCAARRD ISP – Legumes Industry Profile,https://ispweb.pcaarrd.dost.gov.ph/legumes/,DOST-PCAARRD,PSA – Crops Production Survey (national & regional crop statistics),https://psa.gov.ph/crops-production-survey
57.8,37.6,82,31.3,82.51,6.08,284,Loam,abaca,PCAARRD ISP – Abaca Industry Profile,https://ispweb.pcaarrd.dost.gov.ph/isp-commodities/abaca/,DOST-PCAARRD,PSA – Crops Production Survey (national & regional crop statistics),https://psa.gov.ph/crops-production-survey
81.5,40.5,79,24.14,62.39,6.45,72.96,Sandy Loam,tomato,PCAARRD ISP – Vegetables Industry Profile,https://ispweb.pcaarrd.dost.gov.ph/vegetables/,DOST-PCAARRD,PSA – Crops Production Survey (national & regional crop statistics),https://psa.gov.ph/crops-production-survey
72.7,37.8,51.5,27.2,64.66,6.55,43.09,Loam,onion,PCAARRD ISP – Vegetables Industry Profile (onion),https://ispweb.pcaarrd.dost.gov.ph/vegetables/,DOST-PCAARRD,PSA – Crops Production Survey (national & regional crop statistics),https://psa.gov.ph/crops-production-survey
21.6,16,19.9,26.66,74.13,6.03,128.3,Clay Loam,calamansi,Department of Agriculture – Official Portal,https://www.da.gov.ph/,Department of Agriculture,PSA – Crops Production Survey (national & regional crop statistics),https://psa.gov.ph/crops-production-survey
75.1,23.2,86.7,29.17,86.85,5.82,297.91,Loam,abaca,PCAARRD ISP – Abaca Industry Profile,https://ispweb.pcaarrd.dost.gov.ph/isp-commodities/abaca/,DOST-PCAARRD,PSA – Crops Production Survey (national & regional crop statistics),https://psa.gov.ph/crops-production-survey
76.6,48.4,52.1,25.18,84.57,6.95,211.86,Clay Loam,cacao,PCAARRD ISP – Cacao Industry Profile,https://ispweb.pcaarrd.dost.gov.ph/isp-commodities/cacao/,DOST-PCAARRD,PSA – Crops Production Survey (national & regional crop statistics),https://psa.gov.ph/crops-production-survey
40.7,31.9,82.3,28.07,60.67,5.63,100.15,Sandy Loam,sweet_potato,PCAARRD ISP – Sweetpotato Industry Profile,https://ispweb.pcaarrd.dost.gov.ph/sweetpotato/,DOST-PCAARRD,PSA – Crops Production Survey (national & regional crop statistics),https://psa.gov.ph/crops-production-survey
23.3,11.3,18.2,26.55,82.1,6.08,116.58,Sandy Loam,calamansi,Department of Agriculture – Official Portal,https://www.da.gov.ph/,Department of Agriculture,PSA – Crops Production Survey (national & regional crop statistics),https://psa.gov.ph/crops-production-survey
107.9,86.6,49.7,29.04,83.44,6.91,151.86,Volcanic Loam,banana,PCAARRD ISP – Banana Industry Profile,https://ispweb.pcaarrd.dost.gov.ph/isp-commodities/banana/,DOST-PCAARRD,PSA – Crops Production Survey (national & regional crop statistics),https://psa.gov.ph/crops-production-survey
18.7,11.3,34.5,29.84,82.09,7.25,246.08,Sandy,coconut,PCAARRD ISP – Coconut Industry Profile,https://ispweb.pcaarrd.dost.gov.ph/isp-commodities/coconut/,DOST-PCAARRD,PSA – Crops Production Survey (national & regional crop statistics),https://psa.gov.ph/crops-production-survey
22.6,18.8,21.1,26.37,74.64,6.4,136.72,Loam,calamansi,Department of Agriculture – Official Portal,https://www.da.gov.ph/,Department of Agriculture,PSA – Crops Production Survey (national & regional crop statistics),https://psa.gov.ph/crops-production-survey
99.7,50.2,21.3,32.09,62.08,6.44,86.85,Loam,corn,DA – Philippine Yellow Corn Industry Roadmap,https://www.da.gov.ph/wp-content/uploads/2023/05/Philippine-Yellow-Corn-Industry-Roadmap.pdf,Department of Agriculture,PSA – Crops Production Survey (national & regional crop statistics),https://psa.gov.ph/crops-production-survey
99.2,60.6,44.9,30.72,78.03,6.54,206.13,Clay Loam,rice,PCAARRD ISP – Rice Industry Profile,https://ispweb.pcaarrd.dost.gov.ph/isp-commodities/rice/,DOST-PCAARRD,PSA – Crops Production Survey (national & regional crop statistics),https://psa.gov.ph/crops-production-survey
41.3,27.4,86.9,26.95,64.39,6.37,112.4,Loam,sweet_potato,PCAARRD ISP – Sweetpotato Industry Profile,https://ispweb.pcaarrd.dost.gov.ph/sweetpotato/,DOST-PCAARRD,PSA – Crops Production Survey (national & regional crop statistics),https://psa.gov.ph/crops-production-survey
24.1,47.5,39.3,25.1,55.27,5.95,54.75,Sandy,peanut,PCAARRD ISP – Legumes Industry Profile,https://ispweb.pcaarrd.dost.gov.ph/legumes/,DOST-PCAARRD,PSA – Crops Production Survey (national & regional crop statistics),https://psa.gov.ph/crops-production-survey
82.4,32.8,46,26.94,83.47,6.29,181.33,Clay Loam,cacao,PCAARRD ISP – Cacao Industry Profile,https://ispweb.pcaarrd.dost.gov.ph/isp-commodities/cacao/,DOST-PCAARRD,PSA – Crops Production Survey (national & regional crop statistics),https://psa.gov.ph/crops-production-survey
59,49.9,42.6,22.36,66.11,6.39,52.55,Sandy Loam,garlic,PCAARRD ISP – Vegetables Industry Profile (garlic),https://ispweb.pcaarrd.dost.gov.ph/vegetables/,DOST-PCAARRD,PSA – Crops Production Survey (national & regional crop statistics),https://psa.gov.ph/crops-production-survey
73.8,35.2,85.5,28.54,82.59,6,263.95,Loam,abaca,PCAARRD ISP – Abaca Industry Profile,https://ispweb.pcaarrd.dost.gov.ph/isp-commodities/abaca/,DOST-PCAARRD,PSA – Crops Production Survey (national & regional crop statistics),https://psa.gov.ph/crops-production-survey
95.8,40.3,23.1,28.97,71.12,6.77,77.05,Loam,corn,DA – Philippine Yellow Corn Industry Roadmap,https://www.da.gov.ph/wp-content/uploads/2023/05/Philippine-Yellow-Corn-Industry-Roadmap.pdf,Department of Agriculture,PSA – Crops Production Survey (national & regional crop statistics),https://psa.gov.ph/crops-production-survey
16.9,10,28.2,26.29,82.16,7.65,129.67,Sandy,coconut,PCAARRD ISP – Coconut Industry Profile,https://ispweb.pcaarrd.dost.gov.ph/isp-commodities/coconut/,DOST-PCAARRD,PSA – Crops Production Survey (national & regional crop statistics),https://psa.gov.ph/crops-production-survey
106.9,22.8,26.7,21.52,63.92,5.77,244.55,Clay Loam,coffee,PCAARRD ISP – Coffee Industry Profile,https://ispweb.pcaarrd.dost.gov.ph/isp-commodities/coffee/,DOST-PCAARRD,PSA – Crops Production Survey (national & regional crop statistics),https://psa.gov.ph/crops-production-survey
85.5,49.4,45,26.71,68.8,6.09,62.47,Loam,eggplant,PCAARRD ISP – Vegetables Industry Profile,https://ispweb.pcaarrd.dost.gov.ph/vegetables/,DOST-PCAARRD,PSA – Crops Production Survey (national & regional crop statistics),https://psa.gov.ph/crops-production-survey
16.4,42.7,28.8,26.88,61.36,6.23,48.45,Sandy Loam,mungbean,PCAARRD ISP – Legumes Industry Profile,https://ispweb.pcaarrd.dost.gov.ph/legumes/,DOST-PCAARRD,PSA – Crops Production Survey (national & regional crop statistics),https://psa.gov.ph/crops-production-survey
49.3,40.6,41,31.68,73.85,6.22,94.09,Loam,ampalaya,PCAARRD ISP – Vegetables Industry Profile,https://ispweb.pcaarrd.dost.gov.ph/vegetables/,DOST-PCAARRD,PSA – Crops Production Survey (national & regional crop statistics),https://psa.gov.ph/crops-production-survey
59.7,25.5,63.4,29.91,61.17,6.49,90,Loam,cassava,Department of Agriculture – Official Portal,https://www.da.gov.ph/,Department of Agriculture,PSA – Crops Production Survey (national & regional crop statistics),https://psa.gov.ph/crops-production-survey
101.4,26.2,31.1,19.75,77.92,5.57,200.99,Volcanic Loam,coffee,PCAARRD ISP – Coffee Industry Profile,https://ispweb.pcaarrd.dost.gov.ph/isp-commodities/coffee/,DOST-PCAARRD,PSA – Crops Production Survey (national & regional crop statistics),https://psa.gov.ph/crops-production-survey
71.6,33.4,43.8,29.34,81.05,5.84,235.51,Volcanic Loam,cacao,PCAARRD ISP – Cacao Industry Profile,https://ispweb.pcaarrd.dost.gov.ph/isp-commodities/cacao/,DOST-PCAARRD,PSA – Crops Production Survey (national & regional crop statistics),https://psa.gov.ph/crops-production-survey
99.6,58.5,24.3,24.16,74.88,7.49,55.94,Clay Loam,corn,DA – Philippine Yellow Corn Industry Roadmap,https://www.da.gov.ph/wp-content/uploads/2023/05/Philippine-Yellow-Corn-Industry-Roadmap.pdf,Department of Agriculture,PSA – Crops Production Survey (national & regional crop statistics),https://psa.gov.ph/crops-production-survey
78.5,30,54.2,22.05,64.36,6.31,71.1,Sandy Loam,garlic,PCAARRD ISP – Vegetables Industry Profile (garlic),https://ispweb.pcaarrd.dost.gov.ph/vegetables/,DOST-PCAARRD,PSA – Crops Production Survey (national & regional crop statistics),https://psa.gov.ph/crops-production-survey
56.6,65.7,49.9,24.19,78.23,6.74,148.7,Clay Loam,papaya,Department of Agriculture – Official Portal,https://www.da.gov.ph/,Department of Agriculture,PSA – Crops Production Survey (national & regional crop statistics),https://psa.gov.ph/crops-production-survey
24,24.2,26.8,34.49,53.52,6.93,72.29,Loam,mango,PCAARRD ISP – Mango Industry Profile,https://ispweb.pcaarrd.dost.gov.ph/isp-commodities/mango/,DOST-PCAARRD,PSA – Crops Production Survey (national & regional crop statistics),https://psa.gov.ph/crops-production-survey
82.1,52.9,54.7,23.41,69.51,5.74,102.73,Clay Loam,eggplant,PCAARRD ISP – Vegetables Industry Profile,https://ispweb.pcaarrd.dost.gov.ph/vegetables/,DOST-PCAARRD,PSA – Crops Production Survey (national & regional crop statistics),https://psa.gov.ph/crops-production-survey
17.9,10.5,26.6,28.47,95.99,7.77,187.11,Sandy Loam,coconut,PCAARRD ISP – Coconut Industry Profile,https://ispweb.pcaarrd.dost.gov.ph/isp-commodities/coconut/,DOST-PCAARRD,PSA – Crops Production Survey (national & regional crop statistics),https://psa.gov.ph/crops-production-survey
64.9,39,49.2,27.31,87.86,6,202.55,Clay Loam,cacao,PCAARRD ISP – Cacao Industry Profile,https://ispweb.pcaarrd.dost.gov.ph/isp-commodities/cacao/,DOST-PCAARRD,PSA – Crops Production Survey (national & regional crop statistics),https://psa.gov.ph/crops-production-survey
111.1,86.1,51,30.24,87.89,5.68,101.88,Clay Loam,banana,PCAARRD ISP – Banana Industry Profile,https://ispweb.pcaarrd.dost.gov.ph/isp-commodities/banana/,DOST-PCAARRD,PSA – Crops Production Survey (national & regional crop statistics),https://psa.gov.ph/crops-production-survey
52.5,26,68.2,24.48,78.09,4.66,120.62,Volcanic Loam,pineapple,PCAARRD ISP – Queen Pineapple Industry Profile,https://ispweb.pcaarrd.dost.gov.ph/queen-pineapple/,DOST-PCAARRD,PSA – Crops Production Survey (national & regional crop statistics),https://psa.gov.ph/crops-production-survey
48.1,45.2,42,27.77,60.04,6.25,53.57,Sandy Loam,okra,PCAARRD ISP – Vegetables Industry Profile,https://ispweb.pcaarrd.dost.gov.ph/vegetables/,DOST-PCAARRD,PSA – Crops Production Survey (national & regional crop statistics),https://psa.gov.ph/crops-production-survey
106.1,78.2,48.3,29.52,86.96,6.09,162.18,Loam,banana,PCAARRD ISP – Banana Industry Profile,https://ispweb.pcaarrd.dost.gov.ph/isp-commodities/banana/,DOST-PCAARRD,PSA – Crops Production Survey (national & regional crop statistics),https://psa.gov.ph/crops-production-survey
81.1,31.3,45.2,20.61,63.78,6.5,65.12,Sandy Loam,garlic,PCAARRD ISP – Vegetables Industry Profile (garlic),https://ispweb.pcaarrd.dost.gov.ph/vegetables/,DOST-PCAARRD,PSA – Crops Production Survey (national & regional crop statistics),https://psa.gov.ph/crops-production-survey
77.9,37.5,73.6,26.35,94.69,5.53,206.52,Clay Loam,abaca,PCAARRD ISP – Abaca Industry Profile,https://ispweb.pcaarrd.dost.gov.ph/isp-commodities/abaca/,DOST-PCAARRD,PSA – Crops Production Survey (national & regional crop statistics),https://psa.gov.ph/crops-production-survey
66.6,26.9,71.7,22.48,59.62,5.89,87.24,Loam,tobacco,Department of Agriculture – Official Portal,https://www.da.gov.ph/,Department of Agriculture,PSA – Crops Production Survey (national & regional crop statistics),https://psa.gov.ph/crops-production-survey
51.5,25.2,75.9,25.99,75.32,5.63,94.89,Volcanic Loam,pineapple,PCAARRD ISP – Queen Pineapple Industry Profile,https://ispweb.pcaarrd.dost.gov.ph/queen-pineapple/,DOST-PCAARRD,PSA – Crops Production Survey (national & regional crop statistics),https://psa.gov.ph/crops-production-survey
98.7,58.2,24,27.41,70.77,6.18,106.91,Loam,corn,DA – Philippine Yellow Corn Industry Roadmap,https://www.da.gov.ph/wp-content/uploads/2023/05/Philippine-Yellow-Corn-Industry-Roadmap.pdf,Department of Agriculture,PSA – Crops Production Survey (national & regional crop statistics),https://psa.gov.ph/crops-production-survey
121.4,52.6,41.2,30.12,66.89,6.34,166.63,Clay Loam,sugarcane,PCAARRD ISP – Sugarcane Industry Profile,https://ispweb.pcaarrd.dost.gov.ph/sugarcane/,DOST-PCAARRD,PSA – Crops Production Survey (national & regional crop statistics),https://psa.gov.ph/crops-production-survey
77.7,44.7,84.8,23.03,67.53,5.77,57.73,Sandy Loam,tomato,PCAARRD ISP – Vegetables Industry Profile,https://ispweb.pcaarrd.dost.gov.ph/vegetables/,DOST-PCAARRD,PSA – Crops Production Survey (national & regional crop statistics),https://psa.gov.ph/crops-production-survey
24.4,19.3,33.1,33.98,57.52,6.51,65.75,Loam,mango,PCAARRD ISP – Mango Industry Profile,https://ispweb.pcaarrd.dost.gov.ph/isp-commodities/mango/,DOST-PCAARRD,PSA – Crops Production Survey (national & regional crop statistics),https://psa.gov.ph/crops-production-survey
79.5,47.8,57.2,25.64,58.59,6.09,33,Loam,onion,PCAARRD ISP – Vegetables Industry Profile (onion),https://ispweb.pcaarrd.dost.gov.ph/vegetables/,DOST-PCAARRD,PSA – Crops Production Survey (national & regional crop statistics),https://psa.gov.ph/crops-production-survey
93.4,61.4,20.5,24.24,65.8,5.82,64.95,Loam,corn,DA – Philippine Yellow Corn Industry Roadmap,https://www.da.gov.ph/wp-content/uploads/2023/05/Philippine-Yellow-Corn-Industry-Roadmap.pdf,Department of Agriculture,PSA – Crops Production Survey (national & regional crop statistics),https://psa.gov.ph/crops-production-survey
46.4,46.1,37.5,29.84,79.71,6.77,107.25,Clay Loam,ampalaya,PCAARRD ISP – Vegetables Industry Profile,https://ispweb.pcaarrd.dost.gov.ph/vegetables/,DOST-PCAARRD,PSA – Crops Production Survey (national & regional crop statistics),https://psa.gov.ph/crops-production-survey
87.9,37.9,47.5,21.29,61.73,6.96,67.38,Sandy Loam,onion,PCAARRD ISP – Vegetables Industry Profile (onion),https://ispweb.pcaarrd.dost.gov.ph/vegetables/,DOST-PCAARRD,PSA – Crops Production Survey (national & regional crop statistics),https://psa.gov.ph/crops-production-survey
20.3,19.1,22.7,27.37,72.33,6.06,175.96,Loam,calamansi,Department of Agriculture – Official Portal,https://www.da.gov.ph/,Department of Agriculture,PSA – Crops Production Survey (national & regional crop statistics),https://psa.gov.ph/crops-production-survey
67.1,26.7,71.3,25.01,56.86,5.57,49.91,Loam,tobacco,Department of Agriculture – Official Portal,https://www.da.gov.ph/,Department of Agriculture,PSA – Crops Production Survey (national & regional crop statistics),https://psa.gov.ph/crops-production-survey
19.9,11.3,30.6,27.15,87.18,5.35,234.97,Sandy,coconut,PCAARRD ISP – Coconut Industry Profile,https://ispweb.pcaarrd.dost.gov.ph/isp-commodities/coconut/,DOST-PCAARRD,PSA – Crops Production Survey (national & regional crop statistics),https://psa.gov.ph/crops-production-survey
42.9,33.5,69.3,30.76,59.84,5.19,81.53,Sandy Loam,cassava,Department of Agriculture – Official Portal,https://www.da.gov.ph/,Department of Agriculture,PSA – Crops Production Survey (national & regional crop statistics),https://psa.gov.ph/crops-production-survey
43.6,31.9,65.9,29.2,61.27,6.34,114.74,Loam,cassava,Department of Agriculture – Official Portal,https://www.da.gov.ph/,Department of Agriculture,PSA – Crops Production Survey (national & regional crop statistics),https://psa.gov.ph/crops-production-survey
22.6,16.3,29.6,31.82,65.3,5.83,95.5,Loam,mango,PCAARRD ISP – Mango Industry Profile,https://ispweb.pcaarrd.dost.gov.ph/isp-commodities/mango/,DOST-PCAARRD,PSA – Crops Production Survey (national & regional crop statistics),https://psa.gov.ph/crops-production-survey
72.6,30.7,42.7,27.45,57.14,6.25,53.55,Sandy Loam,onion,PCAARRD ISP – Vegetables Industry Profile (onion),https://ispweb.pcaarrd.dost.gov.ph/vegetables/,DOST-PCAARRD,PSA – Crops Production Survey (national & regional crop statistics),https://psa.gov.ph/crops-production-survey
24.6,26.8,33.5,28.81,79.35,5.41,182.16,Clay Loam,rubber,PCAARRD ISP – Rubber Industry Profile,https://ispweb.pcaarrd.dost.gov.ph/isp-commodities/rubber/,DOST-PCAARRD,PSA – Crops Production Survey (national & regional crop statistics),https://psa.gov.ph/crops-production-survey
49.3,28.2,83.6,25.32,66.54,4.55,112.21,Volcanic Loam,pineapple,PCAARRD ISP – Queen Pineapple Industry Profile,https://ispweb.pcaarrd.dost.gov.ph/queen-pineapple/,DOST-PCAARRD,PSA – Crops Production Survey (national & regional crop statistics),https://psa.gov.ph/crops-production-survey
56,46.3,54.3,30.99,87.87,5.96,141.85,Sandy Loam,papaya,Department of Agriculture – Official Portal,https://www.da.gov.ph/,Department of Agriculture,PSA – Crops Production Survey (national & regional crop statistics),https://psa.gov.ph/crops-production-survey
84.1,55.2,20.8,30.55,67.11,5.43,92.09,Clay Loam,corn,DA – Philippine Yellow Corn Industry Roadmap,https://www.da.gov.ph/wp-content/uploads/2023/05/Philippine-Yellow-Corn-Industry-Roadmap.pdf,Department of Agriculture,PSA – Crops Production Survey (national & regional crop statistics),https://psa.gov.ph/crops-production-survey
61.5,49.2,54.8,20.66,65.42,6.34,48.86,Sandy Loam,onion,PCAARRD ISP – Vegetables Industry Profile (onion),https://ispweb.pcaarrd.dost.gov.ph/vegetables/,DOST-PCAARRD,PSA – Crops Production Survey (national & regional crop statistics),https://psa.gov.ph/crops-production-survey
95.6,97.9,47.7,28.18,79.25,6.42,119.91,Clay Loam,banana,PCAARRD ISP – Banana Industry Profile,https://ispweb.pcaarrd.dost.gov.ph/isp-commodities/banana/,DOST-PCAARRD,PSA – Crops Production Survey (national & regional crop statistics),https://psa.gov.ph/crops-production-survey
46.8,16.5,70.7,26.39,74.81,4.68,116.6,Sandy Loam,pineapple,PCAARRD ISP – Queen Pineapple Industry Profile,https://ispweb.pcaarrd.dost.gov.ph/queen-pineapple/,DOST-PCAARRD,PSA – Crops Production Survey (national & regional crop statistics),https://psa.gov.ph/crops-production-survey
19.3,38.6,31.5,26.18,63.42,5.47,78.6,Sandy Loam,peanut,PCAARRD ISP – Legumes Industry Profile,https://ispweb.pcaarrd.dost.gov.ph/legumes/,DOST-PCAARRD,PSA – Crops Production Survey (national & regional crop statistics),https://psa.gov.ph/crops-production-survey
16.3,34.7,20.9,31.22,63.21,6.1,79.45,Loam,mungbean,PCAARRD ISP – Legumes Industry Profile,https://ispweb.pcaarrd.dost.gov.ph/legumes/,DOST-PCAARRD,PSA – Crops Production Survey (national & regional crop statistics),https://psa.gov.ph/crops-production-survey
58.8,25.6,78,28.9,79.6,4.54,122.93,Volcanic Loam,pineapple,PCAARRD ISP – Queen Pineapple Industry Profile,https://ispweb.pcaarrd.dost.gov.ph/queen-pineapple/,DOST-PCAARRD,PSA – Crops Production Survey (national & regional crop statistics),https://psa.gov.ph/crops-production-survey
93.2,45.3,21.6,29.88,69.41,6.81,97.78,Loam,corn,DA – Philippine Yellow Corn Industry Roadmap,https://www.da.gov.ph/wp-content/uploads/2023/05/Philippine-Yellow-Corn-Industry-Roadmap.pdf,Department of Agriculture,PSA – Crops Production Survey (national & regional crop statistics),https://psa.gov.ph/crops-production-survey
118.5,47.2,58.1,26.57,71.03,5.46,124,Sandy Loam,sugarcane,PCAARRD ISP – Sugarcane Industry Profile,https://ispweb.pcaarrd.dost.gov.ph/sugarcane/,DOST-PCAARRD,PSA – Crops Production Survey (national & regional crop statistics),https://psa.gov.ph/crops-production-survey
30.6,46.4,50.4,25.07,68.36,6.44,84.34,Sandy,peanut,PCAARRD ISP – Legumes Industry Profile,https://ispweb.pcaarrd.dost.gov.ph/legumes/,DOST-PCAARRD,PSA – Crops Production Survey (national & regional crop statistics),https://psa.gov.ph/crops-production-survey
20.4,13.5,32.2,30.86,80.88,7.45,214.48,Sandy,coconut,PCAARRD ISP – Coconut Industry Profile,https://ispweb.pcaarrd.dost.gov.ph/isp-commodities/coconut/,DOST-PCAARRD,PSA – Crops Production Survey (national & regional crop statistics),https://psa.gov.ph/crops-production-survey
75.3,41.2,56.3,30.15,70.52,6.22,121.19,Loam,eggplant,PCAARRD ISP – Vegetables Industry Profile,https://ispweb.pcaarrd.dost.gov.ph/vegetables/,DOST-PCAARRD,PSA – Crops Production Survey (national & regional crop statistics),https://psa.gov.ph/crops-production-survey
46.6,17.8,87.8,26.11,71.22,5.85,125.78,Sandy Loam,pineapple,PCAARRD ISP – Queen Pineapple Industry Profile,https://ispweb.pcaarrd.dost.gov.ph/queen-pineapple/,DOST-PCAARRD,PSA – Crops Production Survey (national & regional crop statistics),https://psa.gov.ph/crops-production-survey
59.9,43.7,33.3,31.28,65.73,6.14,68.05,Sandy Loam,okra,PCAARRD ISP – Vegetables Industry Profile,https://ispweb.pcaarrd.dost.gov.ph/vegetables/,DOST-PCAARRD,PSA – Crops Production Survey (national & regional crop statistics),https://psa.gov.ph/crops-production-survey
17,18,27.6,33.2,55.43,6.62,63.1,Loam,mango,PCAARRD ISP – Mango Industry Profile,https://ispweb.pcaarrd.dost.gov.ph/isp-commodities/mango/,DOST-PCAARRD,PSA – Crops Production Survey (national & regional crop statistics),https://psa.gov.ph/crops-production-survey
75.8,34.9,42.1,27.24,78.62,5.67,183.78,Clay Loam,cacao,PCAARRD ISP – Cacao Industry Profile,https://ispweb.pcaarrd.dost.gov.ph/isp-commodities/cacao/,DOST-PCAARRD,PSA – Crops Production Survey (national & regional crop statistics),https://psa.gov.ph/crops-production-survey
20.1,48.5,25.7,28.99,61.8,6.99,64.68,Loam,mungbean,PCAARRD ISP – Legumes Industry Profile,https://ispweb.pcaarrd.dost.gov.ph/legumes/,DOST-PCAARRD,PSA – Crops Production Survey (national & regional crop statistics),https://psa.gov.ph/crops-production-survey
77.9,30.7,54.8,23.16,55.06,6.26,43.8,Sandy Loam,garlic,PCAARRD ISP – Vegetables Industry Profile (garlic),https://ispweb.pcaarrd.dost.gov.ph/vegetables/,DOST-PCAARRD,PSA – Crops Production Survey (national & regional crop statistics),https://psa.gov.ph/crops-production-survey
15.4,16.2,24.7,31.68,73.91,6.44,158.05,Clay Loam,calamansi,Department of Agriculture – Official Portal,https://www.da.gov.ph/,Department of Agriculture,PSA – Crops Production Survey (national & regional crop statistics),https://psa.gov.ph/crops-production-survey
78.8,38.8,40.4,27.07,67.51,6.6,69.83,Clay Loam,eggplant,PCAARRD ISP – Vegetables Industry Profile,https://ispweb.pcaarrd.dost.gov.ph/vegetables/,DOST-PCAARRD,PSA – Crops Production Survey (national & regional crop statistics),https://psa.gov.ph/crops-production-survey
86.6,33.2,74.7,24.85,85.64,5.02,213.65,Volcanic Loam,abaca,PCAARRD ISP – Abaca Industry Profile,https://ispweb.pcaarrd.dost.gov.ph/isp-commodities/abaca/,DOST-PCAARRD,PSA – Crops Production Survey (national & regional crop statistics),https://psa.gov.ph/crops-production-survey
20.4,19.7,33.6,29.26,63.78,6.71,88.75,Loam,mango,PCAARRD ISP – Mango Industry Profile,https://ispweb.pcaarrd.dost.gov.ph/isp-commodities/mango/,DOST-PCAARRD,PSA – Crops Production Survey (national & regional crop statistics),https://psa.gov.ph/crops-production-survey
49.3,40.5,45.5,31.67,76.66,6.64,102.23,Clay Loam,ampalaya,PCAARRD ISP – Vegetables Industry Profile,https://ispweb.pcaarrd.dost.gov.ph/vegetables/,DOST-PCAARRD,PSA – Crops Production Survey (national & regional crop statistics),https://psa.gov.ph/crops-production-survey
98.1,90.3,55.4,25.82,89.76,6.44,115.22,Volcanic Loam,banana,PCAARRD ISP – Banana Industry Profile,https://ispweb.pcaarrd.dost.gov.ph/isp-commodities/banana/,DOST-PCAARRD,PSA – Crops Production Survey (national & regional crop statistics),https://psa.gov.ph/crops-production-survey
17.7,44.5,46.3,24.39,63.99,5.9,74.65,Sandy,peanut,PCAARRD ISP – Legumes Industry Profile,https://ispweb.pcaarrd.dost.gov.ph/legumes/,DOST-PCAARRD,PSA – Crops Production Survey (national & regional crop statistics),https://psa.gov.ph/crops-production-survey
54,20.6,76.8,25.4,68.04,5.71,74.26,Loam,tobacco,Department of Agriculture – Official Portal,https://www.da.gov.ph/,Department of Agriculture,PSA – Crops Production Survey (national & regional crop statistics),https://psa.gov.ph/crops-production-survey
95.3,56.6,40.6,30.02,90.11,6.1,223.25,Clay Loam,rice,PCAARRD ISP – Rice Industry Profile,https://ispweb.pcaarrd.dost.gov.ph/isp-commodities/rice/,DOST-PCAARRD,PSA – Crops Production Survey (national & regional crop statistics),https://psa.gov.ph/crops-production-survey
94.6,16.3,32.6,27.07,69.11,5.54,220.38,Clay Loam,coffee,PCAARRD ISP – Coffee Industry Profile,https://ispweb.pcaarrd.dost.gov.ph/isp-commodities/coffee/,DOST-PCAARRD,PSA – Crops Production Survey (national & regional crop statistics),https://psa.gov.ph/crops-production-survey
47,23.8,74.9,24.63,58.39,6.18,76.18,Sandy Loam,tobacco,Department of Agriculture – Official Portal,https://www.da.gov.ph/,Department of Agriculture,PSA – Crops Production Survey (national & regional crop statistics),https://psa.gov.ph/crops-production-survey
17.2,18.4,21.1,26.02,76.26,6.03,160.09,Loam,calamansi,Department of Agriculture – Official Portal,https://www.da.gov.ph/,Department of Agriculture,PSA – Crops Production Survey (national & regional crop statistics),https://psa.gov.ph/crops-production-survey
20.7,13.5,32.9,28.4,81.13,5.69,236.23,Sandy Loam,coconut,PCAARRD ISP – Coconut Industry Profile,https://ispweb.pcaarrd.dost.gov.ph/isp-commodities/coconut/,DOST-PCAARRD,PSA – Crops Production Survey (national & regional crop statistics),https://psa.gov.ph/crops-production-survey
96.6,59.1,22.3,29.63,74.12,6.73,77.78,Clay Loam,corn,DA – Philippine Yellow Corn Industry Roadmap,https://www.da.gov.ph/wp-content/uploads/2023/05/Philippine-Yellow-Corn-Industry-Roadmap.pdf,Department of Agriculture,PSA – Crops Production Survey (national & regional crop statistics),https://psa.gov.ph/crops-production-survey
134.2,55.8,57.3,26.73,63.91,6.84,122.38,Loam,sugarcane,PCAARRD ISP – Sugarcane Industry Profile,https://ispweb.pcaarrd.dost.gov.ph/sugarcane/,DOST-PCAARRD,PSA – Crops Production Survey (national & regional crop statistics),https://psa.gov.ph/crops-production-survey
92.1,44,40.6,26.8,86.26,5.71,241.65,Loam,cacao,PCAARRD ISP – Cacao Industry Profile,https://ispweb.pcaarrd.dost.gov.ph/isp-commodities/cacao/,DOST-PCAARRD,PSA – Crops Production Survey (national & regional crop statistics),https://psa.gov.ph/crops-production-survey
81.5,48.6,22.8,31.06,63.47,5.69,85.01,Clay Loam,corn,DA – Philippine Yellow Corn Industry Roadmap,https://www.da.gov.ph/wp-content/uploads/2023/05/Philippine-Yellow-Corn-Industry-Roadmap.pdf,Department of Agriculture,PSA – Crops Production Survey (national & regional crop statistics),https://psa.gov.ph/crops-production-survey
21.1,10.9,33.2,27.36,82.55,5.98,207.1,Sandy Loam,coconut,PCAARRD ISP – Coconut Industry Profile,https://ispweb.pcaarrd.dost.gov.ph/isp-commodities/coconut/,DOST-PCAARRD,PSA – Crops Production Survey (national & regional crop statistics),https://psa.gov.ph/crops-production-survey
45.4,43.6,44.7,24.87,70.69,6.2,110.77,Clay Loam,ampalaya,PCAARRD ISP – Vegetables Industry Profile,https://ispweb.pcaarrd.dost.gov.ph/vegetables/,DOST-PCAARRD,PSA – Crops Production Survey (national & regional crop statistics),https://psa.gov.ph/crops-production-survey
57.2,59.7,53.8,27.25,86.76,6.86,186.19,Loam,papaya,Department of Agriculture – Official Portal,https://www.da.gov.ph/,Department of Agriculture,PSA – Crops Production Survey (national & regional crop statistics),https://psa.gov.ph/crops-production-survey
15.9,20.7,30.6,29.52,65.79,5.38,80.4,Clay Loam,mango,PCAARRD ISP – Mango Industry Profile,https://ispweb.pcaarrd.dost.gov.ph/isp-commodities/mango/,DOST-PCAARRD,PSA – Crops Production Survey (national & regional crop statistics),https://psa.gov.ph/crops-production-survey
31.3,21.2,67.8,24.51,68.1,5.92,110.03,Loam,sweet_potato,PCAARRD ISP – Sweetpotato Industry Profile,https://ispweb.pcaarrd.dost.gov.ph/sweetpotato/,DOST-PCAARRD,PSA – Crops Production Survey (national & regional crop statistics),https://psa.gov.ph/crops-production-survey
65.8,54.2,51.8,24.26,71.75,6.26,106.05,Loam,eggplant,PCAARRD ISP – Vegetables Industry Profile,https://ispweb.pcaarrd.dost.gov.ph/vegetables/,DOST-PCAARRD,PSA – Crops Production Survey (national & regional crop statistics),https://psa.gov.ph/crops-production-survey
79.5,58.5,55.1,29.79,73.61,6.02,72.82,Clay Loam,eggplant,PCAARRD ISP – Vegetables Industry Profile,https://ispweb.pcaarrd.dost.gov.ph/vegetables/,DOST-PCAARRD,PSA – Crops Production Survey (national & regional crop statistics),https://psa.gov.ph/crops-production-survey
55.4,49.5,49.2,25.68,77.31,5.86,179.72,Clay Loam,papaya,Department of Agriculture – Official Portal,https://www.da.gov.ph/,Department of Agriculture,PSA – Crops Production Survey (national & regional crop statistics),https://psa.gov.ph/crops-production-survey
49.1,24.7,69.2,26.51,76.39,4.87,136.4,Sandy Loam,pineapple,PCAARRD ISP – Queen Pineapple Industry Profile,https://ispweb.pcaarrd.dost.gov.ph/queen-pineapple/,DOST-PCAARRD,PSA – Crops Production Survey (national & regional crop statistics),https://psa.gov.ph/crops-production-survey
22.6,11.5,31.4,30.07,89.2,7.87,142.87,Sandy Loam,coconut,PCAARRD ISP – Coconut Industry Profile,https://ispweb.pcaarrd.dost.gov.ph/isp-commodities/coconut/,DOST-PCAARRD,PSA – Crops Production Survey (national & regional crop statistics),https://psa.gov.ph/crops-production-survey
46.7,48.4,45.5,29.77,74.04,6.07,148.66,Sandy Loam,papaya,Department of Agriculture – Official Portal,https://www.da.gov.ph/,Department of Agriculture,PSA – Crops Production Survey (national & regional crop statistics),https://psa.gov.ph/crops-production-survey
45.6,23,83.1,26.63,60.38,6.4,65.11,Sandy Loam,cassava,Department of Agriculture – Official Portal,https://www.da.gov.ph/,Department of Agriculture,PSA – Crops Production Survey (national & regional crop statistics),https://psa.gov.ph/crops-production-survey
93.4,94.2,49.2,29.19,90.24,6.52,117.95,Loam,banana,PCAARRD ISP – Banana Industry Profile,https://ispweb.pcaarrd.dost.gov.ph/isp-commodities/banana/,DOST-PCAARRD,PSA – Crops Production Survey (national & regional crop statistics),https://psa.gov.ph/crops-production-survey
53.6,30.1,45.1,24.26,60.13,6.7,69.49,Sandy Loam,okra,PCAARRD ISP – Vegetables Industry Profile,https://ispweb.pcaarrd.dost.gov.ph/vegetables/,DOST-PCAARRD,PSA – Crops Production Survey (national & regional crop statistics),https://psa.gov.ph/crops-production-survey
85.8,36.4,60,20.58,61.99,6.44,59.59,Loam,garlic,PCAARRD ISP – Vegetables Industry Profile (garlic),https://ispweb.pcaarrd.dost.gov.ph/vegetables/,DOST-PCAARRD,PSA – Crops Production Survey (national & regional crop statistics),https://psa.gov.ph/crops-production-survey
49.5,25.2,64.6,25.51,62.71,5.41,73.83,Sandy Loam,sweet_potato,PCAARRD ISP – Sweetpotato Industry Profile,https://ispweb.pcaarrd.dost.gov.ph/sweetpotato/,DOST-PCAARRD,PSA – Crops Production Survey (national & regional crop statistics),https://psa.gov.ph/crops-production-survey
79.7,51,47.4,21.9,64.06,6.94,41.66,Sandy Loam,onion,PCAARRD ISP – Vegetables Industry Profile (onion),https://ispweb.pcaarrd.dost.gov.ph/vegetables/,DOST-PCAARRD,PSA – Crops Production Survey (national & regional crop statistics),https://psa.gov.ph/crops-production-survey
125.5,53,47.4,32.78,74.21,6.85,111.76,Clay Loam,sugarcane,PCAARRD ISP – Sugarcane Industry Profile,https://ispweb.pcaarrd.dost.gov.ph/sugarcane/,DOST-PCAARRD,PSA – Crops Production Survey (national & regional crop statistics),https://psa.gov.ph/crops-production-survey
45.6,50.3,48.1,28.55,82.75,6.35,108.77,Clay Loam,papaya,Department of Agriculture – Official Portal,https://www.da.gov.ph/,Department of Agriculture,PSA – Crops Production Survey (national & regional crop statistics),https://psa.gov.ph/crops-production-survey
93.3,22.5,28.1,23.81,71.3,5.84,157.28,Clay Loam,coffee,PCAARRD ISP – Coffee Industry Profile,https://ispweb.pcaarrd.dost.gov.ph/isp-commodities/coffee/,DOST-PCAARRD,PSA – Crops Production Survey (national & regional crop statistics),https://psa.gov.ph/crops-production-survey
65.1,46.9,48,22.49,76.9,6.79,65.77,Loam,eggplant,PCAARRD ISP – Vegetables Industry Profile,https://ispweb.pcaarrd.dost.gov.ph/vegetables/,DOST-PCAARRD,PSA – Crops Production Survey (national & regional crop statistics),https://psa.gov.ph/crops-production-survey
22.4,14.5,24.3,31.45,76.97,5.87,167.78,Sandy Loam,calamansi,Department of Agriculture – Official Portal,https://www.da.gov.ph/,Department of Agriculture,PSA – Crops Production Survey (national & regional crop statistics),https://psa.gov.ph/crops-production-survey
68.4,59.6,77.4,21.61,64.61,6.59,63.41,Sandy Loam,tomato,PCAARRD ISP – Vegetables Industry Profile,https://ispweb.pcaarrd.dost.gov.ph/vegetables/,DOST-PCAARRD,PSA – Crops Production Survey (national & regional crop statistics),https://psa.gov.ph/crops-production-survey
42.3,46.3,53.3,29.46,78.31,6.21,173.1,Loam,papaya,Department of Agriculture – Official Portal,https://www.da.gov.ph/,Department of Agriculture,PSA – Crops Production Survey (national & regional crop statistics),https://psa.gov.ph/crops-production-survey
24.6,13.9,33,25.38,81.14,6.96,157.24,Sandy,coconut,PCAARRD ISP – Coconut Industry Profile,https://ispweb.pcaarrd.dost.gov.ph/isp-commodities/coconut/,DOST-PCAARRD,PSA – Crops Production Survey (national & regional crop statistics),https://psa.gov.ph/crops-production-survey
75.5,42.1,50.7,23.17,56.42,6.41,72.76,Sandy Loam,onion,PCAARRD ISP – Vegetables Industry Profile (onion),https://ispweb.pcaarrd.dost.gov.ph/vegetables/,DOST-PCAARRD,PSA – Crops Production Survey (national & regional crop statistics),https://psa.gov.ph/crops-production-survey
122.5,51.3,47.9,31.32,68.58,6.44,200.8,Clay Loam,sugarcane,PCAARRD ISP – Sugarcane Industry Profile,https://ispweb.pcaarrd.dost.gov.ph/sugarcane/,DOST-PCAARRD,PSA – Crops Production Survey (national & regional crop statistics),https://psa.gov.ph/crops-production-survey
54.3,29.9,29.1,28.01,74.1,6.57,95.85,Sandy Loam,okra,PCAARRD ISP – Vegetables Industry Profile,https://ispweb.pcaarrd.dost.gov.ph/vegetables/,DOST-PCAARRD,PSA – Crops Production Survey (national & regional crop statistics),https://psa.gov.ph/crops-production-survey
86,58.9,20.8,26.3,65.57,7.01,87.11,Loam,corn,DA – Philippine Yellow Corn Industry Roadmap,https://www.da.gov.ph/wp-content/uploads/2023/05/Philippine-Yellow-Corn-Industry-Roadmap.pdf,Department of Agriculture,PSA – Crops Production Survey (national & regional crop statistics),https://psa.gov.ph/crops-production-survey
22.4,19.5,32.6,30.06,66.59,6.72,69.3,Clay Loam,mango,PCAARRD ISP – Mango Industry Profile,https://ispweb.pcaarrd.dost.gov.ph/isp-commodities/mango/,DOST-PCAARRD,PSA – Crops Production Survey (national & regional crop statistics),https://psa.gov.ph/crops-production-survey
26,34.1,44.5,27.55,59.86,5.89,76.61,Sandy Loam,peanut,PCAARRD ISP – Legumes Industry Profile,https://ispweb.pcaarrd.dost.gov.ph/legumes/,DOST-PCAARRD,PSA – Crops Production Survey (national & regional crop statistics),https://psa.gov.ph/crops-production-survey
105.4,49.3,48.6,26.36,71.86,6.59,190.31,Clay Loam,sugarcane,PCAARRD ISP – Sugarcane Industry Profile,https://ispweb.pcaarrd.dost.gov.ph/sugarcane/,DOST-PCAARRD,PSA – Crops Production Survey (national & regional crop statistics),https://psa.gov.ph/crops-production-survey
44.9,29.5,39.5,25.64,60.65,6.17,63.54,Sandy Loam,okra,PCAARRD ISP – Vegetables Industry Profile,https://ispweb.pcaarrd.dost.gov.ph/vegetables/,DOST-PCAARRD,PSA – Crops Production Survey (national & regional crop statistics),https://psa.gov.ph/crops-production-survey
76.3,51.9,48.1,25.36,69.57,6.5,71.94,Loam,eggplant,PCAARRD ISP – Vegetables Industry Profile,https://ispweb.pcaarrd.dost.gov.ph/vegetables/,DOST-PCAARRD,PSA – Crops Production Survey (national & regional crop statistics),https://psa.gov.ph/crops-production-survey
82.7,40.5,53.5,25.87,74.43,6.4,104.63,Loam,eggplant,PCAARRD ISP – Vegetables Industry Profile,https://ispweb.pcaarrd.dost.gov.ph/vegetables/,DOST-PCAARRD,PSA – Crops Production Survey (national & regional crop statistics),https://psa.gov.ph/crops-production-survey
18.1,45.6,46.6,30.16,56.91,6.32,103.98,Sandy Loam,peanut,PCAARRD ISP – Legumes Industry Profile,https://ispweb.pcaarrd.dost.gov.ph/legumes/,DOST-PCAARRD,PSA – Crops Production Survey (national & regional crop statistics),https://psa.gov.ph/crops-production-survey
88.7,48.7,39.7,25.95,81.9,5.72,213.57,Clay Loam,rice,PCAARRD ISP – Rice Industry Profile,https://ispweb.pcaarrd.dost.gov.ph/isp-commodities/rice/,DOST-PCAARRD,PSA – Crops Production Survey (national & regional crop statistics),https://psa.gov.ph/crops-production-survey
51.7,34.7,79,27.22,56.61,6.47,44.48,Loam,tobacco,Department of Agriculture – Official Portal,https://www.da.gov.ph/,Department of Agriculture,PSA – Crops Production Survey (national & regional crop statistics),https://psa.gov.ph/crops-production-survey
57.8,29.8,29.3,25.35,78.97,6.61,74.13,Loam,ampalaya,PCAARRD ISP – Vegetables Industry Profile,https://ispweb.pcaarrd.dost.gov.ph/vegetables/,DOST-PCAARRD,PSA – Crops Production Survey (national & regional crop statistics),https://psa.gov.ph/crops-production-survey
38.5,26.8,26.9,26.98,85.92,5.63,204.33,Loam,rubber,PCAARRD ISP – Rubber Industry Profile,https://ispweb.pcaarrd.dost.gov.ph/isp-commodities/rubber/,DOST-PCAARRD,PSA – Crops Production Survey (national & regional crop statistics),https://psa.gov.ph/crops-production-survey
73.2,48.3,65.6,23.25,72.68,5.74,42.63,Sandy Loam,tomato,PCAARRD ISP – Vegetables Industry Profile,https://ispweb.pcaarrd.dost.gov.ph/vegetables/,DOST-PCAARRD,PSA – Crops Production Survey (national & regional crop statistics),https://psa.gov.ph/crops-production-survey
16.1,12.2,29.4,28.33,79.92,7.01,191.84,Sandy,coconut,PCAARRD ISP – Coconut Industry Profile,https://ispweb.pcaarrd.dost.gov.ph/isp-commodities/coconut/,DOST-PCAARRD,PSA – Crops Production Survey (national & regional crop statistics),https://psa.gov.ph/crops-production-survey
55,31,35,29.67,76.46,6.26,104.91,Clay Loam,ampalaya,PCAARRD ISP – Vegetables Industry Profile,https://ispweb.pcaarrd.dost.gov.ph/vegetables/,DOST-PCAARRD,PSA – Crops Production Survey (national & regional crop statistics),https://psa.gov.ph/crops-production-survey
53.9,24.9,64.4,27.67,74.61,5.34,150.1,Sandy Loam,pineapple,PCAARRD ISP – Queen Pineapple Industry Profile,https://ispweb.pcaarrd.dost.gov.ph/queen-pineapple/,DOST-PCAARRD,PSA – Crops Production Survey (national & regional crop statistics),https://psa.gov.ph/crops-production-survey
66.3,49.4,56.2,30.11,67.82,6.45,122.02,Loam,eggplant,PCAARRD ISP – Vegetables Industry Profile,https://ispweb.pcaarrd.dost.gov.ph/vegetables/,DOST-PCAARRD,PSA – Crops Production Survey (national & regional crop statistics),https://psa.gov.ph/crops-production-survey
69.1,40.1,45.5,23.77,66.07,6.5,108.62,Loam,eggplant,PCAARRD ISP – Vegetables Industry Profile,https://ispweb.pcaarrd.dost.gov.ph/vegetables/,DOST-PCAARRD,PSA – Crops Production Survey (national & regional crop statistics),https://psa.gov.ph/crops-production-survey
40.7,29.4,86.7,27.09,66.6,5.82,111.63,Volcanic Loam,pineapple,PCAARRD ISP – Queen Pineapple Industry Profile,https://ispweb.pcaarrd.dost.gov.ph/queen-pineapple/,DOST-PCAARRD,PSA – Crops Production Survey (national & regional crop statistics),https://psa.gov.ph/crops-production-survey
83.8,28,62,29.9,94.22,6.53,272.81,Clay Loam,abaca,PCAARRD ISP – Abaca Industry Profile,https://ispweb.pcaarrd.dost.gov.ph/isp-commodities/abaca/,DOST-PCAARRD,PSA – Crops Production Survey (national & regional crop statistics),https://psa.gov.ph/crops-production-survey
115.1,97.5,46.2,27.89,75.57,6.67,145.63,Loam,banana,PCAARRD ISP – Banana Industry Profile,https://ispweb.pcaarrd.dost.gov.ph/isp-commodities/banana/,DOST-PCAARRD,PSA – Crops Production Survey (national & regional crop statistics),https://psa.gov.ph/crops-production-survey
16.9,18.5,31.2,27.37,62.52,6.66,64.2,Clay Loam,mango,PCAARRD ISP – Mango Industry Profile,https://ispweb.pcaarrd.dost.gov.ph/isp-commodities/mango/,DOST-PCAARRD,PSA – Crops Production Survey (national & regional crop statistics),https://psa.gov.ph/crops-production-survey
22,46,21.6,30,72.87,6.25,75.37,Loam,mungbean,PCAARRD ISP – Legumes Industry Profile,https://ispweb.pcaarrd.dost.gov.ph/legumes/,DOST-PCAARRD,PSA – Crops Production Survey (national & regional crop statistics),https://psa.gov.ph/crops-production-survey
62.8,34.5,70.3,27.59,62.4,6.33,67.38,Sandy Loam,tobacco,Department of Agriculture – Official Portal,https://www.da.gov.ph/,Department of Agriculture,PSA – Crops Production Survey (national & regional crop statistics),https://psa.gov.ph/crops-production-survey
21,12.9,26.1,27.76,90.8,5.3,230.95,Sandy Loam,coconut,PCAARRD ISP – Coconut Industry Profile,https://ispweb.pcaarrd.dost.gov.ph/isp-commodities/coconut/,DOST-PCAARRD,PSA – Crops Production Survey (national & regional crop statistics),https://psa.gov.ph/crops-production-survey
24.8,33.3,21.2,28.8,73.25,6.1,74.87,Loam,mungbean,PCAARRD ISP – Legumes Industry Profile,https://ispweb.pcaarrd.dost.gov.ph/legumes/,DOST-PCAARRD,PSA – Crops Production Survey (national & regional crop statistics),https://psa.gov.ph/crops-production-survey
106.7,42.5,40.9,28.11,88.3,5.56,185.96,Clay Loam,rice,PCAARRD ISP – Rice Industry Profile,https://ispweb.pcaarrd.dost.gov.ph/isp-commodities/rice/,DOST-PCAARRD,PSA – Crops Production Survey (national & regional crop statistics),https://psa.gov.ph/crops-production-survey
15.4,17.6,33.5,28.71,51.94,6.76,73.19,Loam,mango,PCAARRD ISP – Mango Industry Profile,https://ispweb.pcaarrd.dost.gov.ph/isp-commodities/mango/,DOST-PCAARRD,PSA – Crops Production Survey (national & regional crop statistics),https://psa.gov.ph/crops-production-survey
23.5,24.4,26.2,33.48,56.5,5.9,87.07,Loam,mango,PCAARRD ISP – Mango Industry Profile,https://ispweb.pcaarrd.dost.gov.ph/isp-commodities/mango/,DOST-PCAARRD,PSA – Crops Production Survey (national & regional crop statistics),https://psa.gov.ph/crops-production-survey
46.4,27.8,76.1,29.2,70.04,5.23,102.07,Sandy Loam,pineapple,PCAARRD ISP – Queen Pineapple Industry Profile,https://ispweb.pcaarrd.dost.gov.ph/queen-pineapple/,DOST-PCAARRD,PSA – Crops Production Survey (national & regional crop statistics),https://psa.gov.ph/crops-production-survey
83.4,41.1,45.7,21.22,61.08,6.08,30.65,Loam,garlic,PCAARRD ISP – Vegetables Industry Profile (garlic),https://ispweb.pcaarrd.dost.gov.ph/vegetables/,DOST-PCAARRD,PSA – Crops Production Survey (national & regional crop statistics),https://psa.gov.ph/crops-production-survey
44.6,21,65.8,26.42,60.02,6.1,53.27,Loam,tobacco,Department of Agriculture – Official Portal,https://www.da.gov.ph/,Department of Agriculture,PSA – Crops Production Survey (national & regional crop statistics),https://psa.gov.ph/crops-production-survey
81.3,33.4,60.1,22.44,57.98,6.3,55.7,Loam,onion,PCAARRD ISP – Vegetables Industry Profile (onion),https://ispweb.pcaarrd.dost.gov.ph/vegetables/,DOST-PCAARRD,PSA – Crops Production Survey (national & regional crop statistics),https://psa.gov.ph/crops-production-survey
78.9,46.7,22.3,26.6,60.29,7.41,86.29,Loam,corn,DA – Philippine Yellow Corn Industry Roadmap,https://www.da.gov.ph/wp-content/uploads/2023/05/Philippine-Yellow-Corn-Industry-Roadmap.pdf,Department of Agriculture,PSA – Crops Production Survey (national & regional crop statistics),https://psa.gov.ph/crops-production-survey
23.5,17.6,28.3,29.25,88.22,5.34,197.85,Clay Loam,rubber,PCAARRD ISP – Rubber Industry Profile,https://ispweb.pcaarrd.dost.gov.ph/isp-commodities/rubber/,DOST-PCAARRD,PSA – Crops Production Survey (national & regional crop statistics),https://psa.gov.ph/crops-production-survey
76.1,47.4,49.6,27.02,82.9,6.84,200.04,Clay Loam,cacao,PCAARRD ISP – Cacao Industry Profile,https://ispweb.pcaarrd.dost.gov.ph/isp-commodities/cacao/,DOST-PCAARRD,PSA – Crops Production Survey (national & regional crop statistics),https://psa.gov.ph/crops-production-survey
28.1,48.1,33.7,29.19,56.72,6.45,56.73,Sandy Loam,peanut,PCAARRD ISP – Legumes Industry Profile,https://ispweb.pcaarrd.dost.gov.ph/legumes/,DOST-PCAARRD,PSA – Crops Production Survey (national & regional crop statistics),https://psa.gov.ph/crops-production-survey
70.7,49.8,54.7,26.41,67.29,6.57,114.56,Loam,eggplant,PCAARRD ISP – Vegetables Industry Profile,https://ispweb.pcaarrd.dost.gov.ph/vegetables/,DOST-PCAARRD,PSA – Crops Production Survey (national & regional crop statistics),https://psa.gov.ph/crops-production-survey
58.8,19.1,62.1,26.59,75.87,4.72,149.19,Volcanic Loam,pineapple,PCAARRD ISP – Queen Pineapple Industry Profile,https://ispweb.pcaarrd.dost.gov.ph/queen-pineapple/,DOST-PCAARRD,PSA – Crops Production Survey (national & regional crop statistics),https://psa.gov.ph/crops-production-survey
43,31,45,24.15,75.77,6.05,100.83,Loam,ampalaya,PCAARRD ISP – Vegetables Industry Profile,https://ispweb.pcaarrd.dost.gov.ph/vegetables/,DOST-PCAARRD,PSA – Crops Production Survey (national & regional crop statistics),https://psa.gov.ph/crops-production-survey
40.2,26.9,85.2,28.65,66.67,6.23,131.7,Sandy Loam,cassava,Department of Agriculture – Official Portal,https://www.da.gov.ph/,Department of Agriculture,PSA – Crops Production Survey (national & regional crop statistics),https://psa.gov.ph/crops-production-survey
22.9,40.7,47.5,26.89,62.82,6.13,78.63,Sandy,peanut,PCAARRD ISP – Legumes Industry Profile,https://ispweb.pcaarrd.dost.gov.ph/legumes/,DOST-PCAARRD,PSA – Crops Production Survey (national & regional crop statistics),https://psa.gov.ph/crops-production-survey
49.9,23.2,73.1,24.82,61.39,5.02,115.44,Sandy,cassava,Department of Agriculture – Official Portal,https://www.da.gov.ph/,Department of Agriculture,PSA – Crops Production Survey (national & regional crop statistics),https://psa.gov.ph/crops-production-survey
79.8,56.7,50.4,27.86,65.28,6.55,75.62,Clay Loam,eggplant,PCAARRD ISP – Vegetables Industry Profile,https://ispweb.pcaarrd.dost.gov.ph/vegetables/,DOST-PCAARRD,PSA – Crops Production Survey (national & regional crop statistics),https://psa.gov.ph/crops-production-survey
70.3,23.3,71.1,27.84,80.27,6.14,286.86,Loam,abaca,PCAARRD ISP – Abaca Industry Profile,https://ispweb.pcaarrd.dost.gov.ph/isp-commodities/abaca/,DOST-PCAARRD,PSA – Crops Production Survey (national & regional crop statistics),https://psa.gov.ph/crops-production-survey
82.3,33.8,48.9,26.81,59.7,6.92,67.37,Sandy Loam,garlic,PCAARRD ISP – Vegetables Industry Profile (garlic),https://ispweb.pcaarrd.dost.gov.ph/vegetables/,DOST-PCAARRD,PSA – Crops Production Survey (national & regional crop statistics),https://psa.gov.ph/crops-production-survey
71.9,28.3,75.7,26.65,92.55,5.88,301.47,Volcanic Loam,abaca,PCAARRD ISP – Abaca Industry Profile,https://ispweb.pcaarrd.dost.gov.ph/isp-commodities/abaca/,DOST-PCAARRD,PSA – Crops Production Survey (national & regional crop statistics),https://psa.gov.ph/crops-production-survey
65.2,40,48.7,25.74,68.93,6.49,33.3,Sandy Loam,onion,PCAARRD ISP – Vegetables Industry Profile (onion),https://ispweb.pcaarrd.dost.gov.ph/vegetables/,DOST-PCAARRD,PSA – Crops Production Survey (national & regional crop statistics),https://psa.gov.ph/crops-production-survey
98.3,50.5,44.4,28.56,75.61,5.66,208.51,Clay Loam,rice,PCAARRD ISP – Rice Industry Profile,https://ispweb.pcaarrd.dost.gov.ph/isp-commodities/rice/,DOST-PCAARRD,PSA – Crops Production Survey (national & regional crop statistics),https://psa.gov.ph/crops-production-survey
57.6,38.8,64,31.04,58.64,5.27,90.57,Sandy Loam,cassava,Department of Agriculture – Official Portal,https://www.da.gov.ph/,Department of Agriculture,PSA – Crops Production Survey (national & regional crop statistics),https://psa.gov.ph/crops-production-survey
60.7,32.9,40.7,30.07,79.38,6.21,99.2,Clay Loam,ampalaya,PCAARRD ISP – Vegetables Industry Profile,https://ispweb.pcaarrd.dost.gov.ph/vegetables/,DOST-PCAARRD,PSA – Crops Production Survey (national & regional crop statistics),https://psa.gov.ph/crops-production-survey
62.2,44.1,46.1,26.63,82.57,6.49,198.73,Clay Loam,cacao,PCAARRD ISP – Cacao Industry Profile,https://ispweb.pcaarrd.dost.gov.ph/isp-commodities/cacao/,DOST-PCAARRD,PSA – Crops Production Survey (national & regional crop statistics),https://psa.gov.ph/crops-production-survey
61.2,30.6,76.4,28.08,65.82,5.89,77.49,Sandy Loam,tobacco,Department of Agriculture – Official Portal,https://www.da.gov.ph/,Department of Agriculture,PSA – Crops Production Survey (national & regional crop statistics),https://psa.gov.ph/crops-production-survey
75.6,49.3,80.3,24,62.9,5.99,62.92,Loam,tomato,PCAARRD ISP – Vegetables Industry Profile,https://ispweb.pcaarrd.dost.gov.ph/vegetables/,DOST-PCAARRD,PSA – Crops Production Survey (national & regional crop statistics),https://psa.gov.ph/crops-production-survey
65.1,30.4,76.2,29.57,67.96,5.79,84.23,Sandy Loam,tobacco,Department of Agriculture – Official Portal,https://www.da.gov.ph/,Department of Agriculture,PSA – Crops Production Survey (national & regional crop statistics),https://psa.gov.ph/crops-production-survey
55.3,51,50.7,28.03,83.18,5.66,121.74,Clay Loam,papaya,Department of Agriculture – Official Portal,https://www.da.gov.ph/,Department of Agriculture,PSA – Crops Production Survey (national & regional crop statistics),https://psa.gov.ph/crops-production-survey
61.3,41.5,60,22.46,59.98,6.45,36.98,Loam,garlic,PCAARRD ISP – Vegetables Industry Profile (garlic),https://ispweb.pcaarrd.dost.gov.ph/vegetables/,DOST-PCAARRD,PSA – Crops Production Survey (national & regional crop statistics),https://psa.gov.ph/crops-production-survey
99.5,80.8,48.8,31.99,77.8,6.66,103.8,Clay Loam,banana,PCAARRD ISP – Banana Industry Profile,https://ispweb.pcaarrd.dost.gov.ph/isp-commodities/banana/,DOST-PCAARRD,PSA – Crops Production Survey (national & regional crop statistics),https://psa.gov.ph/crops-production-survey
100,90.8,45.9,30.69,84.66,5.86,108.17,Loam,banana,PCAARRD ISP – Banana Industry Profile,https://ispweb.pcaarrd.dost.gov.ph/isp-commodities/banana/,DOST-PCAARRD,PSA – Crops Production Survey (national & regional crop statistics),https://psa.gov.ph/crops-production-survey
60.1,19.2,78.3,26.61,73.63,5.43,124.27,Volcanic Loam,pineapple,PCAARRD ISP – Queen Pineapple Industry Profile,https://ispweb.pcaarrd.dost.gov.ph/queen-pineapple/,DOST-PCAARRD,PSA – Crops Production Survey (national & regional crop statistics),https://psa.gov.ph/crops-production-survey
120.9,76.9,49.2,30.63,76.64,6.82,112.57,Clay Loam,banana,PCAARRD ISP – Banana Industry Profile,https://ispweb.pcaarrd.dost.gov.ph/isp-commodities/banana/,DOST-PCAARRD,PSA – Crops Production Survey (national & regional crop statistics),https://psa.gov.ph/crops-production-survey
17.2,12.2,32,28.09,81.6,6.03,183.82,Sandy,coconut,PCAARRD ISP – Coconut Industry Profile,https://ispweb.pcaarrd.dost.gov.ph/isp-commodities/coconut/,DOST-PCAARRD,PSA – Crops Production Survey (national & regional crop statistics),https://psa.gov.ph/crops-production-survey
61.5,39.7,32.7,27.93,77.68,6.72,82.64,Loam,ampalaya,PCAARRD ISP – Vegetables Industry Profile,https://ispweb.pcaarrd.dost.gov.ph/vegetables/,DOST-PCAARRD,PSA – Crops Production Survey (national & regional crop statistics),https://psa.gov.ph/crops-production-survey
58.8,27.3,80.9,29.59,61.18,6.98,92.54,Sandy Loam,cassava,Department of Agriculture – Official Portal,https://www.da.gov.ph/,Department of Agriculture,PSA – Crops Production Survey (national & regional crop statistics),https://psa.gov.ph/crops-production-survey
15.8,43.2,42.6,26.14,69.56,5.59,57.48,Sandy Loam,peanut,PCAARRD ISP – Legumes Industry Profile,https://ispweb.pcaarrd.dost.gov.ph/legumes/,DOST-PCAARRD,PSA – Crops Production Survey (national & regional crop statistics),https://psa.gov.ph/crops-production-survey
31.4,28.3,18.6,26.19,84.56,4.66,245.68,Loam,rubber,PCAARRD ISP – Rubber Industry Profile,https://ispweb.pcaarrd.dost.gov.ph/isp-commodities/rubber/,DOST-PCAARRD,PSA – Crops Production Survey (national & regional crop statistics),https://psa.gov.ph/crops-production-survey
62.6,43.2,45,26.88,80.55,6.65,112.91,Clay Loam,eggplant,PCAARRD ISP – Vegetables Industry Profile,https://ispweb.pcaarrd.dost.gov.ph/vegetables/,DOST-PCAARRD,PSA – Crops Production Survey (national & regional crop statistics),https://psa.gov.ph/crops-production-survey
65.4,36.6,48.3,23.07,65.65,6.65,50.31,Loam,garlic,PCAARRD ISP – Vegetables Industry Profile (garlic),https://ispweb.pcaarrd.dost.gov.ph/vegetables/,DOST-PCAARRD,PSA – Crops Production Survey (national & regional crop statistics),https://psa.gov.ph/crops-production-survey
19.5,22.5,32.8,34.25,70.16,7.19,96.89,Sandy Loam,mango,PCAARRD ISP – Mango Industry Profile,https://ispweb.pcaarrd.dost.gov.ph/isp-commodities/mango/,DOST-PCAARRD,PSA – Crops Production Survey (national & regional crop statistics),https://psa.gov.ph/crops-production-survey
16.7,40.6,26.6,29.32,64.32,6.71,75.31,Sandy Loam,mungbean,PCAARRD ISP – Legumes Industry Profile,https://ispweb.pcaarrd.dost.gov.ph/legumes/,DOST-PCAARRD,PSA – Crops Production Survey (national & regional crop statistics),https://psa.gov.ph/crops-production-survey
80.4,41.5,65.7,22.98,62.22,5.98,52.78,Sandy Loam,tomato,PCAARRD ISP – Vegetables Industry Profile,https://ispweb.pcaarrd.dost.gov.ph/vegetables/,DOST-PCAARRD,PSA – Crops Production Survey (national & regional crop statistics),https://psa.gov.ph/crops-production-survey
17.7,44.5,22.3,28.55,75.02,6.38,47.85,Loam,mungbean,PCAARRD ISP – Legumes Industry Profile,https://ispweb.pcaarrd.dost.gov.ph/legumes/,DOST-PCAARRD,PSA – Crops Production Survey (national & regional crop statistics),https://psa.gov.ph/crops-production-survey
50.2,38.2,60.2,31.32,73.02,6.96,77.49,Sandy,cassava,Department of Agriculture – Official Portal,https://www.da.gov.ph/,Department of Agriculture,PSA – Crops Production Survey (national & regional crop statistics),https://psa.gov.ph/crops-production-survey
117.8,46.8,44.9,25.29,78.51,6.36,219.63,Clay Loam,rice,PCAARRD ISP – Rice Industry Profile,https://ispweb.pcaarrd.dost.gov.ph/isp-commodities/rice/,DOST-PCAARRD,PSA – Crops Production Survey (national & regional crop statistics),https://psa.gov.ph/crops-production-survey
15.5,28.8,51.3,27.61,60.61,5.72,93.34,Sandy,peanut,PCAARRD ISP – Legumes Industry Profile,https://ispweb.pcaarrd.dost.gov.ph/legumes/,DOST-PCAARRD,PSA – Crops Production Survey (national & regional crop statistics),https://psa.gov.ph/crops-production-survey
57,29,64.5,28.21,72.05,5.31,141.64,Sandy Loam,pineapple,PCAARRD ISP – Queen Pineapple Industry Profile,https://ispweb.pcaarrd.dost.gov.ph/queen-pineapple/,DOST-PCAARRD,PSA – Crops Production Survey (national & regional crop statistics),https://psa.gov.ph/crops-production-survey
99.5,41.1,45.3,30.69,62.95,6.26,157.96,Clay Loam,sugarcane,PCAARRD ISP – Sugarcane Industry Profile,https://ispweb.pcaarrd.dost.gov.ph/sugarcane/,DOST-PCAARRD,PSA – Crops Production Survey (national & regional crop statistics),https://psa.gov.ph/crops-production-survey
72.1,54.4,43.7,25.02,75.29,5.69,113.12,Clay Loam,eggplant,PCAARRD ISP – Vegetables Industry Profile,https://ispweb.pcaarrd.dost.gov.ph/vegetables/,DOST-PCAARRD,PSA – Crops Production Survey (national & regional crop statistics),https://psa.gov.ph/crops-production-survey
105.4,98.8,54.3,28.23,82.04,5.89,149.54,Volcanic Loam,banana,PCAARRD ISP – Banana Industry Profile,https://ispweb.pcaarrd.dost.gov.ph/isp-commodities/banana/,DOST-PCAARRD,PSA – Crops Production Survey (national & regional crop statistics),https://psa.gov.ph/crops-production-survey
43.6,39.2,45.7,31.75,74.86,6.02,65.03,Loam,okra,PCAARRD ISP – Vegetables Industry Profile,https://ispweb.pcaarrd.dost.gov.ph/vegetables/,DOST-PCAARRD,PSA – Crops Production Survey (national & regional crop statistics),https://psa.gov.ph/crops-production-survey
22.7,19.7,26.8,32.81,66.39,6.75,88.4,Loam,mango,PCAARRD ISP – Mango Industry Profile,https://ispweb.pcaarrd.dost.gov.ph/isp-commodities/mango/,DOST-PCAARRD,PSA – Crops Production Survey (national & regional crop statistics),https://psa.gov.ph/crops-production-survey
21.1,32.9,20.2,31.97,75.42,6.05,43.6,Loam,mungbean,PCAARRD ISP – Legumes Industry Profile,https://ispweb.pcaarrd.dost.gov.ph/legumes/,DOST-PCAARRD,PSA – Crops Production Survey (national & regional crop statistics),https://psa.gov.ph/crops-production-survey
91.2,54,41.8,22.07,70.9,6.32,98.68,Clay Loam,eggplant,PCAARRD ISP – Vegetables Industry Profile,https://ispweb.pcaarrd.dost.gov.ph/vegetables/,DOST-PCAARRD,PSA – Crops Production Survey (national & regional crop statistics),https://psa.gov.ph/crops-production-survey
22.6,29.9,36.5,28.56,60.99,6.13,65.8,Sandy,peanut,PCAARRD ISP – Legumes Industry Profile,https://ispweb.pcaarrd.dost.gov.ph/legumes/,DOST-PCAARRD,PSA – Crops Production Survey (national & regional crop statistics),https://psa.gov.ph/crops-production-survey
102.3,88,50.6,30.27,87.74,6.61,103.94,Loam,banana,PCAARRD ISP – Banana Industry Profile,https://ispweb.pcaarrd.dost.gov.ph/isp-commodities/banana/,DOST-PCAARRD,PSA – Crops Production Survey (national & regional crop statistics),https://psa.gov.ph/crops-production-survey
88.9,40.2,55.2,28.25,85.26,6.5,224.24,Loam,cacao,PCAARRD ISP – Cacao Industry Profile,https://ispweb.pcaarrd.dost.gov.ph/isp-commodities/cacao/,DOST-PCAARRD,PSA – Crops Production Survey (national & regional crop statistics),https://psa.gov.ph/crops-production-survey
85.3,45.8,44.8,23.21,79.76,6.55,118.28,Clay Loam,eggplant,PCAARRD ISP – Vegetables Industry Profile,https://ispweb.pcaarrd.dost.gov.ph/vegetables/,DOST-PCAARRD,PSA – Crops Production Survey (national & regional crop statistics),https://psa.gov.ph/crops-production-survey
50.8,17.2,59.2,25.19,72.3,5.49,101.09,Volcanic Loam,pineapple,PCAARRD ISP – Queen Pineapple Industry Profile,https://ispweb.pcaarrd.dost.gov.ph/queen-pineapple/,DOST-PCAARRD,PSA – Crops Production Survey (national & regional crop statistics),https://psa.gov.ph/crops-production-survey
69.6,41.5,48.1,21.25,68.58,6.99,58.15,Loam,garlic,PCAARRD ISP – Vegetables Industry Profile (garlic),https://ispweb.pcaarrd.dost.gov.ph/vegetables/,DOST-PCAARRD,PSA – Crops Production Survey (national & regional crop statistics),https://psa.gov.ph/crops-production-survey
51.4,37.3,37.8,30.14,63.14,6.62,70.98,Loam,okra,PCAARRD ISP – Vegetables Industry Profile,https://ispweb.pcaarrd.dost.gov.ph/vegetables/,DOST-PCAARRD,PSA – Crops Production Survey (national & regional crop statistics),https://psa.gov.ph/crops-production-survey
17.3,7.2,27.9,29.49,94.59,6.42,187.97,Sandy Loam,coconut,PCAARRD ISP – Coconut Industry Profile,https://ispweb.pcaarrd.dost.gov.ph/isp-commodities/coconut/,DOST-PCAARRD,PSA – Crops Production Survey (national & regional crop statistics),https://psa.gov.ph/crops-production-survey
75.6,35.9,55.7,24.8,57.06,6.12,58.87,Loam,garlic,PCAARRD ISP – Vegetables Industry Profile (garlic),https://ispweb.pcaarrd.dost.gov.ph/vegetables/,DOST-PCAARRD,PSA – Crops Production Survey (national & regional crop statistics),https://psa.gov.ph/crops-production-survey
21.2,17.7,25.8,27.89,57.11,5.55,64.66,Loam,mango,PCAARRD ISP – Mango Industry Profile,https://ispweb.pcaarrd.dost.gov.ph/isp-commodities/mango/,DOST-PCAARRD,PSA – Crops Production Survey (national & regional crop statistics),https://psa.gov.ph/crops-production-survey
81.8,26.3,77.4,29.7,81.58,5.3,290.89,Clay Loam,abaca,PCAARRD ISP – Abaca Industry Profile,https://ispweb.pcaarrd.dost.gov.ph/isp-commodities/abaca/,DOST-PCAARRD,PSA – Crops Production Survey (national & regional crop statistics),https://psa.gov.ph/crops-production-survey
54.9,37.3,31.6,27.6,61.75,6.39,62.98,Loam,okra,PCAARRD ISP – Vegetables Industry Profile,https://ispweb.pcaarrd.dost.gov.ph/vegetables/,DOST-PCAARRD,PSA – Crops Production Survey (national & regional crop statistics),https://psa.gov.ph/crops-production-survey
80.8,45.7,44.6,23.44,57.41,6.39,44.57,Loam,onion,PCAARRD ISP – Vegetables Industry Profile (onion),https://ispweb.pcaarrd.dost.gov.ph/vegetables/,DOST-PCAARRD,PSA – Crops Production Survey (national & regional crop statistics),https://psa.gov.ph/crops-production-survey
15.9,38.5,22.9,30.26,67.92,6.74,79.75,Sandy Loam,mungbean,PCAARRD ISP – Legumes Industry Profile,https://ispweb.pcaarrd.dost.gov.ph/legumes/,DOST-PCAARRD,PSA – Crops Production Survey (national & regional crop statistics),https://psa.gov.ph/crops-production-survey
103.9,48.5,42.7,25.74,83.33,6.86,206.79,Clay Loam,rice,PCAARRD ISP – Rice Industry Profile,https://ispweb.pcaarrd.dost.gov.ph/isp-commodities/rice/,DOST-PCAARRD,PSA – Crops Production Survey (national & regional crop statistics),https://psa.gov.ph/crops-production-survey
102.2,70.3,52.4,27.65,81.76,6.22,142.06,Loam,banana,PCAARRD ISP – Banana Industry Profile,https://ispweb.pcaarrd.dost.gov.ph/isp-commodities/banana/,DOST-PCAARRD,PSA – Crops Production Survey (national & regional crop statistics),https://psa.gov.ph/crops-production-survey
98.3,85.4,50.6,31.51,87.19,6.49,127.75,Clay Loam,banana,PCAARRD ISP – Banana Industry Profile,https://ispweb.pcaarrd.dost.gov.ph/isp-commodities/banana/,DOST-PCAARRD,PSA – Crops Production Survey (national & regional crop statistics),https://psa.gov.ph/crops-production-survey
109.2,43,44.8,33.61,77.12,6.21,128.23,Sandy Loam,sugarcane,PCAARRD ISP – Sugarcane Industry Profile,https://ispweb.pcaarrd.dost.gov.ph/sugarcane/,DOST-PCAARRD,PSA – Crops Production Survey (national & regional crop statistics),https://psa.gov.ph/crops-production-survey
84.6,56.1,24.6,28.96,63.05,7.45,81.04,Sandy Loam,corn,DA – Philippine Yellow Corn Industry Roadmap,https://www.da.gov.ph/wp-content/uploads/2023/05/Philippine-Yellow-Corn-Industry-Roadmap.pdf,Department of Agriculture,PSA – Crops Production Survey (national & regional crop statistics),https://psa.gov.ph/crops-production-survey
20.2,11.5,22.1,27.2,82.95,5.98,150.21,Sandy Loam,calamansi,Department of Agriculture – Official Portal,https://www.da.gov.ph/,Department of Agriculture,PSA – Crops Production Survey (national & regional crop statistics),https://psa.gov.ph/crops-production-survey
80.3,42.5,20.8,26.49,66.25,6.01,90.13,Clay Loam,corn,DA – Philippine Yellow Corn Industry Roadmap,https://www.da.gov.ph/wp-content/uploads/2023/05/Philippine-Yellow-Corn-Industry-Roadmap.pdf,Department of Agriculture,PSA – Crops Production Survey (national & regional crop statistics),https://psa.gov.ph/crops-production-survey
74.1,59.3,46.1,27.1,74.75,5.53,98.81,Clay Loam,eggplant,PCAARRD ISP – Vegetables Industry Profile,https://ispweb.pcaarrd.dost.gov.ph/vegetables/,DOST-PCAARRD,PSA – Crops Production Survey (national & regional crop statistics),https://psa.gov.ph/crops-production-survey
88,56.5,70,23,71.5,5.5,97.29,Sandy Loam,tomato,PCAARRD ISP – Vegetables Industry Profile,https://ispweb.pcaarrd.dost.gov.ph/vegetables/,DOST-PCAARRD,PSA – Crops Production Survey (national & regional crop statistics),https://psa.gov.ph/crops-production-survey
36,32,78.7,25.05,64.43,6.8,93.44,Sandy Loam,sweet_potato,PCAARRD ISP – Sweetpotato Industry Profile,https://ispweb.pcaarrd.dost.gov.ph/sweetpotato/,DOST-PCAARRD,PSA – Crops Production Survey (national & regional crop statistics),https://psa.gov.ph/crops-production-survey
55.7,48.6,41.4,31.38,66.96,6.22,56.67,Sandy Loam,okra,PCAARRD ISP – Vegetables Industry Profile,https://ispweb.pcaarrd.dost.gov.ph/vegetables/,DOST-PCAARRD,PSA – Crops Production Survey (national & regional crop statistics),https://psa.gov.ph/crops-production-survey
89.1,53.8,24.3,27.05,61.36,7.25,81.75,Sandy Loam,corn,DA – Philippine Yellow Corn Industry Roadmap,https://www.da.gov.ph/wp-content/uploads/2023/05/Philippine-Yellow-Corn-Industry-Roadmap.pdf,Department of Agriculture,PSA – Crops Production Survey (national & regional crop statistics),https://psa.gov.ph/crops-production-survey
31.6,24.4,86.3,23.77,73.37,6.3,97.67,Loam,sweet_potato,PCAARRD ISP – Sweetpotato Industry Profile,https://ispweb.pcaarrd.dost.gov.ph/sweetpotato/,DOST-PCAARRD,PSA – Crops Production Survey (national & regional crop statistics),https://psa.gov.ph/crops-production-survey
74.7,43.3,40.7,22.07,77.62,5.62,107.44,Clay Loam,eggplant,PCAARRD ISP – Vegetables Industry Profile,https://ispweb.pcaarrd.dost.gov.ph/vegetables/,DOST-PCAARRD,PSA – Crops Production Survey (national & regional crop statistics),https://psa.gov.ph/crops-production-survey
66.8,34,83.5,22.68,66.84,6.18,76.65,Loam,tobacco,Department of Agriculture – Official Portal,https://www.da.gov.ph/,Department of Agriculture,PSA – Crops Production Survey (national & regional crop statistics),https://psa.gov.ph/crops-production-survey
43.3,22.9,87.8,26.79,70.98,6.22,72.21,Sandy Loam,sweet_potato,PCAARRD ISP – Sweetpotato Industry Profile,https://ispweb.pcaarrd.dost.gov.ph/sweetpotato/,DOST-PCAARRD,PSA – Crops Production Survey (national & regional crop statistics),https://psa.gov.ph/crops-production-survey
62.4,33.2,41.6,27.4,85.18,6.55,238.08,Clay Loam,cacao,PCAARRD ISP – Cacao Industry Profile,https://ispweb.pcaarrd.dost.gov.ph/isp-commodities/cacao/,DOST-PCAARRD,PSA – Crops Production Survey (national & regional crop statistics),https://psa.gov.ph/crops-production-survey
86.9,52.5,53.3,23.17,75.77,6.4,101.73,Loam,eggplant,PCAARRD ISP – Vegetables Industry Profile,https://ispweb.pcaarrd.dost.gov.ph/vegetables/,DOST-PCAARRD,PSA – Crops Production Survey (national & regional crop statistics),https://psa.gov.ph/crops-production-survey
86.3,58,39.7,28.88,79.49,6.54,71.22,Loam,eggplant,PCAARRD ISP – Vegetables Industry Profile,https://ispweb.pcaarrd.dost.gov.ph/vegetables/,DOST-PCAARRD,PSA – Crops Production Survey (national & regional crop statistics),https://psa.gov.ph/crops-production-survey
42,28.4,78.1,27.36,76.14,5.67,149.42,Volcanic Loam,pineapple,PCAARRD ISP – Queen Pineapple Industry Profile,https://ispweb.pcaarrd.dost.gov.ph/queen-pineapple/,DOST-PCAARRD,PSA – Crops Production Survey (national & regional crop statistics),https://psa.gov.ph/crops-production-survey
65.7,39.8,43.6,25.19,79.31,7.12,187.03,Loam,cacao,PCAARRD ISP – Cacao Industry Profile,https://ispweb.pcaarrd.dost.gov.ph/isp-commodities/cacao/,DOST-PCAARRD,PSA – Crops Production Survey (national & regional crop statistics),https://psa.gov.ph/crops-production-survey
37,27.5,20.1,26.34,77.25,4.86,224.01,Volcanic Loam,rubber,PCAARRD ISP – Rubber Industry Profile,https://ispweb.pcaarrd.dost.gov.ph/isp-commodities/rubber/,DOST-PCAARRD,PSA – Crops Production Survey (national & regional crop statistics),https://psa.gov.ph/crops-production-survey
49.2,30,77.1,25.85,67.52,6.21,111.73,Sandy Loam,sweet_potato,PCAARRD ISP – Sweetpotato Industry Profile,https://ispweb.pcaarrd.dost.gov.ph/sweetpotato/,DOST-PCAARRD,PSA – Crops Production Survey (national & regional crop statistics),https://psa.gov.ph/crops-production-survey
43.9,33.9,75.4,27.42,65.34,6.14,39.41,Loam,tobacco,Department of Agriculture – Official Portal,https://www.da.gov.ph/,Department of Agriculture,PSA – Crops Production Survey (national & regional crop statistics),https://psa.gov.ph/crops-production-survey
43.3,30.9,73.9,28.19,72.14,4.67,118.89,Volcanic Loam,pineapple,PCAARRD ISP – Queen Pineapple Industry Profile,https://ispweb.pcaarrd.dost.gov.ph/queen-pineapple/,DOST-PCAARRD,PSA – Crops Production Survey (national & regional crop statistics),https://psa.gov.ph/crops-production-survey
119.2,51.5,40.7,28.08,88.3,6.7,239.54,Clay,rice,PCAARRD ISP – Rice Industry Profile,https://ispweb.pcaarrd.dost.gov.ph/isp-commodities/rice/,DOST-PCAARRD,PSA – Crops Production Survey (national & regional crop statistics),https://psa.gov.ph/crops-production-survey
88.4,32.5,47.7,20.13,62.3,6.47,43.63,Sandy Loam,onion,PCAARRD ISP – Vegetables Industry Profile (onion),https://ispweb.pcaarrd.dost.gov.ph/vegetables/,DOST-PCAARRD,PSA – Crops Production Survey (national & regional crop statistics),https://psa.gov.ph/crops-production-survey
34.7,22.2,35.2,30.97,77.23,5.08,189.47,Clay Loam,rubber,PCAARRD ISP – Rubber Industry Profile,https://ispweb.pcaarrd.dost.gov.ph/isp-commodities/rubber/,DOST-PCAARRD,PSA – Crops Production Survey (national & regional crop statistics),https://psa.gov.ph/crops-production-survey
45.6,40.3,44,25.48,61.65,6.73,90.49,Loam,okra,PCAARRD ISP – Vegetables Industry Profile,https://ispweb.pcaarrd.dost.gov.ph/vegetables/,DOST-PCAARRD,PSA – Crops Production Survey (national & regional crop statistics),https://psa.gov.ph/crops-production-survey
43.3,38.8,65.6,25.77,63.31,5.64,71.21,Sandy Loam,tobacco,Department of Agriculture – Official Portal,https://www.da.gov.ph/,Department of Agriculture,PSA – Crops Production Survey (national & regional crop statistics),https://psa.gov.ph/crops-production-survey
50.2,61.3,49.2,30.01,87.78,6.56,114.77,Loam,papaya,Department of Agriculture – Official Portal,https://www.da.gov.ph/,Department of Agriculture,PSA – Crops Production Survey (national & regional crop statistics),https://psa.gov.ph/crops-production-survey
62.2,31.9,59,23.88,63.72,6.62,57.16,Sandy Loam,garlic,PCAARRD ISP – Vegetables Industry Profile (garlic),https://ispweb.pcaarrd.dost.gov.ph/vegetables/,DOST-PCAARRD,PSA – Crops Production Survey (national & regional crop statistics),https://psa.gov.ph/crops-production-survey
59.9,18,72.6,26.4,76.91,5.64,130.34,Volcanic Loam,pineapple,PCAARRD ISP – Queen Pineapple Industry Profile,https://ispweb.pcaarrd.dost.gov.ph/queen-pineapple/,DOST-PCAARRD,PSA – Crops Production Survey (national & regional crop statistics),https://psa.gov.ph/crops-production-survey
62.4,60.2,86.8,21.24,72.86,5.89,42.23,Loam,tomato,PCAARRD ISP – Vegetables Industry Profile,https://ispweb.pcaarrd.dost.gov.ph/vegetables/,DOST-PCAARRD,PSA – Crops Production Survey (national & regional crop statistics),https://psa.gov.ph/crops-production-survey
63,37.7,59.1,26.07,57.27,6.5,39.45,Loam,onion,PCAARRD ISP – Vegetables Industry Profile (onion),https://ispweb.pcaarrd.dost.gov.ph/vegetables/,DOST-PCAARRD,PSA – Crops Production Survey (national & regional crop statistics),https://psa.gov.ph/crops-production-survey
127.2,57.8,53.1,30.23,75.11,6.77,177.11,Loam,sugarcane,PCAARRD ISP – Sugarcane Industry Profile,https://ispweb.pcaarrd.dost.gov.ph/sugarcane/,DOST-PCAARRD,PSA – Crops Production Survey (national & regional crop statistics),https://psa.gov.ph/crops-production-survey
42,29.4,64,27.44,67.67,6.19,47.45,Sandy Loam,tobacco,Department of Agriculture – Official Portal,https://www.da.gov.ph/,Department of Agriculture,PSA – Crops Production Survey (national & regional crop statistics),https://psa.gov.ph/crops-production-survey
28.5,16.9,33.3,30.43,80.46,4.54,169.38,Volcanic Loam,rubber,PCAARRD ISP – Rubber Industry Profile,https://ispweb.pcaarrd.dost.gov.ph/isp-commodities/rubber/,DOST-PCAARRD,PSA – Crops Production Survey (national & regional crop statistics),https://psa.gov.ph/crops-production-survey
83.8,49.7,59.4,25.56,67.29,6.58,107.38,Clay Loam,eggplant,PCAARRD ISP – Vegetables Industry Profile,https://ispweb.pcaarrd.dost.gov.ph/vegetables/,DOST-PCAARRD,PSA – Crops Production Survey (national & regional crop statistics),https://psa.gov.ph/crops-production-survey
64.5,30.5,65.7,27.31,83.62,5.74,250.08,Clay Loam,abaca,PCAARRD ISP – Abaca Industry Profile,https://ispweb.pcaarrd.dost.gov.ph/isp-commodities/abaca/,DOST-PCAARRD,PSA – Crops Production Survey (national & regional crop statistics),https://psa.gov.ph/crops-production-survey
109.4,57.7,42.7,29.32,79.2,6.22,280.9,Silty Clay Loam,rice,PCAARRD ISP – Rice Industry Profile,https://ispweb.pcaarrd.dost.gov.ph/isp-commodities/rice/,DOST-PCAARRD,PSA – Crops Production Survey (national & regional crop statistics),https://psa.gov.ph/crops-production-survey
85.9,51.3,41,25.63,76.1,6.94,250.22,Clay,rice,PCAARRD ISP – Rice Industry Profile,https://ispweb.pcaarrd.dost.gov.ph/isp-commodities/rice/,DOST-PCAARRD,PSA – Crops Production Survey (national & regional crop statistics),https://psa.gov.ph/crops-production-survey
77.9,40.9,53.4,27.32,80.19,6.19,153.73,Clay Loam,cacao,PCAARRD ISP – Cacao Industry Profile,https://ispweb.pcaarrd.dost.gov.ph/isp-commodities/cacao/,DOST-PCAARRD,PSA – Crops Production Survey (national & regional crop statistics),https://psa.gov.ph/crops-production-survey
45.5,29.7,35.4,31.04,66.11,6.67,71.9,Loam,okra,PCAARRD ISP – Vegetables Industry Profile,https://ispweb.pcaarrd.dost.gov.ph/vegetables/,DOST-PCAARRD,PSA – Crops Production Survey (national & regional crop statistics),https://psa.gov.ph/crops-production-survey
24.9,12.5,15.1,30.64,82.59,5.96,181.04,Sandy Loam,calamansi,Department of Agriculture – Official Portal,https://www.da.gov.ph/,Department of Agriculture,PSA – Crops Production Survey (national & regional crop statistics),https://psa.gov.ph/crops-production-survey
20.1,32,33.2,24.21,69.15,6.47,70.77,Sandy,peanut,PCAARRD ISP – Legumes Industry Profile,https://ispweb.pcaarrd.dost.gov.ph/legumes/,DOST-PCAARRD,PSA – Crops Production Survey (national & regional crop statistics),https://psa.gov.ph/crops-production-survey
41.7,34.7,41.3,25.02,72.54,6.7,91.25,Loam,ampalaya,PCAARRD ISP – Vegetables Industry Profile,https://ispweb.pcaarrd.dost.gov.ph/vegetables/,DOST-PCAARRD,PSA – Crops Production Survey (national & regional crop statistics),https://psa.gov.ph/crops-production-survey
58.6,25.2,75.4,29.84,73.39,5.99,86.49,Sandy Loam,pineapple,PCAARRD ISP – Queen Pineapple Industry Profile,https://ispweb.pcaarrd.dost.gov.ph/queen-pineapple/,DOST-PCAARRD,PSA – Crops Production Survey (national & regional crop statistics),https://psa.gov.ph/crops-production-survey
62.7,48,40.4,26.16,74.69,6.25,82.29,Loam,eggplant,PCAARRD ISP – Vegetables Industry Profile,https://ispweb.pcaarrd.dost.gov.ph/vegetables/,DOST-PCAARRD,PSA – Crops Production Survey (national & regional crop statistics),https://psa.gov.ph/crops-production-survey
20.7,47.5,29.2,27.19,64.05,6.56,68.74,Sandy Loam,mungbean,PCAARRD ISP – Legumes Industry Profile,https://ispweb.pcaarrd.dost.gov.ph/legumes/,DOST-PCAARRD,PSA – Crops Production Survey (national & regional crop statistics),https://psa.gov.ph/crops-production-survey
20.8,15.4,24.4,28.36,82.77,5.75,152.66,Sandy Loam,calamansi,Department of Agriculture – Official Portal,https://www.da.gov.ph/,Department of Agriculture,PSA – Crops Production Survey (national & regional crop statistics),https://psa.gov.ph/crops-production-survey
95.4,19.5,32.7,23.03,62.61,5.08,234.21,Clay Loam,coffee,PCAARRD ISP – Coffee Industry Profile,https://ispweb.pcaarrd.dost.gov.ph/isp-commodities/coffee/,DOST-PCAARRD,PSA – Crops Production Survey (national & regional crop statistics),https://psa.gov.ph/crops-production-survey
17.5,6.9,29,26.01,88.07,6.9,178.37,Sandy,coconut,PCAARRD ISP – Coconut Industry Profile,https://ispweb.pcaarrd.dost.gov.ph/isp-commodities/coconut/,DOST-PCAARRD,PSA – Crops Production Survey (national & regional crop statistics),https://psa.gov.ph/crops-production-survey
87.4,32.8,64.4,27.29,83.8,5.38,203.62,Volcanic Loam,abaca,PCAARRD ISP – Abaca Industry Profile,https://ispweb.pcaarrd.dost.gov.ph/isp-commodities/abaca/,DOST-PCAARRD,PSA – Crops Production Survey (national & regional crop statistics),https://psa.gov.ph/crops-production-survey
49.1,27.7,69.2,24.24,65.68,6.37,44.82,Loam,tobacco,Department of Agriculture – Official Portal,https://www.da.gov.ph/,Department of Agriculture,PSA – Crops Production Survey (national & regional crop statistics),https://psa.gov.ph/crops-production-survey
50.3,25,85.7,27.06,72.74,4.95,138.46,Sandy Loam,pineapple,PCAARRD ISP – Queen Pineapple Industry Profile,https://ispweb.pcaarrd.dost.gov.ph/queen-pineapple/,DOST-PCAARRD,PSA – Crops Production Survey (national & regional crop statistics),https://psa.gov.ph/crops-production-survey
114.1,90.9,54.3,26.86,85.43,5.86,151.55,Volcanic Loam,banana,PCAARRD ISP – Banana Industry Profile,https://ispweb.pcaarrd.dost.gov.ph/isp-commodities/banana/,DOST-PCAARRD,PSA – Crops Production Survey (national & regional crop statistics),https://psa.gov.ph/crops-production-survey
43.4,21,82.6,26.48,78.99,5.73,111.97,Sandy Loam,pineapple,PCAARRD ISP – Queen Pineapple Industry Profile,https://ispweb.pcaarrd.dost.gov.ph/queen-pineapple/,DOST-PCAARRD,PSA – Crops Production Survey (national & regional crop statistics),https://psa.gov.ph/crops-production-survey
32.4,20,22.2,25.25,77.79,4.78,196.51,Volcanic Loam,rubber,PCAARRD ISP – Rubber Industry Profile,https://ispweb.pcaarrd.dost.gov.ph/isp-commodities/rubber/,DOST-PCAARRD,PSA – Crops Production Survey (national & regional crop statistics),https://psa.gov.ph/crops-production-survey
75.7,30.9,41.6,24.5,89.59,5.84,176.94,Volcanic Loam,cacao,PCAARRD ISP – Cacao Industry Profile,https://ispweb.pcaarrd.dost.gov.ph/isp-commodities/cacao/,DOST-PCAARRD,PSA – Crops Production Survey (national & regional crop statistics),https://psa.gov.ph/crops-production-survey
98,54.4,23.8,25.03,63.27,6.77,95.84,Loam,corn,DA – Philippine Yellow Corn Industry Roadmap,https://www.da.gov.ph/wp-content/uploads/2023/05/Philippine-Yellow-Corn-Industry-Roadmap.pdf,Department of Agriculture,PSA – Crops Production Survey (national & regional crop statistics),https://psa.gov.ph/crops-production-survey
39.7,20.9,72.2,29.21,75.83,5.48,96.81,Sandy Loam,pineapple,PCAARRD ISP – Queen Pineapple Industry Profile,https://ispweb.pcaarrd.dost.gov.ph/queen-pineapple/,DOST-PCAARRD,PSA – Crops Production Survey (national & regional crop statistics),https://psa.gov.ph/crops-production-survey
35.5,28.7,79.9,23.09,65.84,5.75,113.89,Loam,sweet_potato,PCAARRD ISP – Sweetpotato Industry Profile,https://ispweb.pcaarrd.dost.gov.ph/sweetpotato/,DOST-PCAARRD,PSA – Crops Production Survey (national & regional crop statistics),https://psa.gov.ph/crops-production-survey
44.9,25.1,70.3,27.4,78.18,5.8,135.52,Sandy Loam,pineapple,PCAARRD ISP – Queen Pineapple Industry Profile,https://ispweb.pcaarrd.dost.gov.ph/queen-pineapple/,DOST-PCAARRD,PSA – Crops Production Survey (national & regional crop statistics),https://psa.gov.ph/crops-production-survey
39.4,26.2,69.9,25.17,74.5,5.68,90.8,Volcanic Loam,pineapple,PCAARRD ISP – Queen Pineapple Industry Profile,https://ispweb.pcaarrd.dost.gov.ph/queen-pineapple/,DOST-PCAARRD,PSA – Crops Production Survey (national & regional crop statistics),https://psa.gov.ph/crops-production-survey
89.7,74.9,53.3,25.29,86.29,6.26,154.7,Loam,banana,PCAARRD ISP – Banana Industry Profile,https://ispweb.pcaarrd.dost.gov.ph/isp-commodities/banana/,DOST-PCAARRD,PSA – Crops Production Survey (national & regional crop statistics),https://psa.gov.ph/crops-production-survey
49.8,55,53.4,29.83,79.06,6.19,130.14,Loam,papaya,Department of Agriculture – Official Portal,https://www.da.gov.ph/,Department of Agriculture,PSA – Crops Production Survey (national & regional crop statistics),https://psa.gov.ph/crops-production-survey
79,34.3,41.8,20.93,66.9,6.34,45.45,Loam,garlic,PCAARRD ISP – Vegetables Industry Profile (garlic),https://ispweb.pcaarrd.dost.gov.ph/vegetables/,DOST-PCAARRD,PSA – Crops Production Survey (national & regional crop statistics),https://psa.gov.ph/crops-production-survey
57.2,27.1,60,27.6,64.73,6.94,77.98,Loam,cassava,Department of Agriculture – Official Portal,https://www.da.gov.ph/,Department of Agriculture,PSA – Crops Production Survey (national & regional crop statistics),https://psa.gov.ph/crops-production-survey
100.7,51.2,40.6,26.32,88.32,6.89,284.75,Clay,rice,PCAARRD ISP – Rice Industry Profile,https://ispweb.pcaarrd.dost.gov.ph/isp-commodities/rice/,DOST-PCAARRD,PSA – Crops Production Survey (national & regional crop statistics),https://psa.gov.ph/crops-production-survey
74.8,24.7,76.8,27.29,82.03,5.3,210.06,Volcanic Loam,abaca,PCAARRD ISP – Abaca Industry Profile,https://ispweb.pcaarrd.dost.gov.ph/isp-commodities/abaca/,DOST-PCAARRD,PSA – Crops Production Survey (national & regional crop statistics),https://psa.gov.ph/crops-production-survey
53.7,33.6,60.4,26.01,58.57,5.91,133.72,Sandy Loam,cassava,Department of Agriculture – Official Portal,https://www.da.gov.ph/,Department of Agriculture,PSA – Crops Production Survey (national & regional crop statistics),https://psa.gov.ph/crops-production-survey
23.2,4.1,29.1,25.91,80.66,7.86,242.44,Sandy,coconut,PCAARRD ISP – Coconut Industry Profile,https://ispweb.pcaarrd.dost.gov.ph/isp-commodities/coconut/,DOST-PCAARRD,PSA – Crops Production Survey (national & regional crop statistics),https://psa.gov.ph/crops-production-survey
16,18.3,24.9,31.57,80.72,6.31,171.18,Clay Loam,calamansi,Department of Agriculture – Official Portal,https://www.da.gov.ph/,Department of Agriculture,PSA – Crops Production Survey (national & regional crop statistics),https://psa.gov.ph/crops-production-survey
110.9,24.3,33.5,24.1,72.58,5.74,154.36,Volcanic Loam,coffee,PCAARRD ISP – Coffee Industry Profile,https://ispweb.pcaarrd.dost.gov.ph/isp-commodities/coffee/,DOST-PCAARRD,PSA – Crops Production Survey (national & regional crop statistics),https://psa.gov.ph/crops-production-survey
20.4,48.6,29.9,29.47,63.54,6.87,75.39,Sandy Loam,mungbean,PCAARRD ISP – Legumes Industry Profile,https://ispweb.pcaarrd.dost.gov.ph/legumes/,DOST-PCAARRD,PSA – Crops Production Survey (national & regional crop statistics),https://psa.gov.ph/crops-production-survey
83.4,43,24.5,28.48,64.95,6.92,80.79,Sandy Loam,corn,DA – Philippine Yellow Corn Industry Roadmap,https://www.da.gov.ph/wp-content/uploads/2023/05/Philippine-Yellow-Corn-Industry-Roadmap.pdf,Department of Agriculture,PSA – Crops Production Survey (national & regional crop statistics),https://psa.gov.ph/crops-production-survey
49.3,22.5,91.5,25.71,72.92,6.19,82.17,Loam,sweet_potato,PCAARRD ISP – Sweetpotato Industry Profile,https://ispweb.pcaarrd.dost.gov.ph/sweetpotato/,DOST-PCAARRD,PSA – Crops Production Survey (national & regional crop statistics),https://psa.gov.ph/crops-production-survey
50.8,46.9,33.2,29.73,67.78,6.47,110.63,Clay Loam,ampalaya,PCAARRD ISP – Vegetables Industry Profile,https://ispweb.pcaarrd.dost.gov.ph/vegetables/,DOST-PCAARRD,PSA – Crops Production Survey (national & regional crop statistics),https://psa.gov.ph/crops-production-survey
23,24.5,33,32.65,75.28,4.89,180.26,Loam,rubber,PCAARRD ISP – Rubber Industry Profile,https://ispweb.pcaarrd.dost.gov.ph/isp-commodities/rubber/,DOST-PCAARRD,PSA – Crops Production Survey (national & regional crop statistics),https://psa.gov.ph/crops-production-survey
17.4,11.5,30.7,29.05,85.93,5.62,224.07,Volcanic Loam,coconut,PCAARRD ISP – Coconut Industry Profile,https://ispweb.pcaarrd.dost.gov.ph/isp-commodities/coconut/,DOST-PCAARRD,PSA – Crops Production Survey (national & regional crop statistics),https://psa.gov.ph/crops-production-survey
54.9,23.5,71,26.23,68.11,4.92,83.55,Volcanic Loam,pineapple,PCAARRD ISP – Queen Pineapple Industry Profile,https://ispweb.pcaarrd.dost.gov.ph/queen-pineapple/,DOST-PCAARRD,PSA – Crops Production Survey (national & regional crop statistics),https://psa.gov.ph/crops-production-survey
50.6,38.3,45.7,31.04,76.49,6.75,82.43,Clay Loam,ampalaya,PCAARRD ISP – Vegetables Industry Profile,https://ispweb.pcaarrd.dost.gov.ph/vegetables/,DOST-PCAARRD,PSA – Crops Production Survey (national & regional crop statistics),https://psa.gov.ph/crops-production-survey
71.9,48.3,46.1,26.23,65.77,6.21,47.15,Loam,garlic,PCAARRD ISP – Vegetables Industry Profile (garlic),https://ispweb.pcaarrd.dost.gov.ph/vegetables/,DOST-PCAARRD,PSA – Crops Production Survey (national & regional crop statistics),https://psa.gov.ph/crops-production-survey
37.4,22.3,26.4,26.73,78.84,5.21,154.99,Volcanic Loam,rubber,PCAARRD ISP – Rubber Industry Profile,https://ispweb.pcaarrd.dost.gov.ph/isp-commodities/rubber/,DOST-PCAARRD,PSA – Crops Production Survey (national & regional crop statistics),https://psa.gov.ph/crops-production-survey
94.3,24.6,26.2,27.36,66.72,6.28,248.05,Volcanic Loam,coffee,PCAARRD ISP – Coffee Industry Profile,https://ispweb.pcaarrd.dost.gov.ph/isp-commodities/coffee/,DOST-PCAARRD,PSA – Crops Production Survey (national & regional crop statistics),https://psa.gov.ph/crops-production-survey
66.5,50.9,75,22.97,66.29,5.7,76.09,Loam,tomato,PCAARRD ISP – Vegetables Industry Profile,https://ispweb.pcaarrd.dost.gov.ph/vegetables/,DOST-PCAARRD,PSA – Crops Production Survey (national & regional crop statistics),https://psa.gov.ph/crops-production-survey
106.2,41,42.5,27.29,79.87,6.5,296.7,Clay,rice,PCAARRD ISP – Rice Industry Profile,https://ispweb.pcaarrd.dost.gov.ph/isp-commodities/rice/,DOST-PCAARRD,PSA – Crops Production Survey (national & regional crop statistics),https://psa.gov.ph/crops-production-survey
23.2,44.4,36.6,28.75,59.24,5.69,80.21,Sandy Loam,peanut,PCAARRD ISP – Legumes Industry Profile,https://ispweb.pcaarrd.dost.gov.ph/legumes/,DOST-PCAARRD,PSA – Crops Production Survey (national & regional crop statistics),https://psa.gov.ph/crops-production-survey
62.1,27.3,75.7,29.49,92,6.5,212.3,Clay Loam,abaca,PCAARRD ISP – Abaca Industry Profile,https://ispweb.pcaarrd.dost.gov.ph/isp-commodities/abaca/,DOST-PCAARRD,PSA – Crops Production Survey (national & regional crop statistics),https://psa.gov.ph/crops-production-survey
94.9,97,53.5,30.55,75.52,6.66,143.07,Volcanic Loam,banana,PCAARRD ISP – Banana Industry Profile,https://ispweb.pcaarrd.dost.gov.ph/isp-commodities/banana/,DOST-PCAARRD,PSA – Crops Production Survey (national & regional crop statistics),https://psa.gov.ph/crops-production-survey
43.9,29,78.5,24.52,73.74,5.32,97.59,Clay Loam,pineapple,PCAARRD ISP – Queen Pineapple Industry Profile,https://ispweb.pcaarrd.dost.gov.ph/queen-pineapple/,DOST-PCAARRD,PSA – Crops Production Survey (national & regional crop statistics),https://psa.gov.ph/crops-production-survey
57.2,31.7,31.4,31.73,61.22,6.76,86.48,Loam,okra,PCAARRD ISP – Vegetables Industry Profile,https://ispweb.pcaarrd.dost.gov.ph/vegetables/,DOST-PCAARRD,PSA – Crops Production Survey (national & regional crop statistics),https://psa.gov.ph/crops-production-survey
42.7,27.6,86.8,25.02,68.1,5.65,105.27,Sandy Loam,sweet_potato,PCAARRD ISP – Sweetpotato Industry Profile,https://ispweb.pcaarrd.dost.gov.ph/sweetpotato/,DOST-PCAARRD,PSA – Crops Production Survey (national & regional crop statistics),https://psa.gov.ph/crops-production-survey
111.1,58.4,41.9,27.18,83.79,6.03,175.07,Clay Loam,rice,PCAARRD ISP – Rice Industry Profile,https://ispweb.pcaarrd.dost.gov.ph/isp-commodities/rice/,DOST-PCAARRD,PSA – Crops Production Survey (national & regional crop statistics),https://psa.gov.ph/crops-production-survey
72.9,45.3,52.3,25.46,68.96,6.7,31.88,Loam,onion,PCAARRD ISP – Vegetables Industry Profile (onion),https://ispweb.pcaarrd.dost.gov.ph/vegetables/,DOST-PCAARRD,PSA – Crops Production Survey (national & regional crop statistics),https://psa.gov.ph/crops-production-survey
48.3,34.2,66.7,24.96,64.78,5.03,60.47,Loam,cassava,Department of Agriculture – Official Portal,https://www.da.gov.ph/,Department of Agriculture,PSA – Crops Production Survey (national & regional crop statistics),https://psa.gov.ph/crops-production-survey
59.6,38.2,41.4,25.78,72.31,6.65,76.58,Loam,ampalaya,PCAARRD ISP – Vegetables Industry Profile,https://ispweb.pcaarrd.dost.gov.ph/vegetables/,DOST-PCAARRD,PSA – Crops Production Survey (national & regional crop statistics),https://psa.gov.ph/crops-production-survey
76.3,41.3,41.6,27.24,67.88,6.97,47.66,Loam,onion,PCAARRD ISP – Vegetables Industry Profile (onion),https://ispweb.pcaarrd.dost.gov.ph/vegetables/,DOST-PCAARRD,PSA – Crops Production Survey (national & regional crop statistics),https://psa.gov.ph/crops-production-survey
23.9,11.2,28.2,25.91,91.05,6.78,227.4,Sandy,coconut,PCAARRD ISP – Coconut Industry Profile,https://ispweb.pcaarrd.dost.gov.ph/isp-commodities/coconut/,DOST-PCAARRD,PSA – Crops Production Survey (national & regional crop statistics),https://psa.gov.ph/crops-production-survey
87,50.7,55.6,23.03,58.11,6.31,42.29,Sandy Loam,onion,PCAARRD ISP – Vegetables Industry Profile (onion),https://ispweb.pcaarrd.dost.gov.ph/vegetables/,DOST-PCAARRD,PSA – Crops Production Survey (national & regional crop statistics),https://psa.gov.ph/crops-production-survey
53.5,26.5,82.5,24.86,61.31,6.19,46.8,Loam,tobacco,Department of Agriculture – Official Portal,https://www.da.gov.ph/,Department of Agriculture,PSA – Crops Production Survey (national & regional crop statistics),https://psa.gov.ph/crops-production-survey
75.5,52.4,86.5,26.6,64.96,5.98,99.38,Loam,tomato,PCAARRD ISP – Vegetables Industry Profile,https://ispweb.pcaarrd.dost.gov.ph/vegetables/,DOST-PCAARRD,PSA – Crops Production Survey (national & regional crop statistics),https://psa.gov.ph/crops-production-survey
86.2,34.2,49.3,25.82,59.16,6.81,42.07,Sandy Loam,onion,PCAARRD ISP – Vegetables Industry Profile (onion),https://ispweb.pcaarrd.dost.gov.ph/vegetables/,DOST-PCAARRD,PSA – Crops Production Survey (national & regional crop statistics),https://psa.gov.ph/crops-production-survey
83,31.2,87.8,25.68,90.83,5.51,243.58,Loam,abaca,PCAARRD ISP – Abaca Industry Profile,https://ispweb.pcaarrd.dost.gov.ph/isp-commodities/abaca/,DOST-PCAARRD,PSA – Crops Production Survey (national & regional crop statistics),https://psa.gov.ph/crops-production-survey
105.3,18,28.8,26.47,67.26,5.38,180.31,Volcanic Loam,coffee,PCAARRD ISP – Coffee Industry Profile,https://ispweb.pcaarrd.dost.gov.ph/isp-commodities/coffee/,DOST-PCAARRD,PSA – Crops Production Survey (national & regional crop statistics),https://psa.gov.ph/crops-production-survey
128.1,44,60.1,25.02,68.7,5.56,106.63,Clay Loam,sugarcane,PCAARRD ISP – Sugarcane Industry Profile,https://ispweb.pcaarrd.dost.gov.ph/sugarcane/,DOST-PCAARRD,PSA – Crops Production Survey (national & regional crop statistics),https://psa.gov.ph/crops-production-survey
21.4,37.3,22.7,31.84,73.64,6.45,43.65,Loam,mungbean,PCAARRD ISP – Legumes Industry Profile,https://ispweb.pcaarrd.dost.gov.ph/legumes/,DOST-PCAARRD,PSA – Crops Production Survey (national & regional crop statistics),https://psa.gov.ph/crops-production-survey
72.8,41.4,42.4,20.33,70.56,6.19,42.58,Loam,onion,PCAARRD ISP – Vegetables Industry Profile (onion),https://ispweb.pcaarrd.dost.gov.ph/vegetables/,DOST-PCAARRD,PSA – Crops Production Survey (national & regional crop statistics),https://psa.gov.ph/crops-production-survey
74,46.6,44.4,25.95,67.45,6.48,52.01,Sandy Loam,onion,PCAARRD ISP – Vegetables Industry Profile (onion),https://ispweb.pcaarrd.dost.gov.ph/vegetables/,DOST-PCAARRD,PSA – Crops Production Survey (national & regional crop statistics),https://psa.gov.ph/crops-production-survey
118.4,49.2,56.7,27.13,68.28,6.64,158.02,Loam,sugarcane,PCAARRD ISP – Sugarcane Industry Profile,https://ispweb.pcaarrd.dost.gov.ph/sugarcane/,DOST-PCAARRD,PSA – Crops Production Survey (national & regional crop statistics),https://psa.gov.ph/crops-production-survey
98.2,59,44,25.62,78.21,6.29,287.8,Clay Loam,rice,PCAARRD ISP – Rice Industry Profile,https://ispweb.pcaarrd.dost.gov.ph/isp-commodities/rice/,DOST-PCAARRD,PSA – Crops Production Survey (national & regional crop statistics),https://psa.gov.ph/crops-production-survey
79.4,47.5,57.1,21.35,65.07,6.76,35.06,Loam,garlic,PCAARRD ISP – Vegetables Industry Profile (garlic),https://ispweb.pcaarrd.dost.gov.ph/vegetables/,DOST-PCAARRD,PSA – Crops Production Survey (national & regional crop statistics),https://psa.gov.ph/crops-production-survey
107.5,53.7,44.2,27.45,80.58,6.61,287.73,Clay Loam,rice,PCAARRD ISP – Rice Industry Profile,https://ispweb.pcaarrd.dost.gov.ph/isp-commodities/rice/,DOST-PCAARRD,PSA – Crops Production Survey (national & regional crop statistics),https://psa.gov.ph/crops-production-survey
52.8,33.3,67,28.14,64.38,6.98,84.09,Loam,cassava,Department of Agriculture – Official Portal,https://www.da.gov.ph/,Department of Agriculture,PSA – Crops Production Survey (national & regional crop statistics),https://psa.gov.ph/crops-production-survey
97.1,17.9,32.8,22.91,70.55,6.07,161.81,Volcanic Loam,coffee,PCAARRD ISP – Coffee Industry Profile,https://ispweb.pcaarrd.dost.gov.ph/isp-commodities/coffee/,DOST-PCAARRD,PSA – Crops Production Survey (national & regional crop statistics),https://psa.gov.ph/crops-production-survey
65.9,33.6,53.9,19.58,57.02,6.77,63.91,Sandy Loam,onion,PCAARRD ISP – Vegetables Industry Profile (onion),https://ispweb.pcaarrd.dost.gov.ph/vegetables/,DOST-PCAARRD,PSA – Crops Production Survey (national & regional crop statistics),https://psa.gov.ph/crops-production-survey
113.8,92.8,50.8,25.47,81.84,5.76,171.6,Clay Loam,banana,PCAARRD ISP – Banana Industry Profile,https://ispweb.pcaarrd.dost.gov.ph/isp-commodities/banana/,DOST-PCAARRD,PSA – Crops Production Survey (national & regional crop statistics),https://psa.gov.ph/crops-production-survey
15.5,8.4,23.9,26.52,79.65,7.59,212.24,Sandy Loam,coconut,PCAARRD ISP – Coconut Industry Profile,https://ispweb.pcaarrd.dost.gov.ph/isp-commodities/coconut/,DOST-PCAARRD,PSA – Crops Production Survey (national & regional crop statistics),https://psa.gov.ph/crops-production-survey
72.5,45.8,70.5,20.63,64.31,6.5,78.33,Loam,tomato,PCAARRD ISP – Vegetables Industry Profile,https://ispweb.pcaarrd.dost.gov.ph/vegetables/,DOST-PCAARRD,PSA – Crops Production Survey (national & regional crop statistics),https://psa.gov.ph/crops-production-survey
104.9,20.8,27.1,24.24,61.34,5.97,196.92,Clay Loam,coffee,PCAARRD ISP – Coffee Industry Profile,https://ispweb.pcaarrd.dost.gov.ph/isp-commodities/coffee/,DOST-PCAARRD,PSA – Crops Production Survey (national & regional crop statistics),https://psa.gov.ph/crops-production-survey
85.5,35.9,50.3,22.21,59.24,6.03,63.25,Sandy Loam,garlic,PCAARRD ISP – Vegetables Industry Profile (garlic),https://ispweb.pcaarrd.dost.gov.ph/vegetables/,DOST-PCAARRD,PSA – Crops Production Survey (national & regional crop statistics),https://psa.gov.ph/crops-production-survey
14.9,16,29.2,32.7,51.74,6.23,60.14,Clay Loam,mango,PCAARRD ISP – Mango Industry Profile,https://ispweb.pcaarrd.dost.gov.ph/isp-commodities/mango/,DOST-PCAARRD,PSA – Crops Production Survey (national & regional crop statistics),https://psa.gov.ph/crops-production-survey
72.3,43.1,58.5,22.5,62.4,6.57,42.68,Sandy Loam,garlic,PCAARRD ISP – Vegetables Industry Profile (garlic),https://ispweb.pcaarrd.dost.gov.ph/vegetables/,DOST-PCAARRD,PSA – Crops Production Survey (national & regional crop statistics),https://psa.gov.ph/crops-production-survey
49.3,52.9,51.4,28.14,77,6.22,137.22,Loam,papaya,Department of Agriculture – Official Portal,https://www.da.gov.ph/,Department of Agriculture,PSA – Crops Production Survey (national & regional crop statistics),https://psa.gov.ph/crops-production-survey
99.7,79.4,51.1,27.7,78.98,5.8,134.24,Clay Loam,banana,PCAARRD ISP – Banana Industry Profile,https://ispweb.pcaarrd.dost.gov.ph/isp-commodities/banana/,DOST-PCAARRD,PSA – Crops Production Survey (national & regional crop statistics),https://psa.gov.ph/crops-production-survey
15.1,14.4,29.5,25.83,91.49,5.54,152.48,Sandy Loam,coconut,PCAARRD ISP – Coconut Industry Profile,https://ispweb.pcaarrd.dost.gov.ph/isp-commodities/coconut/,DOST-PCAARRD,PSA – Crops Production Survey (national & regional crop statistics),https://psa.gov.ph/crops-production-survey
83.1,40.3,44,27.23,77.2,6.46,231.91,Loam,cacao,PCAARRD ISP – Cacao Industry Profile,https://ispweb.pcaarrd.dost.gov.ph/isp-commodities/cacao/,DOST-PCAARRD,PSA – Crops Production Survey (national & regional crop statistics),https://psa.gov.ph/crops-production-survey
45.7,22.7,76.8,25.66,68.3,6.34,47.02,Sandy Loam,tobacco,Department of Agriculture – Official Portal,https://www.da.gov.ph/,Department of Agriculture,PSA – Crops Production Survey (national & regional crop statistics),https://psa.gov.ph/crops-production-survey
31.8,21.4,23.6,27.14,84.63,5.15,173.6,Clay Loam,rubber,PCAARRD ISP – Rubber Industry Profile,https://ispweb.pcaarrd.dost.gov.ph/isp-commodities/rubber/,DOST-PCAARRD,PSA – Crops Production Survey (national & regional crop statistics),https://psa.gov.ph/crops-production-survey
42.8,47.2,49.3,30.24,69.62,6.1,88.58,Clay Loam,ampalaya,PCAARRD ISP – Vegetables Industry Profile,https://ispweb.pcaarrd.dost.gov.ph/vegetables/,DOST-PCAARRD,PSA – Crops Production Survey (national & regional crop statistics),https://psa.gov.ph/crops-production-survey
45.4,32.8,83.8,27.05,62.53,6.13,89.33,Sandy Loam,sweet_potato,PCAARRD ISP – Sweetpotato Industry Profile,https://ispweb.pcaarrd.dost.gov.ph/sweetpotato/,DOST-PCAARRD,PSA – Crops Production Survey (national & regional crop statistics),https://psa.gov.ph/crops-production-survey
72.1,31.2,51.3,23.93,62.11,6.46,53.27,Loam,onion,PCAARRD ISP – Vegetables Industry Profile (onion),https://ispweb.pcaarrd.dost.gov.ph/vegetables/,DOST-PCAARRD,PSA – Crops Production Survey (national & regional crop statistics),https://psa.gov.ph/crops-production-survey
96.5,20.7,33.4,24.23,75.93,5.17,184.65,Volcanic Loam,coffee,PCAARRD ISP – Coffee Industry Profile,https://ispweb.pcaarrd.dost.gov.ph/isp-commodities/coffee/,DOST-PCAARRD,PSA – Crops Production Survey (national & regional crop statistics),https://psa.gov.ph/crops-production-survey
50.9,51.1,53.9,27.52,73.8,5.68,121.37,Sandy Loam,papaya,Department of Agriculture – Official Portal,https://www.da.gov.ph/,Department of Agriculture,PSA – Crops Production Survey (national & regional crop statistics),https://psa.gov.ph/crops-production-survey
53.8,59.8,47.9,26.43,73.66,6.68,106.39,Loam,papaya,Department of Agriculture – Official Portal,https://www.da.gov.ph/,Department of Agriculture,PSA – Crops Production Survey (national & regional crop statistics),https://psa.gov.ph/crops-production-survey
30.7,26.3,91.4,25.74,69.75,5.68,97.67,Loam,sweet_potato,PCAARRD ISP – Sweetpotato Industry Profile,https://ispweb.pcaarrd.dost.gov.ph/sweetpotato/,DOST-PCAARRD,PSA – Crops Production Survey (national & regional crop statistics),https://psa.gov.ph/crops-production-survey
29,15.6,34.5,27.03,74.36,5.74,192.17,Clay Loam,rubber,PCAARRD ISP – Rubber Industry Profile,https://ispweb.pcaarrd.dost.gov.ph/isp-commodities/rubber/,DOST-PCAARRD,PSA – Crops Production Survey (national & regional crop statistics),https://psa.gov.ph/crops-production-survey
126.7,58.2,49.7,33.81,65.72,5.68,146.85,Clay Loam,sugarcane,PCAARRD ISP – Sugarcane Industry Profile,https://ispweb.pcaarrd.dost.gov.ph/sugarcane/,DOST-PCAARRD,PSA – Crops Production Survey (national & regional crop statistics),https://psa.gov.ph/crops-production-survey
19.4,39.8,21.8,25.4,63.25,6.07,68.83,Sandy Loam,mungbean,PCAARRD ISP – Legumes Industry Profile,https://ispweb.pcaarrd.dost.gov.ph/legumes/,DOST-PCAARRD,PSA – Crops Production Survey (national & regional crop statistics),https://psa.gov.ph/crops-production-survey
22.5,7.2,29.8,29.68,87.47,6.59,215.87,Sandy,coconut,PCAARRD ISP – Coconut Industry Profile,https://ispweb.pcaarrd.dost.gov.ph/isp-commodities/coconut/,DOST-PCAARRD,PSA – Crops Production Survey (national & regional crop statistics),https://psa.gov.ph/crops-production-survey
37.6,27.5,64.1,27.94,61.98,6.14,91.15,Loam,sweet_potato,PCAARRD ISP – Sweetpotato Industry Profile,https://ispweb.pcaarrd.dost.gov.ph/sweetpotato/,DOST-PCAARRD,PSA – Crops Production Survey (national & regional crop statistics),https://psa.gov.ph/crops-production-survey
22.3,9,31.5,26.95,89.92,6.41,138.08,Sandy,coconut,PCAARRD ISP – Coconut Industry Profile,https://ispweb.pcaarrd.dost.gov.ph/isp-commodities/coconut/,DOST-PCAARRD,PSA – Crops Production Survey (national & regional crop statistics),https://psa.gov.ph/crops-production-survey
42.6,30.5,78.3,32.1,59.41,6.84,77.91,Loam,cassava,Department of Agriculture – Official Portal,https://www.da.gov.ph/,Department of Agriculture,PSA – Crops Production Survey (national & regional crop statistics),https://psa.gov.ph/crops-production-survey
58.5,17.3,82.6,29.11,65.81,5.82,97.34,Volcanic Loam,pineapple,PCAARRD ISP – Queen Pineapple Industry Profile,https://ispweb.pcaarrd.dost.gov.ph/queen-pineapple/,DOST-PCAARRD,PSA – Crops Production Survey (national & regional crop statistics),https://psa.gov.ph/crops-production-survey
123,40.2,44.4,33.95,72.28,7.1,151.65,Loam,sugarcane,PCAARRD ISP – Sugarcane Industry Profile,https://ispweb.pcaarrd.dost.gov.ph/sugarcane/,DOST-PCAARRD,PSA – Crops Production Survey (national & regional crop statistics),https://psa.gov.ph/crops-production-survey
47.6,28.5,70.9,22.87,64.65,6.15,110.59,Sandy Loam,sweet_potato,PCAARRD ISP – Sweetpotato Industry Profile,https://ispweb.pcaarrd.dost.gov.ph/sweetpotato/,DOST-PCAARRD,PSA – Crops Production Survey (national & regional crop statistics),https://psa.gov.ph/crops-production-survey
23,31.2,31.6,26.31,75.73,5.02,190.19,Volcanic Loam,rubber,PCAARRD ISP – Rubber Industry Profile,https://ispweb.pcaarrd.dost.gov.ph/isp-commodities/rubber/,DOST-PCAARRD,PSA – Crops Production Survey (national & regional crop statistics),https://psa.gov.ph/crops-production-survey
37.6,14.7,83.5,29.12,77.99,4.99,95.42,Sandy Loam,pineapple,PCAARRD ISP – Queen Pineapple Industry Profile,https://ispweb.pcaarrd.dost.gov.ph/queen-pineapple/,DOST-PCAARRD,PSA – Crops Production Survey (national & regional crop statistics),https://psa.gov.ph/crops-production-survey
16.7,13.8,16.7,26.69,84.36,5.54,139.1,Sandy Loam,calamansi,Department of Agriculture – Official Portal,https://www.da.gov.ph/,Department of Agriculture,PSA – Crops Production Survey (national & regional crop statistics),https://psa.gov.ph/crops-production-survey
49.6,51.3,54.3,28.88,77.06,5.76,117.72,Loam,papaya,Department of Agriculture – Official Portal,https://www.da.gov.ph/,Department of Agriculture,PSA – Crops Production Survey (national & regional crop statistics),https://psa.gov.ph/crops-production-survey
34.9,15.6,32.3,25.09,84.3,5.72,165.32,Loam,rubber,PCAARRD ISP – Rubber Industry Profile,https://ispweb.pcaarrd.dost.gov.ph/isp-commodities/rubber/,DOST-PCAARRD,PSA – Crops Production Survey (national & regional crop statistics),https://psa.gov.ph/crops-production-survey
64.5,53.7,58.2,25.36,73.01,6.38,109.07,Clay Loam,eggplant,PCAARRD ISP – Vegetables Industry Profile,https://ispweb.pcaarrd.dost.gov.ph/vegetables/,DOST-PCAARRD,PSA – Crops Production Survey (national & regional crop statistics),https://psa.gov.ph/crops-production-survey
23.7,18.5,28,28.41,57.04,5.58,62.99,Clay Loam,mango,PCAARRD ISP – Mango Industry Profile,https://ispweb.pcaarrd.dost.gov.ph/isp-commodities/mango/,DOST-PCAARRD,PSA – Crops Production Survey (national & regional crop statistics),https://psa.gov.ph/crops-production-survey
43.7,55.3,45,24.19,70.29,5.67,140.09,Loam,papaya,Department of Agriculture – Official Portal,https://www.da.gov.ph/,Department of Agriculture,PSA – Crops Production Survey (national & regional crop statistics),https://psa.gov.ph/crops-production-survey
119.8,53.6,53.1,32.46,71.45,6.27,149.7,Sandy Loam,sugarcane,PCAARRD ISP – Sugarcane Industry Profile,https://ispweb.pcaarrd.dost.gov.ph/sugarcane/,DOST-PCAARRD,PSA – Crops Production Survey (national & regional crop statistics),https://psa.gov.ph/crops-production-survey
58,26.8,86.5,25.14,71.35,7.11,84.97,Loam,cassava,Department of Agriculture – Official Portal,https://www.da.gov.ph/,Department of Agriculture,PSA – Crops Production Survey (national & regional crop statistics),https://psa.gov.ph/crops-production-survey
61.5,46.3,58.4,24.23,59.19,6.17,45.68,Loam,onion,PCAARRD ISP – Vegetables Industry Profile (onion),https://ispweb.pcaarrd.dost.gov.ph/vegetables/,DOST-PCAARRD,PSA – Crops Production Survey (national & regional crop statistics),https://psa.gov.ph/crops-production-survey
63.9,44.9,59.6,22.77,62.08,5.98,76.88,Sandy Loam,tomato,PCAARRD ISP – Vegetables Industry Profile,https://ispweb.pcaarrd.dost.gov.ph/vegetables/,DOST-PCAARRD,PSA – Crops Production Survey (national & regional crop statistics),https://psa.gov.ph/crops-production-survey
84.2,49.9,45.3,27.73,58.66,6.68,31.24,Loam,onion,PCAARRD ISP – Vegetables Industry Profile (onion),https://ispweb.pcaarrd.dost.gov.ph/vegetables/,DOST-PCAARRD,PSA – Crops Production Survey (national & regional crop statistics),https://psa.gov.ph/crops-production-survey
63.9,55.5,56.5,23.41,70.22,6.59,104.82,Clay Loam,eggplant,PCAARRD ISP – Vegetables Industry Profile,https://ispweb.pcaarrd.dost.gov.ph/vegetables/,DOST-PCAARRD,PSA – Crops Production Survey (national & regional crop statistics),https://psa.gov.ph/crops-production-survey
60.6,41,82.2,26.88,73.86,5.53,54.26,Sandy Loam,tomato,PCAARRD ISP – Vegetables Industry Profile,https://ispweb.pcaarrd.dost.gov.ph/vegetables/,DOST-PCAARRD,PSA – Crops Production Survey (national & regional crop statistics),https://psa.gov.ph/crops-production-survey
74.2,45.5,57,26.98,85.29,6.1,195.38,Clay Loam,cacao,PCAARRD ISP – Cacao Industry Profile,https://ispweb.pcaarrd.dost.gov.ph/isp-commodities/cacao/,DOST-PCAARRD,PSA – Crops Production Survey (national & regional crop statistics),https://psa.gov.ph/crops-production-survey
112.5,47,42,28.83,78.5,6.01,284.04,Clay,rice,PCAARRD ISP – Rice Industry Profile,https://ispweb.pcaarrd.dost.gov.ph/isp-commodities/rice/,DOST-PCAARRD,PSA – Crops Production Survey (national & regional crop statistics),https://psa.gov.ph/crops-production-survey
66.8,46.7,48.7,22.49,58.7,6.36,60.69,Sandy Loam,onion,PCAARRD ISP – Vegetables Industry Profile (onion),https://ispweb.pcaarrd.dost.gov.ph/vegetables/,DOST-PCAARRD,PSA – Crops Production Survey (national & regional crop statistics),https://psa.gov.ph/crops-production-survey
34.6,23.5,23.3,29.42,76.43,5.38,181.07,Clay Loam,rubber,PCAARRD ISP – Rubber Industry Profile,https://ispweb.pcaarrd.dost.gov.ph/isp-commodities/rubber/,DOST-PCAARRD,PSA – Crops Production Survey (national & regional crop statistics),https://psa.gov.ph/crops-production-survey
16.3,10.5,27.6,26.9,79.44,6.79,163.79,Sandy Loam,coconut,PCAARRD ISP – Coconut Industry Profile,https://ispweb.pcaarrd.dost.gov.ph/isp-commodities/coconut/,DOST-PCAARRD,PSA – Crops Production Survey (national & regional crop statistics),https://psa.gov.ph/crops-production-survey
68.9,40.6,42.5,26.41,71.46,6.44,66.22,Clay Loam,eggplant,PCAARRD ISP – Vegetables Industry Profile,https://ispweb.pcaarrd.dost.gov.ph/vegetables/,DOST-PCAARRD,PSA – Crops Production Survey (national & regional crop statistics),https://psa.gov.ph/crops-production-survey
49.3,19,89.9,29.55,64.38,5.9,84.31,Volcanic Loam,pineapple,PCAARRD ISP – Queen Pineapple Industry Profile,https://ispweb.pcaarrd.dost.gov.ph/queen-pineapple/,DOST-PCAARRD,PSA – Crops Production Survey (national & regional crop statistics),https://psa.gov.ph/crops-production-survey
18.1,13.2,16.8,28.57,75.45,6.29,108.72,Sandy Loam,calamansi,Department of Agriculture – Official Portal,https://www.da.gov.ph/,Department of Agriculture,PSA – Crops Production Survey (national & regional crop statistics),https://psa.gov.ph/crops-production-survey
57.1,59.5,48.1,32.8,88.34,6.66,183.57,Loam,papaya,Department of Agriculture – Official Portal,https://www.da.gov.ph/,Department of Agriculture,PSA – Crops Production Survey (national & regional crop statistics),https://psa.gov.ph/crops-production-survey
16.6,41.1,26.7,27.77,70.13,6.49,68.01,Sandy Loam,mungbean,PCAARRD ISP – Legumes Industry Profile,https://ispweb.pcaarrd.dost.gov.ph/legumes/,DOST-PCAARRD,PSA – Crops Production Survey (national & regional crop statistics),https://psa.gov.ph/crops-production-survey
40,33.8,45.7,25.66,76.72,6.46,115.04,Loam,ampalaya,PCAARRD ISP – Vegetables Industry Profile,https://ispweb.pcaarrd.dost.gov.ph/vegetables/,DOST-PCAARRD,PSA – Crops Production Survey (national & regional crop statistics),https://psa.gov.ph/crops-production-survey
83.9,31.2,47.8,25.62,60.71,6.15,52.8,Loam,garlic,PCAARRD ISP – Vegetables Industry Profile (garlic),https://ispweb.pcaarrd.dost.gov.ph/vegetables/,DOST-PCAARRD,PSA – Crops Production Survey (national & regional crop statistics),https://psa.gov.ph/crops-production-survey
28.3,38.4,31.8,25.08,59.06,5.53,72.41,Sandy Loam,peanut,PCAARRD ISP – Legumes Industry Profile,https://ispweb.pcaarrd.dost.gov.ph/legumes/,DOST-PCAARRD,PSA – Crops Production Survey (national & regional crop statistics),https://psa.gov.ph/crops-production-survey
135.6,52.9,53.7,25.64,72.26,6.29,173.8,Clay Loam,sugarcane,PCAARRD ISP – Sugarcane Industry Profile,https://ispweb.pcaarrd.dost.gov.ph/sugarcane/,DOST-PCAARRD,PSA – Crops Production Survey (national & regional crop statistics),https://psa.gov.ph/crops-production-survey
73.1,47.3,54.9,27.08,77.36,5.66,155.67,Clay Loam,cacao,PCAARRD ISP – Cacao Industry Profile,https://ispweb.pcaarrd.dost.gov.ph/isp-commodities/cacao/,DOST-PCAARRD,PSA – Crops Production Survey (national & regional crop statistics),https://psa.gov.ph/crops-production-survey
81.9,38.9,72.2,22.09,60.17,6.02,37.42,Sandy Loam,tomato,PCAARRD ISP – Vegetables Industry Profile,https://ispweb.pcaarrd.dost.gov.ph/vegetables/,DOST-PCAARRD,PSA – Crops Production Survey (national & regional crop statistics),https://psa.gov.ph/crops-production-survey
114.6,92.4,51.3,27.41,81.55,6.9,154.75,Clay Loam,banana,PCAARRD ISP – Banana Industry Profile,https://ispweb.pcaarrd.dost.gov.ph/isp-commodities/banana/,DOST-PCAARRD,PSA – Crops Production Survey (national & regional crop statistics),https://psa.gov.ph/crops-production-survey
53.4,50.9,53.4,26.55,78.31,6.12,162.34,Sandy Loam,papaya,Department of Agriculture – Official Portal,https://www.da.gov.ph/,Department of Agriculture,PSA – Crops Production Survey (national & regional crop statistics),https://psa.gov.ph/crops-production-survey
51.5,19.5,91.8,25.1,72.48,4.98,103.61,Clay Loam,pineapple,PCAARRD ISP – Queen Pineapple Industry Profile,https://ispweb.pcaarrd.dost.gov.ph/queen-pineapple/,DOST-PCAARRD,PSA – Crops Production Survey (national & regional crop statistics),https://psa.gov.ph/crops-production-survey
103.6,58.6,43.2,29.64,77.13,6.25,168.4,Clay Loam,rice,PCAARRD ISP – Rice Industry Profile,https://ispweb.pcaarrd.dost.gov.ph/isp-commodities/rice/,DOST-PCAARRD,PSA – Crops Production Survey (national & regional crop statistics),https://psa.gov.ph/crops-production-survey
45.9,37.1,80.8,27.85,71.49,6.43,117.43,Sandy Loam,sweet_potato,PCAARRD ISP – Sweetpotato Industry Profile,https://ispweb.pcaarrd.dost.gov.ph/sweetpotato/,DOST-PCAARRD,PSA – Crops Production Survey (national & regional crop statistics),https://psa.gov.ph/crops-production-survey
47.5,55.9,45.6,24.53,81.09,5.49,155.02,Clay Loam,papaya,Department of Agriculture – Official Portal,https://www.da.gov.ph/,Department of Agriculture,PSA – Crops Production Survey (national & regional crop statistics),https://psa.gov.ph/crops-production-survey
89.9,30.2,34.4,23.94,57.63,5.73,177.19,Clay Loam,coffee,PCAARRD ISP – Coffee Industry Profile,https://ispweb.pcaarrd.dost.gov.ph/isp-commodities/coffee/,DOST-PCAARRD,PSA – Crops Production Survey (national & regional crop statistics),https://psa.gov.ph/crops-production-survey
61.4,46.6,62.2,26.4,70.75,5.7,88.38,Loam,tomato,PCAARRD ISP – Vegetables Industry Profile,https://ispweb.pcaarrd.dost.gov.ph/vegetables/,DOST-PCAARRD,PSA – Crops Production Survey (national & regional crop statistics),https://psa.gov.ph/crops-production-survey
53.9,37.3,79.9,21.72,66.6,6.14,39.18,Sandy Loam,tobacco,Department of Agriculture – Official Portal,https://www.da.gov.ph/,Department of Agriculture,PSA – Crops Production Survey (national & regional crop statistics),https://psa.gov.ph/crops-production-survey
40.4,34.9,77.4,26.12,60.45,6.73,95.96,Loam,sweet_potato,PCAARRD ISP – Sweetpotato Industry Profile,https://ispweb.pcaarrd.dost.gov.ph/sweetpotato/,DOST-PCAARRD,PSA – Crops Production Survey (national & regional crop statistics),https://psa.gov.ph/crops-production-survey
82.6,52.7,76.8,21.43,64.13,6.14,47.03,Sandy Loam,tomato,PCAARRD ISP – Vegetables Industry Profile,https://ispweb.pcaarrd.dost.gov.ph/vegetables/,DOST-PCAARRD,PSA – Crops Production Survey (national & regional crop statistics),https://psa.gov.ph/crops-production-survey
23.9,19.5,29.5,27.53,79.27,5.83,208.47,Volcanic Loam,rubber,PCAARRD ISP – Rubber Industry Profile,https://ispweb.pcaarrd.dost.gov.ph/isp-commodities/rubber/,DOST-PCAARRD,PSA – Crops Production Survey (national & regional crop statistics),https://psa.gov.ph/crops-production-survey
70.7,29.4,58.8,26.1,57.1,6.25,62.02,Loam,onion,PCAARRD ISP – Vegetables Industry Profile (onion),https://ispweb.pcaarrd.dost.gov.ph/vegetables/,DOST-PCAARRD,PSA – Crops Production Survey (national & regional crop statistics),https://psa.gov.ph/crops-production-survey
60.1,41.3,76.5,26.35,62.64,5.59,84.18,Sandy Loam,tomato,PCAARRD ISP – Vegetables Industry Profile,https://ispweb.pcaarrd.dost.gov.ph/vegetables/,DOST-PCAARRD,PSA – Crops Production Survey (national & regional crop statistics),https://psa.gov.ph/crops-production-survey
86,51.1,75.8,21.95,68.77,6.25,58.62,Loam,tomato,PCAARRD ISP – Vegetables Industry Profile,https://ispweb.pcaarrd.dost.gov.ph/vegetables/,DOST-PCAARRD,PSA – Crops Production Survey (national & regional crop statistics),https://psa.gov.ph/crops-production-survey
42.9,30.1,86.8,30.48,71.9,6.26,151.88,Loam,cassava,Department of Agriculture – Official Portal,https://www.da.gov.ph/,Department of Agriculture,PSA – Crops Production Survey (national & regional crop statistics),https://psa.gov.ph/crops-production-survey
91.6,86,46.4,26.66,86.81,6.09,157.04,Loam,banana,PCAARRD ISP – Banana Industry Profile,https://ispweb.pcaarrd.dost.gov.ph/isp-commodities/banana/,DOST-PCAARRD,PSA – Crops Production Survey (national & regional crop statistics),https://psa.gov.ph/crops-production-survey
57.4,21.7,61.9,30.04,66.79,4.76,145.95,Volcanic Loam,pineapple,PCAARRD ISP – Queen Pineapple Industry Profile,https://ispweb.pcaarrd.dost.gov.ph/queen-pineapple/,DOST-PCAARRD,PSA – Crops Production Survey (national & regional crop statistics),https://psa.gov.ph/crops-production-survey
24.5,33,30.2,28.94,55.45,5.41,57.66,Sandy Loam,peanut,PCAARRD ISP – Legumes Industry Profile,https://ispweb.pcaarrd.dost.gov.ph/legumes/,DOST-PCAARRD,PSA – Crops Production Survey (national & regional crop statistics),https://psa.gov.ph/crops-production-survey
41.2,24.7,66.9,25.69,62.04,5.99,72.08,Loam,tobacco,Department of Agriculture – Official Portal,https://www.da.gov.ph/,Department of Agriculture,PSA – Crops Production Survey (national & regional crop statistics),https://psa.gov.ph/crops-production-survey
16.9,18.6,28.6,32.04,53.42,6.65,70.35,Clay Loam,mango,PCAARRD ISP – Mango Industry Profile,https://ispweb.pcaarrd.dost.gov.ph/isp-commodities/mango/,DOST-PCAARRD,PSA – Crops Production Survey (national & regional crop statistics),https://psa.gov.ph/crops-production-survey
88.6,29.4,89.5,27.95,85.79,5.82,258.1,Volcanic Loam,abaca,PCAARRD ISP – Abaca Industry Profile,https://ispweb.pcaarrd.dost.gov.ph/isp-commodities/abaca/,DOST-PCAARRD,PSA – Crops Production Survey (national & regional crop statistics),https://psa.gov.ph/crops-production-survey
77.8,29.6,60.2,28.66,86.48,6.32,241.8,Volcanic Loam,abaca,PCAARRD ISP – Abaca Industry Profile,https://ispweb.pcaarrd.dost.gov.ph/isp-commodities/abaca/,DOST-PCAARRD,PSA – Crops Production Survey (national & regional crop statistics),https://psa.gov.ph/crops-production-survey
100.3,93.7,52.2,31.41,85.14,6.92,145.48,Loam,banana,PCAARRD ISP – Banana Industry Profile,https://ispweb.pcaarrd.dost.gov.ph/isp-commodities/banana/,DOST-PCAARRD,PSA – Crops Production Survey (national & regional crop statistics),https://psa.gov.ph/crops-production-survey
80.2,45.9,40.4,30.84,87.87,6.26,233.21,Silty Clay Loam,rice,PCAARRD ISP – Rice Industry Profile,https://ispweb.pcaarrd.dost.gov.ph/isp-commodities/rice/,DOST-PCAARRD,PSA – Crops Production Survey (national & regional crop statistics),https://psa.gov.ph/crops-production-survey
20.8,15.6,21.3,31.04,75.52,5.84,106.97,Clay Loam,calamansi,Department of Agriculture – Official Portal,https://www.da.gov.ph/,Department of Agriculture,PSA – Crops Production Survey (national & regional crop statistics),https://psa.gov.ph/crops-production-survey
69.8,41.6,40.1,21.58,68.49,6.16,56.95,Loam,garlic,PCAARRD ISP – Vegetables Industry Profile (garlic),https://ispweb.pcaarrd.dost.gov.ph/vegetables/,DOST-PCAARRD,PSA – Crops Production Survey (national & regional crop statistics),https://psa.gov.ph/crops-production-survey
73.2,40.6,53.8,22.03,63.98,6.89,29.75,Loam,garlic,PCAARRD ISP – Vegetables Industry Profile (garlic),https://ispweb.pcaarrd.dost.gov.ph/vegetables/,DOST-PCAARRD,PSA – Crops Production Survey (national & regional crop statistics),https://psa.gov.ph/crops-production-survey
71.7,49.2,57.4,24.43,83.92,5.87,191.55,Clay Loam,cacao,PCAARRD ISP – Cacao Industry Profile,https://ispweb.pcaarrd.dost.gov.ph/isp-commodities/cacao/,DOST-PCAARRD,PSA – Crops Production Survey (national & regional crop statistics),https://psa.gov.ph/crops-production-survey
17.8,9.8,29.5,31.78,88.88,5.41,136.91,Sandy Loam,coconut,PCAARRD ISP – Coconut Industry Profile,https://ispweb.pcaarrd.dost.gov.ph/isp-commodities/coconut/,DOST-PCAARRD,PSA – Crops Production Survey (national & regional crop statistics),https://psa.gov.ph/crops-production-survey
19.1,15.9,21.2,30.57,76.59,6.36,151.94,Loam,calamansi,Department of Agriculture – Official Portal,https://www.da.gov.ph/,Department of Agriculture,PSA – Crops Production Survey (national & regional crop statistics),https://psa.gov.ph/crops-production-survey
109.6,17.7,29.5,22.46,79.29,6.19,237.6,Volcanic Loam,coffee,PCAARRD ISP – Coffee Industry Profile,https://ispweb.pcaarrd.dost.gov.ph/isp-commodities/coffee/,DOST-PCAARRD,PSA – Crops Production Survey (national & regional crop statistics),https://psa.gov.ph/crops-production-survey
76.9,43.4,54.1,31.21,85.76,6.87,212.67,Loam,cacao,PCAARRD ISP – Cacao Industry Profile,https://ispweb.pcaarrd.dost.gov.ph/isp-commodities/cacao/,DOST-PCAARRD,PSA – Crops Production Survey (national & regional crop statistics),https://psa.gov.ph/crops-production-survey
53,40.9,35.7,25.55,65.4,6.47,58.01,Sandy Loam,okra,PCAARRD ISP – Vegetables Industry Profile,https://ispweb.pcaarrd.dost.gov.ph/vegetables/,DOST-PCAARRD,PSA – Crops Production Survey (national & regional crop statistics),https://psa.gov.ph/crops-production-survey
51.2,16.7,78.2,24.79,78.81,4.78,105.5,Sandy Loam,pineapple,PCAARRD ISP – Queen Pineapple Industry Profile,https://ispweb.pcaarrd.dost.gov.ph/queen-pineapple/,DOST-PCAARRD,PSA – Crops Production Survey (national & regional crop statistics),https://psa.gov.ph/crops-production-survey
44.1,28.1,61.2,23.26,63.12,6.4,64.46,Sandy Loam,tobacco,Department of Agriculture – Official Portal,https://www.da.gov.ph/,Department of Agriculture,PSA – Crops Production Survey (national & regional crop statistics),https://psa.gov.ph/crops-production-survey
56.6,54.3,54.9,29.27,80.41,6.73,119.23,Clay Loam,papaya,Department of Agriculture – Official Portal,https://www.da.gov.ph/,Department of Agriculture,PSA – Crops Production Survey (national & regional crop statistics),https://psa.gov.ph/crops-production-survey
53.1,56.4,47.6,28.93,89.28,6.24,165.43,Loam,papaya,Department of Agriculture – Official Portal,https://www.da.gov.ph/,Department of Agriculture,PSA – Crops Production Survey (national & regional crop statistics),https://psa.gov.ph/crops-production-survey
40.8,18.5,24.3,25.71,76.97,5.15,253.59,Clay Loam,rubber,PCAARRD ISP – Rubber Industry Profile,https://ispweb.pcaarrd.dost.gov.ph/isp-commodities/rubber/,DOST-PCAARRD,PSA – Crops Production Survey (national & regional crop statistics),https://psa.gov.ph/crops-production-survey
31.5,22.3,21.1,27.5,86.97,5.72,249.55,Volcanic Loam,rubber,PCAARRD ISP – Rubber Industry Profile,https://ispweb.pcaarrd.dost.gov.ph/isp-commodities/rubber/,DOST-PCAARRD,PSA – Crops Production Survey (national & regional crop statistics),https://psa.gov.ph/crops-production-survey
77,48.3,58.1,26.7,61.16,6.76,61.22,Loam,garlic,PCAARRD ISP – Vegetables Industry Profile (garlic),https://ispweb.pcaarrd.dost.gov.ph/vegetables/,DOST-PCAARRD,PSA – Crops Production Survey (national & regional crop statistics),https://psa.gov.ph/crops-production-survey
112,92.3,53.3,26.6,87.36,6.49,100.5,Clay Loam,banana,PCAARRD ISP – Banana Industry Profile,https://ispweb.pcaarrd.dost.gov.ph/isp-commodities/banana/,DOST-PCAARRD,PSA – Crops Production Survey (national & regional crop statistics),https://psa.gov.ph/crops-production-survey
18.4,30,47,26.59,60.84,6.25,80.97,Sandy Loam,peanut,PCAARRD ISP – Legumes Industry Profile,https://ispweb.pcaarrd.dost.gov.ph/legumes/,DOST-PCAARRD,PSA – Crops Production Survey (national & regional crop statistics),https://psa.gov.ph/crops-production-survey
38.1,19.8,26.9,25.09,75.1,4.56,225.36,Volcanic Loam,rubber,PCAARRD ISP – Rubber Industry Profile,https://ispweb.pcaarrd.dost.gov.ph/isp-commodities/rubber/,DOST-PCAARRD,PSA – Crops Production Survey (national & regional crop statistics),https://psa.gov.ph/crops-production-survey
16.9,45.6,39.5,26.86,63.27,5.74,82.15,Sandy,peanut,PCAARRD ISP – Legumes Industry Profile,https://ispweb.pcaarrd.dost.gov.ph/legumes/,DOST-PCAARRD,PSA – Crops Production Survey (national & regional crop statistics),https://psa.gov.ph/crops-production-survey
52.3,38.7,82.8,24.03,58.05,6.27,82.79,Loam,tobacco,Department of Agriculture – Official Portal,https://www.da.gov.ph/,Department of Agriculture,PSA – Crops Production Survey (national & regional crop statistics),https://psa.gov.ph/crops-production-survey
53.9,31.9,80.1,30.67,57.31,5.17,112.25,Loam,cassava,Department of Agriculture – Official Portal,https://www.da.gov.ph/,Department of Agriculture,PSA – Crops Production Survey (national & regional crop statistics),https://psa.gov.ph/crops-production-survey
114.9,92.3,52.1,25.21,89.62,5.7,144.79,Volcanic Loam,banana,PCAARRD ISP – Banana Industry Profile,https://ispweb.pcaarrd.dost.gov.ph/isp-commodities/banana/,DOST-PCAARRD,PSA – Crops Production Survey (national & regional crop statistics),https://psa.gov.ph/crops-production-survey
51.1,51.4,45.1,26.86,79.25,6.24,142.08,Sandy Loam,papaya,Department of Agriculture – Official Portal,https://www.da.gov.ph/,Department of Agriculture,PSA – Crops Production Survey (national & regional crop statistics),https://psa.gov.ph/crops-production-survey
101.7,47.2,57.6,29.38,72.13,6.86,99.39,Clay Loam,sugarcane,PCAARRD ISP – Sugarcane Industry Profile,https://ispweb.pcaarrd.dost.gov.ph/sugarcane/,DOST-PCAARRD,PSA – Crops Production Survey (national & regional crop statistics),https://psa.gov.ph/crops-production-survey
17.9,17.7,26.2,31.18,49.35,6.49,72.04,Sandy Loam,mango,PCAARRD ISP – Mango Industry Profile,https://ispweb.pcaarrd.dost.gov.ph/isp-commodities/mango/,DOST-PCAARRD,PSA – Crops Production Survey (national & regional crop statistics),https://psa.gov.ph/crops-production-survey
89.1,48.8,24.7,27.93,68.76,6.11,94.9,Loam,corn,DA – Philippine Yellow Corn Industry Roadmap,https://www.da.gov.ph/wp-content/uploads/2023/05/Philippine-Yellow-Corn-Industry-Roadmap.pdf,Department of Agriculture,PSA – Crops Production Survey (national & regional crop statistics),https://psa.gov.ph/crops-production-survey
20.7,47.7,27.8,25.69,70.26,6.21,41.11,Sandy Loam,mungbean,PCAARRD ISP – Legumes Industry Profile,https://ispweb.pcaarrd.dost.gov.ph/legumes/,DOST-PCAARRD,PSA – Crops Production Survey (national & regional crop statistics),https://psa.gov.ph/crops-production-survey
36.7,23.3,64.3,26.88,66.11,6.51,83.49,Loam,sweet_potato,PCAARRD ISP – Sweetpotato Industry Profile,https://ispweb.pcaarrd.dost.gov.ph/sweetpotato/,DOST-PCAARRD,PSA – Crops Production Survey (national & regional crop statistics),https://psa.gov.ph/crops-production-survey
80.3,51.5,44.4,30.96,82.34,6.3,194.42,Clay Loam,rice,PCAARRD ISP – Rice Industry Profile,https://ispweb.pcaarrd.dost.gov.ph/isp-commodities/rice/,DOST-PCAARRD,PSA – Crops Production Survey (national & regional crop statistics),https://psa.gov.ph/crops-production-survey
86.9,58.8,24.7,25.71,68.64,6.53,88.93,Clay Loam,corn,DA – Philippine Yellow Corn Industry Roadmap,https://www.da.gov.ph/wp-content/uploads/2023/05/Philippine-Yellow-Corn-Industry-Roadmap.pdf,Department of Agriculture,PSA – Crops Production Survey (national & regional crop statistics),https://psa.gov.ph/crops-production-survey
64.4,31.3,60.7,26.53,77.61,5.63,238.78,Volcanic Loam,cacao,PCAARRD ISP – Cacao Industry Profile,https://ispweb.pcaarrd.dost.gov.ph/isp-commodities/cacao/,DOST-PCAARRD,PSA – Crops Production Survey (national & regional crop statistics),https://psa.gov.ph/crops-production-survey
110,88.3,48.8,27.76,81.43,6.27,151.66,Clay Loam,banana,PCAARRD ISP – Banana Industry Profile,https://ispweb.pcaarrd.dost.gov.ph/isp-commodities/banana/,DOST-PCAARRD,PSA – Crops Production Survey (national & regional crop statistics),https://psa.gov.ph/crops-production-survey
35.8,35.5,75.8,28,69.48,6.43,73.49,Sandy Loam,sweet_potato,PCAARRD ISP – Sweetpotato Industry Profile,https://ispweb.pcaarrd.dost.gov.ph/sweetpotato/,DOST-PCAARRD,PSA – Crops Production Survey (national & regional crop statistics),https://psa.gov.ph/crops-production-survey
60.4,32.8,78.9,24.17,58.98,5.61,75.55,Loam,tobacco,Department of Agriculture – Official Portal,https://www.da.gov.ph/,Department of Agriculture,PSA – Crops Production Survey (national & regional crop statistics),https://psa.gov.ph/crops-production-survey
107.3,55.6,43.3,29.83,78.21,6.1,260.2,Silty Clay Loam,rice,PCAARRD ISP – Rice Industry Profile,https://ispweb.pcaarrd.dost.gov.ph/isp-commodities/rice/,DOST-PCAARRD,PSA – Crops Production Survey (national & regional crop statistics),https://psa.gov.ph/crops-production-survey
114.6,40.2,56.7,28.99,61.71,6.7,159.11,Sandy Loam,sugarcane,PCAARRD ISP – Sugarcane Industry Profile,https://ispweb.pcaarrd.dost.gov.ph/sugarcane/,DOST-PCAARRD,PSA – Crops Production Survey (national & regional crop statistics),https://psa.gov.ph/crops-production-survey
38.1,27.7,20.4,29.25,81.52,4.88,250.18,Volcanic Loam,rubber,PCAARRD ISP – Rubber Industry Profile,https://ispweb.pcaarrd.dost.gov.ph/isp-commodities/rubber/,DOST-PCAARRD,PSA – Crops Production Survey (national & regional crop statistics),https://psa.gov.ph/crops-production-survey
53.3,38,44.6,32.25,64.69,6.17,96.97,Clay Loam,ampalaya,PCAARRD ISP – Vegetables Industry Profile,https://ispweb.pcaarrd.dost.gov.ph/vegetables/,DOST-PCAARRD,PSA – Crops Production Survey (national & regional crop statistics),https://psa.gov.ph/crops-production-survey
104.2,87,44.7,25.45,85.12,6.71,171.89,Loam,banana,PCAARRD ISP – Banana Industry Profile,https://ispweb.pcaarrd.dost.gov.ph/isp-commodities/banana/,DOST-PCAARRD,PSA – Crops Production Survey (national & regional crop statistics),https://psa.gov.ph/crops-production-survey
52.3,34.8,33.9,25.54,70.91,6.33,52.9,Sandy Loam,okra,PCAARRD ISP – Vegetables Industry Profile,https://ispweb.pcaarrd.dost.gov.ph/vegetables/,DOST-PCAARRD,PSA – Crops Production Survey (national & regional crop statistics),https://psa.gov.ph/crops-production-survey
97.8,55.7,24.5,26.86,59.68,7.32,95.77,Clay Loam,corn,DA – Philippine Yellow Corn Industry Roadmap,https://www.da.gov.ph/wp-content/uploads/2023/05/Philippine-Yellow-Corn-Industry-Roadmap.pdf,Department of Agriculture,PSA – Crops Production Survey (national & regional crop statistics),https://psa.gov.ph/crops-production-survey
50.1,36.2,86.8,29.53,62.57,6.47,77.03,Sandy Loam,tobacco,Department of Agriculture – Official Portal,https://www.da.gov.ph/,Department of Agriculture,PSA – Crops Production Survey (national & regional crop statistics),https://psa.gov.ph/crops-production-survey
43.1,26.9,62.2,28.22,66.5,5.76,42.25,Sandy Loam,tobacco,Department of Agriculture – Official Portal,https://www.da.gov.ph/,Department of Agriculture,PSA – Crops Production Survey (national & regional crop statistics),https://psa.gov.ph/crops-production-survey
22.8,18.1,31.3,36.64,56.24,5.62,70.16,Sandy Loam,mango,PCAARRD ISP – Mango Industry Profile,https://ispweb.pcaarrd.dost.gov.ph/isp-commodities/mango/,DOST-PCAARRD,PSA – Crops Production Survey (national & regional crop statistics),https://psa.gov.ph/crops-production-survey
96.2,82.9,51.5,26.52,88.07,6.18,114.66,Volcanic Loam,banana,PCAARRD ISP – Banana Industry Profile,https://ispweb.pcaarrd.dost.gov.ph/isp-commodities/banana/,DOST-PCAARRD,PSA – Crops Production Survey (national & regional crop statistics),https://psa.gov.ph/crops-production-survey
44.4,57,53.6,30.61,89.78,5.65,107.62,Loam,papaya,Department of Agriculture – Official Portal,https://www.da.gov.ph/,Department of Agriculture,PSA – Crops Production Survey (national & regional crop statistics),https://psa.gov.ph/crops-production-survey
22.2,12.5,35.4,26.68,84.72,7.04,206.51,Sandy Loam,coconut,PCAARRD ISP – Coconut Industry Profile,https://ispweb.pcaarrd.dost.gov.ph/isp-commodities/coconut/,DOST-PCAARRD,PSA – Crops Production Survey (national & regional crop statistics),https://psa.gov.ph/crops-production-survey
88.7,58.3,83.3,21.69,69.77,5.76,65.19,Loam,tomato,PCAARRD ISP – Vegetables Industry Profile,https://ispweb.pcaarrd.dost.gov.ph/vegetables/,DOST-PCAARRD,PSA – Crops Production Survey (national & regional crop statistics),https://psa.gov.ph/crops-production-survey
88.1,42.3,43.7,25.21,70.65,6.15,30.9,Sandy Loam,garlic,PCAARRD ISP – Vegetables Industry Profile (garlic),https://ispweb.pcaarrd.dost.gov.ph/vegetables/,DOST-PCAARRD,PSA – Crops Production Survey (national & regional crop statistics),https://psa.gov.ph/crops-production-survey
45.9,21.7,73.1,24.75,67.53,4.73,133.74,Clay Loam,pineapple,PCAARRD ISP – Queen Pineapple Industry Profile,https://ispweb.pcaarrd.dost.gov.ph/queen-pineapple/,DOST-PCAARRD,PSA – Crops Production Survey (national & regional crop statistics),https://psa.gov.ph/crops-production-survey
17.3,43.9,30.1,28.16,60.6,6.39,59.72,Loam,mungbean,PCAARRD ISP – Legumes Industry Profile,https://ispweb.pcaarrd.dost.gov.ph/legumes/,DOST-PCAARRD,PSA – Crops Production Survey (national & regional crop statistics),https://psa.gov.ph/crops-production-survey
22,46.4,25.1,25.38,74.03,6.64,73.18,Sandy Loam,mungbean,PCAARRD ISP – Legumes Industry Profile,https://ispweb.pcaarrd.dost.gov.ph/legumes/,DOST-PCAARRD,PSA – Crops Production Survey (national & regional crop statistics),https://psa.gov.ph/crops-production-survey
74.4,35.6,42.9,26.24,56.63,6.63,56.43,Sandy Loam,garlic,PCAARRD ISP – Vegetables Industry Profile (garlic),https://ispweb.pcaarrd.dost.gov.ph/vegetables/,DOST-PCAARRD,PSA – Crops Production Survey (national & regional crop statistics),https://psa.gov.ph/crops-production-survey
49.4,61.6,47.4,28.69,85.43,6.63,142.75,Sandy Loam,papaya,Department of Agriculture – Official Portal,https://www.da.gov.ph/,Department of Agriculture,PSA – Crops Production Survey (national & regional crop statistics),https://psa.gov.ph/crops-production-survey
66.2,33.9,62.3,26.85,91.84,5.43,242.62,Loam,abaca,PCAARRD ISP – Abaca Industry Profile,https://ispweb.pcaarrd.dost.gov.ph/isp-commodities/abaca/,DOST-PCAARRD,PSA – Crops Production Survey (national & regional crop statistics),https://psa.gov.ph/crops-production-survey
49.1,63.1,51.6,32.56,76.1,6.74,108.41,Sandy Loam,papaya,Department of Agriculture – Official Portal,https://www.da.gov.ph/,Department of Agriculture,PSA – Crops Production Survey (national & regional crop statistics),https://psa.gov.ph/crops-production-survey
44.2,24.8,60.8,28.86,67.38,5.27,74.44,Sandy,cassava,Department of Agriculture – Official Portal,https://www.da.gov.ph/,Department of Agriculture,PSA – Crops Production Survey (national & regional crop statistics),https://psa.gov.ph/crops-production-survey
23.8,16,21.2,25.53,71.45,5.58,171.57,Sandy Loam,calamansi,Department of Agriculture – Official Portal,https://www.da.gov.ph/,Department of Agriculture,PSA – Crops Production Survey (national & regional crop statistics),https://psa.gov.ph/crops-production-survey
16.7,45.9,29.7,29.69,64.39,6.78,79.31,Loam,mungbean,PCAARRD ISP – Legumes Industry Profile,https://ispweb.pcaarrd.dost.gov.ph/legumes/,DOST-PCAARRD,PSA – Crops Production Survey (national & regional crop statistics),https://psa.gov.ph/crops-production-survey
23.4,43.3,29,28,65.87,6,47.83,Loam,mungbean,PCAARRD ISP – Legumes Industry Profile,https://ispweb.pcaarrd.dost.gov.ph/legumes/,DOST-PCAARRD,PSA – Crops Production Survey (national & regional crop statistics),https://psa.gov.ph/crops-production-survey
84.6,32.2,51.5,27.49,86.29,6.91,240.31,Loam,cacao,PCAARRD ISP – Cacao Industry Profile,https://ispweb.pcaarrd.dost.gov.ph/isp-commodities/cacao/,DOST-PCAARRD,PSA – Crops Production Survey (national & regional crop statistics),https://psa.gov.ph/crops-production-survey
24.9,42.5,24,30.45,67.25,6.85,58.06,Loam,mungbean,PCAARRD ISP – Legumes Industry Profile,https://ispweb.pcaarrd.dost.gov.ph/legumes/,DOST-PCAARRD,PSA – Crops Production Survey (national & regional crop statistics),https://psa.gov.ph/crops-production-survey
28.7,25.4,23.4,28.59,77.12,4.96,175.87,Clay Loam,rubber,PCAARRD ISP – Rubber Industry Profile,https://ispweb.pcaarrd.dost.gov.ph/isp-commodities/rubber/,DOST-PCAARRD,PSA – Crops Production Survey (national & regional crop statistics),https://psa.gov.ph/crops-production-survey
38.4,23.9,88.8,23.87,67.75,5.56,74.86,Sandy Loam,sweet_potato,PCAARRD ISP – Sweetpotato Industry Profile,https://ispweb.pcaarrd.dost.gov.ph/sweetpotato/,DOST-PCAARRD,PSA – Crops Production Survey (national & regional crop statistics),https://psa.gov.ph/crops-production-survey
45.3,27.4,69.6,24.01,72.55,5.07,86.46,Sandy Loam,pineapple,PCAARRD ISP – Queen Pineapple Industry Profile,https://ispweb.pcaarrd.dost.gov.ph/queen-pineapple/,DOST-PCAARRD,PSA – Crops Production Survey (national & regional crop statistics),https://psa.gov.ph/crops-production-survey
48.2,20.6,76.8,24.33,67.99,6.66,106.71,Loam,sweet_potato,PCAARRD ISP – Sweetpotato Industry Profile,https://ispweb.pcaarrd.dost.gov.ph/sweetpotato/,DOST-PCAARRD,PSA – Crops Production Survey (national & regional crop statistics),https://psa.gov.ph/crops-production-survey
61.5,49.8,53.2,23.62,63.17,6.31,46.02,Loam,garlic,PCAARRD ISP – Vegetables Industry Profile (garlic),https://ispweb.pcaarrd.dost.gov.ph/vegetables/,DOST-PCAARRD,PSA – Crops Production Survey (national & regional crop statistics),https://psa.gov.ph/crops-production-survey
87.1,40.1,49.4,23.62,55.82,6.09,40.76,Loam,onion,PCAARRD ISP – Vegetables Industry Profile (onion),https://ispweb.pcaarrd.dost.gov.ph/vegetables/,DOST-PCAARRD,PSA – Crops Production Survey (national & regional crop statistics),https://psa.gov.ph/crops-production-survey
44,23.2,80.1,26.76,60.39,6.7,111.22,Sandy Loam,sweet_potato,PCAARRD ISP – Sweetpotato Industry Profile,https://ispweb.pcaarrd.dost.gov.ph/sweetpotato/,DOST-PCAARRD,PSA – Crops Production Survey (national & regional crop statistics),https://psa.gov.ph/crops-production-survey
50.7,22.9,75.8,23.67,72.36,5.83,114.07,Sandy Loam,sweet_potato,PCAARRD ISP – Sweetpotato Industry Profile,https://ispweb.pcaarrd.dost.gov.ph/sweetpotato/,DOST-PCAARRD,PSA – Crops Production Survey (national & regional crop statistics),https://psa.gov.ph/crops-production-survey
33.8,21.2,29.4,27.91,84.25,5.66,173.53,Volcanic Loam,rubber,PCAARRD ISP – Rubber Industry Profile,https://ispweb.pcaarrd.dost.gov.ph/isp-commodities/rubber/,DOST-PCAARRD,PSA – Crops Production Survey (national & regional crop statistics),https://psa.gov.ph/crops-production-survey
44,34.1,84,24.62,69.14,5.38,114.37,Loam,cassava,Department of Agriculture – Official Portal,https://www.da.gov.ph/,Department of Agriculture,PSA – Crops Production Survey (national & regional crop statistics),https://psa.gov.ph/crops-production-survey
84.3,51.7,44.5,27.86,78.54,6.43,236.14,Clay,rice,PCAARRD ISP – Rice Industry Profile,https://ispweb.pcaarrd.dost.gov.ph/isp-commodities/rice/,DOST-PCAARRD,PSA – Crops Production Survey (national & regional crop statistics),https://psa.gov.ph/crops-production-survey
103.1,15.2,29.8,25.11,77.18,6.31,235.25,Volcanic Loam,coffee,PCAARRD ISP – Coffee Industry Profile,https://ispweb.pcaarrd.dost.gov.ph/isp-commodities/coffee/,DOST-PCAARRD,PSA – Crops Production Survey (national & regional crop statistics),https://psa.gov.ph/crops-production-survey
20.9,41.5,26.1,27.76,67.83,6.8,73.14,Loam,mungbean,PCAARRD ISP – Legumes Industry Profile,https://ispweb.pcaarrd.dost.gov.ph/legumes/,DOST-PCAARRD,PSA – Crops Production Survey (national & regional crop statistics),https://psa.gov.ph/crops-production-survey
73.9,34.3,47.2,21.64,61.72,6.52,45.36,Sandy Loam,garlic,PCAARRD ISP – Vegetables Industry Profile (garlic),https://ispweb.pcaarrd.dost.gov.ph/vegetables/,DOST-PCAARRD,PSA – Crops Production Survey (national & regional crop statistics),https://psa.gov.ph/crops-production-survey
66.9,43.5,53.6,25.47,73.36,6.49,66.97,Loam,eggplant,PCAARRD ISP – Vegetables Industry Profile,https://ispweb.pcaarrd.dost.gov.ph/vegetables/,DOST-PCAARRD,PSA – Crops Production Survey (national & regional crop statistics),https://psa.gov.ph/crops-production-survey
59.4,29.4,73.7,25.19,77.73,5.91,110.67,Sandy Loam,pineapple,PCAARRD ISP – Queen Pineapple Industry Profile,https://ispweb.pcaarrd.dost.gov.ph/queen-pineapple/,DOST-PCAARRD,PSA – Crops Production Survey (national & regional crop statistics),https://psa.gov.ph/crops-production-survey
105.9,26.5,33.1,21.08,76.45,5.13,161.68,Volcanic Loam,coffee,PCAARRD ISP – Coffee Industry Profile,https://ispweb.pcaarrd.dost.gov.ph/isp-commodities/coffee/,DOST-PCAARRD,PSA – Crops Production Survey (national & regional crop statistics),https://psa.gov.ph/crops-production-survey
15.9,45.6,32.1,27.68,58.18,6.33,93.82,Sandy,peanut,PCAARRD ISP – Legumes Industry Profile,https://ispweb.pcaarrd.dost.gov.ph/legumes/,DOST-PCAARRD,PSA – Crops Production Survey (national & regional crop statistics),https://psa.gov.ph/crops-production-survey
79.6,43.2,59.7,22.92,63.96,6.83,65.58,Sandy Loam,garlic,PCAARRD ISP – Vegetables Industry Profile (garlic),https://ispweb.pcaarrd.dost.gov.ph/vegetables/,DOST-PCAARRD,PSA – Crops Production Survey (national & regional crop statistics),https://psa.gov.ph/crops-production-survey
56.7,34,43.5,28.19,70.44,6.76,64.56,Clay Loam,ampalaya,PCAARRD ISP – Vegetables Industry Profile,https://ispweb.pcaarrd.dost.gov.ph/vegetables/,DOST-PCAARRD,PSA – Crops Production Survey (national & regional crop statistics),https://psa.gov.ph/crops-production-survey
82.6,51.6,85.2,20.99,72.27,6.07,80.81,Sandy Loam,tomato,PCAARRD ISP – Vegetables Industry Profile,https://ispweb.pcaarrd.dost.gov.ph/vegetables/,DOST-PCAARRD,PSA – Crops Production Survey (national & regional crop statistics),https://psa.gov.ph/crops-production-survey
48.6,22.6,62.2,31.64,71.87,6.34,64.59,Sandy Loam,cassava,Department of Agriculture – Official Portal,https://www.da.gov.ph/,Department of Agriculture,PSA – Crops Production Survey (national & regional crop statistics),https://psa.gov.ph/crops-production-survey
107.7,87.2,48.6,29.57,81.63,5.67,113.37,Volcanic Loam,banana,PCAARRD ISP – Banana Industry Profile,https://ispweb.pcaarrd.dost.gov.ph/isp-commodities/banana/,DOST-PCAARRD,PSA – Crops Production Survey (national & regional crop statistics),https://psa.gov.ph/crops-production-survey
64.6,28.7,75.4,28.13,93.61,5.54,303.09,Volcanic Loam,abaca,PCAARRD ISP – Abaca Industry Profile,https://ispweb.pcaarrd.dost.gov.ph/isp-commodities/abaca/,DOST-PCAARRD,PSA – Crops Production Survey (national & regional crop statistics),https://psa.gov.ph/crops-production-survey
43.8,63.4,47.7,28.11,84.07,6.4,135.95,Clay Loam,papaya,Department of Agriculture – Official Portal,https://www.da.gov.ph/,Department of Agriculture,PSA – Crops Production Survey (national & regional crop statistics),https://psa.gov.ph/crops-production-survey
22.1,14.9,22.9,29.37,73.28,5.8,124.66,Clay Loam,calamansi,Department of Agriculture – Official Portal,https://www.da.gov.ph/,Department of Agriculture,PSA – Crops Production Survey (national & regional crop statistics),https://psa.gov.ph/crops-production-survey
113,83.2,49.6,28.84,90.79,5.98,129.94,Clay Loam,banana,PCAARRD ISP – Banana Industry Profile,https://ispweb.pcaarrd.dost.gov.ph/isp-commodities/banana/,DOST-PCAARRD,PSA – Crops Production Survey (national & regional crop statistics),https://psa.gov.ph/crops-production-survey
64.8,44.4,50.6,24.59,58.6,6.86,42.08,Loam,onion,PCAARRD ISP – Vegetables Industry Profile (onion),https://ispweb.pcaarrd.dost.gov.ph/vegetables/,DOST-PCAARRD,PSA – Crops Production Survey (national & regional crop statistics),https://psa.gov.ph/crops-production-survey
70.6,41.1,53.7,26.15,61.26,6.34,32.9,Sandy Loam,garlic,PCAARRD ISP – Vegetables Industry Profile (garlic),https://ispweb.pcaarrd.dost.gov.ph/vegetables/,DOST-PCAARRD,PSA – Crops Production Survey (national & regional crop statistics),https://psa.gov.ph/crops-production-survey
37.7,20.5,35.8,27.49,84.42,4.78,196.24,Loam,rubber,PCAARRD ISP – Rubber Industry Profile,https://ispweb.pcaarrd.dost.gov.ph/isp-commodities/rubber/,DOST-PCAARRD,PSA – Crops Production Survey (national & regional crop statistics),https://psa.gov.ph/crops-production-survey
43.3,23,88.7,25.15,68.31,5.66,87.12,Volcanic Loam,pineapple,PCAARRD ISP – Queen Pineapple Industry Profile,https://ispweb.pcaarrd.dost.gov.ph/queen-pineapple/,DOST-PCAARRD,PSA – Crops Production Survey (national & regional crop statistics),https://psa.gov.ph/crops-production-survey
48.8,21.2,69.5,29.21,74.45,5.43,144.75,Volcanic Loam,pineapple,PCAARRD ISP – Queen Pineapple Industry Profile,https://ispweb.pcaarrd.dost.gov.ph/queen-pineapple/,DOST-PCAARRD,PSA – Crops Production Survey (national & regional crop statistics),https://psa.gov.ph/crops-production-survey
92.4,23.1,26.2,23.16,76.67,6.04,244.03,Volcanic Loam,coffee,PCAARRD ISP – Coffee Industry Profile,https://ispweb.pcaarrd.dost.gov.ph/isp-commodities/coffee/,DOST-PCAARRD,PSA – Crops Production Survey (national & regional crop statistics),https://psa.gov.ph/crops-production-survey
39.3,36.6,88.5,28,62.44,5.62,49.72,Sandy Loam,tobacco,Department of Agriculture – Official Portal,https://www.da.gov.ph/,Department of Agriculture,PSA – Crops Production Survey (national & regional crop statistics),https://psa.gov.ph/crops-production-survey
21,11.4,19.5,28.32,81.11,6.01,150.51,Loam,calamansi,Department of Agriculture – Official Portal,https://www.da.gov.ph/,Department of Agriculture,PSA – Crops Production Survey (national & regional crop statistics),https://psa.gov.ph/crops-production-survey
99.1,47.5,22,25.31,67.1,5.46,86.92,Clay Loam,corn,DA – Philippine Yellow Corn Industry Roadmap,https://www.da.gov.ph/wp-content/uploads/2023/05/Philippine-Yellow-Corn-Industry-Roadmap.pdf,Department of Agriculture,PSA – Crops Production Survey (national & regional crop statistics),https://psa.gov.ph/crops-production-survey
89.3,48.2,44.1,21.72,68.33,6.12,53.5,Loam,onion,PCAARRD ISP – Vegetables Industry Profile (onion),https://ispweb.pcaarrd.dost.gov.ph/vegetables/,DOST-PCAARRD,PSA – Crops Production Survey (national & regional crop statistics),https://psa.gov.ph/crops-production-survey
63.1,50.7,50.9,25.75,65.95,6.36,71.21,Clay Loam,eggplant,PCAARRD ISP – Vegetables Industry Profile,https://ispweb.pcaarrd.dost.gov.ph/vegetables/,DOST-PCAARRD,PSA – Crops Production Survey (national & regional crop statistics),https://psa.gov.ph/crops-production-survey
56,46.6,55,30.46,83.71,6.75,114.03,Loam,papaya,Department of Agriculture – Official Portal,https://www.da.gov.ph/,Department of Agriculture,PSA – Crops Production Survey (national & regional crop statistics),https://psa.gov.ph/crops-production-survey
54.7,39.3,77.4,29.51,60.11,6.6,108.15,Sandy Loam,cassava,Department of Agriculture – Official Portal,https://www.da.gov.ph/,Department of Agriculture,PSA – Crops Production Survey (national & regional crop statistics),https://psa.gov.ph/crops-production-survey
79.3,35,79.3,27.27,89.56,5.62,232.82,Clay Loam,abaca,PCAARRD ISP – Abaca Industry Profile,https://ispweb.pcaarrd.dost.gov.ph/isp-commodities/abaca/,DOST-PCAARRD,PSA – Crops Production Survey (national & regional crop statistics),https://psa.gov.ph/crops-production-survey
17,49.3,47.7,27.37,57.19,6.35,61.72,Sandy,peanut,PCAARRD ISP – Legumes Industry Profile,https://ispweb.pcaarrd.dost.gov.ph/legumes/,DOST-PCAARRD,PSA – Crops Production Survey (national & regional crop statistics),https://psa.gov.ph/crops-production-survey
106.5,92.9,48.1,25.57,76.16,6.79,126.51,Volcanic Loam,banana,PCAARRD ISP – Banana Industry Profile,https://ispweb.pcaarrd.dost.gov.ph/isp-commodities/banana/,DOST-PCAARRD,PSA – Crops Production Survey (national & regional crop statistics),https://psa.gov.ph/crops-production-survey
23.2,13.7,16,26.5,74.72,5.63,157.93,Sandy Loam,calamansi,Department of Agriculture – Official Portal,https://www.da.gov.ph/,Department of Agriculture,PSA – Crops Production Survey (national & regional crop statistics),https://psa.gov.ph/crops-production-survey
55.3,39,48.1,25.96,73.46,6.53,108.77,Loam,ampalaya,PCAARRD ISP – Vegetables Industry Profile,https://ispweb.pcaarrd.dost.gov.ph/vegetables/,DOST-PCAARRD,PSA – Crops Production Survey (national & regional crop statistics),https://psa.gov.ph/crops-production-survey
47.6,28.1,62,28.5,74.18,6.45,105.34,Sandy,cassava,Department of Agriculture – Official Portal,https://www.da.gov.ph/,Department of Agriculture,PSA – Crops Production Survey (national & regional crop statistics),https://psa.gov.ph/crops-production-survey
41.5,52,52.8,31.97,84.98,6.08,166.61,Loam,papaya,Department of Agriculture – Official Portal,https://www.da.gov.ph/,Department of Agriculture,PSA – Crops Production Survey (national & regional crop statistics),https://psa.gov.ph/crops-production-survey
53.3,37.4,75.6,25.1,60.79,6.92,59.9,Sandy Loam,cassava,Department of Agriculture – Official Portal,https://www.da.gov.ph/,Department of Agriculture,PSA – Crops Production Survey (national & regional crop statistics),https://psa.gov.ph/crops-production-survey
37.1,40.8,64.2,24.65,74.53,6.79,88.87,Loam,sweet_potato,PCAARRD ISP – Sweetpotato Industry Profile,https://ispweb.pcaarrd.dost.gov.ph/sweetpotato/,DOST-PCAARRD,PSA – Crops Production Survey (national & regional crop statistics),https://psa.gov.ph/crops-production-survey
48.3,22.9,72.3,27.53,65.52,6.62,154.61,Sandy,cassava,Department of Agriculture – Official Portal,https://www.da.gov.ph/,Department of Agriculture,PSA – Crops Production Survey (national & regional crop statistics),https://psa.gov.ph/crops-production-survey
29.3,24.1,20.6,29.83,89.61,5.18,207.44,Loam,rubber,PCAARRD ISP – Rubber Industry Profile,https://ispweb.pcaarrd.dost.gov.ph/isp-commodities/rubber/,DOST-PCAARRD,PSA – Crops Production Survey (national & regional crop statistics),https://psa.gov.ph/crops-production-survey
119.9,71.1,48.5,31.54,81.73,5.54,119.06,Clay Loam,banana,PCAARRD ISP – Banana Industry Profile,https://ispweb.pcaarrd.dost.gov.ph/isp-commodities/banana/,DOST-PCAARRD,PSA – Crops Production Survey (national & regional crop statistics),https://psa.gov.ph/crops-production-survey
72.3,43.4,45.4,25.85,85.03,6.65,225.5,Clay Loam,cacao,PCAARRD ISP – Cacao Industry Profile,https://ispweb.pcaarrd.dost.gov.ph/isp-commodities/cacao/,DOST-PCAARRD,PSA – Crops Production Survey (national & regional crop statistics),https://psa.gov.ph/crops-production-survey
53.3,22.5,66.2,31.28,68.52,6.16,141.5,Sandy Loam,cassava,Department of Agriculture – Official Portal,https://www.da.gov.ph/,Department of Agriculture,PSA – Crops Production Survey (national & regional crop statistics),https://psa.gov.ph/crops-production-survey
89.7,99.1,49,25.59,81.88,6.42,118.83,Loam,banana,PCAARRD ISP – Banana Industry Profile,https://ispweb.pcaarrd.dost.gov.ph/isp-commodities/banana/,DOST-PCAARRD,PSA – Crops Production Survey (national & regional crop statistics),https://psa.gov.ph/crops-production-survey
48.3,25.2,86.1,28.8,69.59,5.54,134.48,Volcanic Loam,pineapple,PCAARRD ISP – Queen Pineapple Industry Profile,https://ispweb.pcaarrd.dost.gov.ph/queen-pineapple/,DOST-PCAARRD,PSA – Crops Production Survey (national & regional crop statistics),https://psa.gov.ph/crops-production-survey
99.4,18.2,26.5,24.83,77.21,5.59,221.59,Clay Loam,coffee,PCAARRD ISP – Coffee Industry Profile,https://ispweb.pcaarrd.dost.gov.ph/isp-commodities/coffee/,DOST-PCAARRD,PSA – Crops Production Survey (national & regional crop statistics),https://psa.gov.ph/crops-production-survey
76.5,46.3,51.1,22.51,63.42,6.56,57.83,Loam,garlic,PCAARRD ISP – Vegetables Industry Profile (garlic),https://ispweb.pcaarrd.dost.gov.ph/vegetables/,DOST-PCAARRD,PSA – Crops Production Survey (national & regional crop statistics),https://psa.gov.ph/crops-production-survey
83.5,45.4,60.4,20.54,66.65,6.8,63.75,Sandy Loam,garlic,PCAARRD ISP – Vegetables Industry Profile (garlic),https://ispweb.pcaarrd.dost.gov.ph/vegetables/,DOST-PCAARRD,PSA – Crops Production Survey (national & regional crop statistics),https://psa.gov.ph/crops-production-survey
21.4,7.7,28.1,27.21,92.15,6.36,185.36,Sandy,coconut,PCAARRD ISP – Coconut Industry Profile,https://ispweb.pcaarrd.dost.gov.ph/isp-commodities/coconut/,DOST-PCAARRD,PSA – Crops Production Survey (national & regional crop statistics),https://psa.gov.ph/crops-production-survey
16.5,12.1,24.3,24.22,74.59,6.36,110.41,Loam,calamansi,Department of Agriculture – Official Portal,https://www.da.gov.ph/,Department of Agriculture,PSA – Crops Production Survey (national & regional crop statistics),https://psa.gov.ph/crops-production-survey
86.6,47.9,45.2,29.82,75.76,6.29,120.21,Clay Loam,eggplant,PCAARRD ISP – Vegetables Industry Profile,https://ispweb.pcaarrd.dost.gov.ph/vegetables/,DOST-PCAARRD,PSA – Crops Production Survey (national & regional crop statistics),https://psa.gov.ph/crops-production-survey
28.6,31.7,39.9,25.09,62.99,6.5,70.02,Sandy,peanut,PCAARRD ISP – Legumes Industry Profile,https://ispweb.pcaarrd.dost.gov.ph/legumes/,DOST-PCAARRD,PSA – Crops Production Survey (national & regional crop statistics),https://psa.gov.ph/crops-production-survey
24.4,47.3,23.9,30.71,68.44,6.21,46.07,Sandy Loam,mungbean,PCAARRD ISP – Legumes Industry Profile,https://ispweb.pcaarrd.dost.gov.ph/legumes/,DOST-PCAARRD,PSA – Crops Production Survey (national & regional crop statistics),https://psa.gov.ph/crops-production-survey
97,56.8,25,24.46,60.3,7.24,109.02,Clay Loam,corn,DA – Philippine Yellow Corn Industry Roadmap,https://www.da.gov.ph/wp-content/uploads/2023/05/Philippine-Yellow-Corn-Industry-Roadmap.pdf,Department of Agriculture,PSA – Crops Production Survey (national & regional crop statistics),https://psa.gov.ph/crops-production-survey
21.1,37.4,33.4,28.02,69.24,5.89,74.49,Sandy Loam,peanut,PCAARRD ISP – Legumes Industry Profile,https://ispweb.pcaarrd.dost.gov.ph/legumes/,DOST-PCAARRD,PSA – Crops Production Survey (national & regional crop statistics),https://psa.gov.ph/crops-production-survey
117.7,48,40.9,27.48,85.6,6.66,191.86,Clay Loam,rice,PCAARRD ISP – Rice Industry Profile,https://ispweb.pcaarrd.dost.gov.ph/isp-commodities/rice/,DOST-PCAARRD,PSA – Crops Production Survey (national & regional crop statistics),https://psa.gov.ph/crops-production-survey
22.9,47.8,46.4,27.27,59.25,5.5,68.02,Sandy Loam,peanut,PCAARRD ISP – Legumes Industry Profile,https://ispweb.pcaarrd.dost.gov.ph/legumes/,DOST-PCAARRD,PSA – Crops Production Survey (national & regional crop statistics),https://psa.gov.ph/crops-production-survey
56.9,24.3,71.7,29,68.73,4.73,98.26,Sandy Loam,pineapple,PCAARRD ISP – Queen Pineapple Industry Profile,https://ispweb.pcaarrd.dost.gov.ph/queen-pineapple/,DOST-PCAARRD,PSA – Crops Production Survey (national & regional crop statistics),https://psa.gov.ph/crops-production-survey
42.2,41.7,42,29.32,68.7,6.35,70.93,Sandy Loam,okra,PCAARRD ISP – Vegetables Industry Profile,https://ispweb.pcaarrd.dost.gov.ph/vegetables/,DOST-PCAARRD,PSA – Crops Production Survey (national & regional crop statistics),https://psa.gov.ph/crops-production-survey
104.3,79.5,46.5,26.96,75.82,6.44,117.54,Volcanic Loam,banana,PCAARRD ISP – Banana Industry Profile,https://ispweb.pcaarrd.dost.gov.ph/isp-commodities/banana/,DOST-PCAARRD,PSA – Crops Production Survey (national & regional crop statistics),https://psa.gov.ph/crops-production-survey
113,93.3,54.4,26.28,88.28,6.96,160.03,Loam,banana,PCAARRD ISP – Banana Industry Profile,https://ispweb.pcaarrd.dost.gov.ph/isp-commodities/banana/,DOST-PCAARRD,PSA – Crops Production Survey (national & regional crop statistics),https://psa.gov.ph/crops-production-survey
70.8,41.2,75.9,21.95,71.82,6.62,89.38,Loam,tomato,PCAARRD ISP – Vegetables Industry Profile,https://ispweb.pcaarrd.dost.gov.ph/vegetables/,DOST-PCAARRD,PSA – Crops Production Survey (national & regional crop statistics),https://psa.gov.ph/crops-production-survey
69.8,22.3,66.2,26.45,89.91,6.15,269.87,Clay Loam,abaca,PCAARRD ISP – Abaca Industry Profile,https://ispweb.pcaarrd.dost.gov.ph/isp-commodities/abaca/,DOST-PCAARRD,PSA – Crops Production Survey (national & regional crop statistics),https://psa.gov.ph/crops-production-survey
23.5,11.6,30,29.09,89.38,5.4,175.02,Volcanic Loam,coconut,PCAARRD ISP – Coconut Industry Profile,https://ispweb.pcaarrd.dost.gov.ph/isp-commodities/coconut/,DOST-PCAARRD,PSA – Crops Production Survey (national & regional crop statistics),https://psa.gov.ph/crops-production-survey
108.4,85.8,52.4,26.56,89.16,5.66,108.28,Clay Loam,banana,PCAARRD ISP – Banana Industry Profile,https://ispweb.pcaarrd.dost.gov.ph/isp-commodities/banana/,DOST-PCAARRD,PSA – Crops Production Survey (national & regional crop statistics),https://psa.gov.ph/crops-production-survey
69.9,54.2,68.7,25.83,64.3,6.5,58.93,Loam,tomato,PCAARRD ISP – Vegetables Industry Profile,https://ispweb.pcaarrd.dost.gov.ph/vegetables/,DOST-PCAARRD,PSA – Crops Production Survey (national & regional crop statistics),https://psa.gov.ph/crops-production-survey
21.6,10.9,22,28.73,73.99,5.89,174.61,Clay Loam,calamansi,Department of Agriculture – Official Portal,https://www.da.gov.ph/,Department of Agriculture,PSA – Crops Production Survey (national & regional crop statistics),https://psa.gov.ph/crops-production-survey
116.2,51.2,53.8,29.56,60.03,6.81,152.1,Sandy Loam,sugarcane,PCAARRD ISP – Sugarcane Industry Profile,https://ispweb.pcaarrd.dost.gov.ph/sugarcane/,DOST-PCAARRD,PSA – Crops Production Survey (national & regional crop statistics),https://psa.gov.ph/crops-production-survey
22.9,10.1,27.7,31.88,93.45,7.92,195.82,Sandy,coconut,PCAARRD ISP – Coconut Industry Profile,https://ispweb.pcaarrd.dost.gov.ph/isp-commodities/coconut/,DOST-PCAARRD,PSA – Crops Production Survey (national & regional crop statistics),https://psa.gov.ph/crops-production-survey
68.7,42.8,54.3,23.1,56.71,6.17,45.72,Loam,garlic,PCAARRD ISP – Vegetables Industry Profile (garlic),https://ispweb.pcaarrd.dost.gov.ph/vegetables/,DOST-PCAARRD,PSA – Crops Production Survey (national & regional crop statistics),https://psa.gov.ph/crops-production-survey
85.1,53.4,54.7,28.88,76.75,6.41,79.81,Loam,eggplant,PCAARRD ISP – Vegetables Industry Profile,https://ispweb.pcaarrd.dost.gov.ph/vegetables/,DOST-PCAARRD,PSA – Crops Production Survey (national & regional crop statistics),https://psa.gov.ph/crops-production-survey
21.4,12.9,33.6,29.96,92.96,7.58,186.26,Sandy Loam,coconut,PCAARRD ISP – Coconut Industry Profile,https://ispweb.pcaarrd.dost.gov.ph/isp-commodities/coconut/,DOST-PCAARRD,PSA – Crops Production Survey (national & regional crop statistics),https://psa.gov.ph/crops-production-survey
44.4,56.2,53.2,24.7,83.43,6.74,177.02,Loam,papaya,Department of Agriculture – Official Portal,https://www.da.gov.ph/,Department of Agriculture,PSA – Crops Production Survey (national & regional crop statistics),https://psa.gov.ph/crops-production-survey
50,26.9,64.5,25.39,66.72,5.27,59.23,Sandy,cassava,Department of Agriculture – Official Portal,https://www.da.gov.ph/,Department of Agriculture,PSA – Crops Production Survey (national & regional crop statistics),https://psa.gov.ph/crops-production-survey
27.2,21.5,35.6,29.73,88.45,5.07,173.78,Clay Loam,rubber,PCAARRD ISP – Rubber Industry Profile,https://ispweb.pcaarrd.dost.gov.ph/isp-commodities/rubber/,DOST-PCAARRD,PSA – Crops Production Survey (national & regional crop statistics),https://psa.gov.ph/crops-production-survey
41,28.1,85.2,24.78,63.07,5.86,64.69,Loam,sweet_potato,PCAARRD ISP – Sweetpotato Industry Profile,https://ispweb.pcaarrd.dost.gov.ph/sweetpotato/,DOST-PCAARRD,PSA – Crops Production Survey (national & regional crop statistics),https://psa.gov.ph/crops-production-survey
81.5,35.7,76.8,31.58,92.99,6.4,222.94,Volcanic Loam,abaca,PCAARRD ISP – Abaca Industry Profile,https://ispweb.pcaarrd.dost.gov.ph/isp-commodities/abaca/,DOST-PCAARRD,PSA – Crops Production Survey (national & regional crop statistics),https://psa.gov.ph/crops-production-survey
16.7,10.6,22.9,25.07,82.63,5.67,124.68,Loam,calamansi,Department of Agriculture – Official Portal,https://www.da.gov.ph/,Department of Agriculture,PSA – Crops Production Survey (national & regional crop statistics),https://psa.gov.ph/crops-production-survey
59.3,23.5,87.1,25.24,64.29,5.69,92.9,Sandy Loam,tobacco,Department of Agriculture – Official Portal,https://www.da.gov.ph/,Department of Agriculture,PSA – Crops Production Survey (national & regional crop statistics),https://psa.gov.ph/crops-production-survey
25.2,15.4,29.1,33.02,68,7.01,74.36,Sandy Loam,mango,PCAARRD ISP – Mango Industry Profile,https://ispweb.pcaarrd.dost.gov.ph/isp-commodities/mango/,DOST-PCAARRD,PSA – Crops Production Survey (national & regional crop statistics),https://psa.gov.ph/crops-production-survey
106.9,53.3,55.6,27.66,62.1,7.43,169.55,Sandy Loam,sugarcane,PCAARRD ISP – Sugarcane Industry Profile,https://ispweb.pcaarrd.dost.gov.ph/sugarcane/,DOST-PCAARRD,PSA – Crops Production Survey (national & regional crop statistics),https://psa.gov.ph/crops-production-survey
19.7,5,29.5,26.61,87.11,6.73,245.3,Sandy Loam,coconut,PCAARRD ISP – Coconut Industry Profile,https://ispweb.pcaarrd.dost.gov.ph/isp-commodities/coconut/,DOST-PCAARRD,PSA – Crops Production Survey (national & regional crop statistics),https://psa.gov.ph/crops-production-survey
62.8,37.7,44.8,25.96,59.91,6.39,48.25,Sandy Loam,garlic,PCAARRD ISP – Vegetables Industry Profile (garlic),https://ispweb.pcaarrd.dost.gov.ph/vegetables/,DOST-PCAARRD,PSA – Crops Production Survey (national & regional crop statistics),https://psa.gov.ph/crops-production-survey
99.7,22,30.4,20.47,64.11,6.21,185.92,Clay Loam,coffee,PCAARRD ISP – Coffee Industry Profile,https://ispweb.pcaarrd.dost.gov.ph/isp-commodities/coffee/,DOST-PCAARRD,PSA – Crops Production Survey (national & regional crop statistics),https://psa.gov.ph/crops-production-survey
44.3,36.5,75.5,25.77,63.61,6.49,116.39,Sandy Loam,sweet_potato,PCAARRD ISP – Sweetpotato Industry Profile,https://ispweb.pcaarrd.dost.gov.ph/sweetpotato/,DOST-PCAARRD,PSA – Crops Production Survey (national & regional crop statistics),https://psa.gov.ph/crops-production-survey
23.1,7.8,26.6,26.4,82.57,6.99,231.25,Sandy,coconut,PCAARRD ISP – Coconut Industry Profile,https://ispweb.pcaarrd.dost.gov.ph/isp-commodities/coconut/,DOST-PCAARRD,PSA – Crops Production Survey (national & regional crop statistics),https://psa.gov.ph/crops-production-survey
120.5,51.6,39.3,27.35,75.41,7.03,143.41,Clay Loam,sugarcane,PCAARRD ISP – Sugarcane Industry Profile,https://ispweb.pcaarrd.dost.gov.ph/sugarcane/,DOST-PCAARRD,PSA – Crops Production Survey (national & regional crop statistics),https://psa.gov.ph/crops-production-survey
67.7,31,86.6,26.38,68.82,6.41,51.7,Loam,tobacco,Department of Agriculture – Official Portal,https://www.da.gov.ph/,Department of Agriculture,PSA – Crops Production Survey (national & regional crop statistics),https://psa.gov.ph/crops-production-survey
15.1,18.3,16.2,30.02,84.91,6.29,173.4,Loam,calamansi,Department of Agriculture – Official Portal,https://www.da.gov.ph/,Department of Agriculture,PSA – Crops Production Survey (national & regional crop statistics),https://psa.gov.ph/crops-production-survey
89.6,49.7,63.4,23.51,73.9,5.62,47.04,Sandy Loam,tomato,PCAARRD ISP – Vegetables Industry Profile,https://ispweb.pcaarrd.dost.gov.ph/vegetables/,DOST-PCAARRD,PSA – Crops Production Survey (national & regional crop statistics),https://psa.gov.ph/crops-production-survey
96.2,87.8,51.3,27.67,82.56,6.16,117.16,Loam,banana,PCAARRD ISP – Banana Industry Profile,https://ispweb.pcaarrd.dost.gov.ph/isp-commodities/banana/,DOST-PCAARRD,PSA – Crops Production Survey (national & regional crop statistics),https://psa.gov.ph/crops-production-survey
49.5,44.7,37.1,23.68,67.6,6.34,91.3,Loam,okra,PCAARRD ISP – Vegetables Industry Profile,https://ispweb.pcaarrd.dost.gov.ph/vegetables/,DOST-PCAARRD,PSA – Crops Production Survey (national & regional crop statistics),https://psa.gov.ph/crops-production-survey
89.5,39.8,47.3,31.07,80.17,6.5,196.52,Clay Loam,cacao,PCAARRD ISP – Cacao Industry Profile,https://ispweb.pcaarrd.dost.gov.ph/isp-commodities/cacao/,DOST-PCAARRD,PSA – Crops Production Survey (national & regional crop statistics),https://psa.gov.ph/crops-production-survey
57.1,31.6,71.6,29.56,65.76,5.08,130.27,Sandy,cassava,Department of Agriculture – Official Portal,https://www.da.gov.ph/,Department of Agriculture,PSA – Crops Production Survey (national & regional crop statistics),https://psa.gov.ph/crops-production-survey
116.4,51.2,46.1,32.03,72.11,5.84,186.59,Loam,sugarcane,PCAARRD ISP – Sugarcane Industry Profile,https://ispweb.pcaarrd.dost.gov.ph/sugarcane/,DOST-PCAARRD,PSA – Crops Production Survey (national & regional crop statistics),https://psa.gov.ph/crops-production-survey
30.8,22.2,29.8,25.43,86.63,5.14,182.56,Volcanic Loam,rubber,PCAARRD ISP – Rubber Industry Profile,https://ispweb.pcaarrd.dost.gov.ph/isp-commodities/rubber/,DOST-PCAARRD,PSA – Crops Production Survey (national & regional crop statistics),https://psa.gov.ph/crops-production-survey
84.4,50.9,42.8,29.85,87.01,5.61,253.42,Clay Loam,rice,PCAARRD ISP – Rice Industry Profile,https://ispweb.pcaarrd.dost.gov.ph/isp-commodities/rice/,DOST-PCAARRD,PSA – Crops Production Survey (national & regional crop statistics),https://psa.gov.ph/crops-production-survey
78,39.1,46.8,25.15,71.13,6.16,62.05,Loam,onion,PCAARRD ISP – Vegetables Industry Profile (onion),https://ispweb.pcaarrd.dost.gov.ph/vegetables/,DOST-PCAARRD,PSA – Crops Production Survey (national & regional crop statistics),https://psa.gov.ph/crops-production-survey
100.8,21.5,28.7,28.12,77.99,5.81,169.13,Clay Loam,coffee,PCAARRD ISP – Coffee Industry Profile,https://ispweb.pcaarrd.dost.gov.ph/isp-commodities/coffee/,DOST-PCAARRD,PSA – Crops Production Survey (national & regional crop statistics),https://psa.gov.ph/crops-production-survey
17.4,11.3,17.2,31.9,73.94,5.9,116.95,Sandy Loam,calamansi,Department of Agriculture – Official Portal,https://www.da.gov.ph/,Department of Agriculture,PSA – Crops Production Survey (national & regional crop statistics),https://psa.gov.ph/crops-production-survey
73,39.3,43.6,27.51,60.67,6.56,53.97,Loam,onion,PCAARRD ISP – Vegetables Industry Profile (onion),https://ispweb.pcaarrd.dost.gov.ph/vegetables/,DOST-PCAARRD,PSA – Crops Production Survey (national & regional crop statistics),https://psa.gov.ph/crops-production-survey
68.1,32.3,63.7,29.57,91.33,5.68,244.23,Clay Loam,abaca,PCAARRD ISP – Abaca Industry Profile,https://ispweb.pcaarrd.dost.gov.ph/isp-commodities/abaca/,DOST-PCAARRD,PSA – Crops Production Survey (national & regional crop statistics),https://psa.gov.ph/crops-production-survey
119.5,78.4,52.4,26.49,80.74,6.85,159.26,Clay Loam,banana,PCAARRD ISP – Banana Industry Profile,https://ispweb.pcaarrd.dost.gov.ph/isp-commodities/banana/,DOST-PCAARRD,PSA – Crops Production Survey (national & regional crop statistics),https://psa.gov.ph/crops-production-survey
89.2,49.6,49.8,25.01,69.56,6.44,97.34,Loam,eggplant,PCAARRD ISP – Vegetables Industry Profile,https://ispweb.pcaarrd.dost.gov.ph/vegetables/,DOST-PCAARRD,PSA – Crops Production Survey (national & regional crop statistics),https://psa.gov.ph/crops-production-survey
42.1,47.4,47,31.5,85.18,5.45,111.73,Loam,papaya,Department of Agriculture – Official Portal,https://www.da.gov.ph/,Department of Agriculture,PSA – Crops Production Survey (national & regional crop statistics),https://psa.gov.ph/crops-production-survey
25.1,36.3,42.6,28.98,67.94,5.82,86.92,Sandy,peanut,PCAARRD ISP – Legumes Industry Profile,https://ispweb.pcaarrd.dost.gov.ph/legumes/,DOST-PCAARRD,PSA – Crops Production Survey (national & regional crop statistics),https://psa.gov.ph/crops-production-survey
57.7,24.3,61.5,24.62,66,4.91,120.52,Volcanic Loam,pineapple,PCAARRD ISP – Queen Pineapple Industry Profile,https://ispweb.pcaarrd.dost.gov.ph/queen-pineapple/,DOST-PCAARRD,PSA – Crops Production Survey (national & regional crop statistics),https://psa.gov.ph/crops-production-survey
47.8,39.1,41.8,28.91,72.8,6.2,74.97,Clay Loam,ampalaya,PCAARRD ISP – Vegetables Industry Profile,https://ispweb.pcaarrd.dost.gov.ph/vegetables/,DOST-PCAARRD,PSA – Crops Production Survey (national & regional crop statistics),https://psa.gov.ph/crops-production-survey
106.7,86.7,48.8,31.78,77.69,6.25,117.41,Loam,banana,PCAARRD ISP – Banana Industry Profile,https://ispweb.pcaarrd.dost.gov.ph/isp-commodities/banana/,DOST-PCAARRD,PSA – Crops Production Survey (national & regional crop statistics),https://psa.gov.ph/crops-production-survey
22.8,46.1,31,27.07,62.67,6.12,86.24,Sandy Loam,peanut,PCAARRD ISP – Legumes Industry Profile,https://ispweb.pcaarrd.dost.gov.ph/legumes/,DOST-PCAARRD,PSA – Crops Production Survey (national & regional crop statistics),https://psa.gov.ph/crops-production-survey
94,43.1,24.6,29.58,69.78,6.04,63.76,Sandy Loam,corn,DA – Philippine Yellow Corn Industry Roadmap,https://www.da.gov.ph/wp-content/uploads/2023/05/Philippine-Yellow-Corn-Industry-Roadmap.pdf,Department of Agriculture,PSA – Crops Production Survey (national & regional crop statistics),https://psa.gov.ph/crops-production-survey
80.8,28.2,64.7,28.45,88.85,6.14,269.12,Loam,abaca,PCAARRD ISP – Abaca Industry Profile,https://ispweb.pcaarrd.dost.gov.ph/isp-commodities/abaca/,DOST-PCAARRD,PSA – Crops Production Survey (national & regional crop statistics),https://psa.gov.ph/crops-production-survey
44.3,48.6,46.3,30.22,77.7,6.35,97.92,Loam,ampalaya,PCAARRD ISP – Vegetables Industry Profile,https://ispweb.pcaarrd.dost.gov.ph/vegetables/,DOST-PCAARRD,PSA – Crops Production Survey (national & regional crop statistics),https://psa.gov.ph/crops-production-survey
86.1,49.6,23.9,29.64,72.48,6.38,118.26,Sandy Loam,corn,DA – Philippine Yellow Corn Industry Roadmap,https://www.da.gov.ph/wp-content/uploads/2023/05/Philippine-Yellow-Corn-Industry-Roadmap.pdf,Department of Agriculture,PSA – Crops Production Survey (national & regional crop statistics),https://psa.gov.ph/crops-production-survey
49.3,28.9,60.7,27.13,63.8,6.76,100.45,Loam,sweet_potato,PCAARRD ISP – Sweetpotato Industry Profile,https://ispweb.pcaarrd.dost.gov.ph/sweetpotato/,DOST-PCAARRD,PSA – Crops Production Survey (national & regional crop statistics),https://psa.gov.ph/crops-production-survey
56.7,31.2,89.1,32,64.44,6.53,86.83,Sandy Loam,cassava,Department of Agriculture – Official Portal,https://www.da.gov.ph/,Department of Agriculture,PSA – Crops Production Survey (national & regional crop statistics),https://psa.gov.ph/crops-production-survey
42,27.5,77.7,27.21,67.05,5.82,152.7,Sandy Loam,cassava,Department of Agriculture – Official Portal,https://www.da.gov.ph/,Department of Agriculture,PSA – Crops Production Survey (national & regional crop statistics),https://psa.gov.ph/crops-production-survey
76.7,43.3,46.2,24.79,87.13,6.19,160.49,Clay Loam,cacao,PCAARRD ISP – Cacao Industry Profile,https://ispweb.pcaarrd.dost.gov.ph/isp-commodities/cacao/,DOST-PCAARRD,PSA – Crops Production Survey (national & regional crop statistics),https://psa.gov.ph/crops-production-survey
84.7,45,23.8,26.81,73.34,6.94,102.95,Loam,corn,DA – Philippine Yellow Corn Industry Roadmap,https://www.da.gov.ph/wp-content/uploads/2023/05/Philippine-Yellow-Corn-Industry-Roadmap.pdf,Department of Agriculture,PSA – Crops Production Survey (national & regional crop statistics),https://psa.gov.ph/crops-production-survey
23.2,22,31.5,30.93,60.91,5.57,83.06,Loam,mango,PCAARRD ISP – Mango Industry Profile,https://ispweb.pcaarrd.dost.gov.ph/isp-commodities/mango/,DOST-PCAARRD,PSA – Crops Production Survey (national & regional crop statistics),https://psa.gov.ph/crops-production-survey
68,39.1,60.8,20.85,65.1,6.96,56.27,Loam,garlic,PCAARRD ISP – Vegetables Industry Profile (garlic),https://ispweb.pcaarrd.dost.gov.ph/vegetables/,DOST-PCAARRD,PSA – Crops Production Survey (national & regional crop statistics),https://psa.gov.ph/crops-production-survey
79.2,40.8,23.4,30.32,68.07,6.18,89.12,Loam,corn,DA – Philippine Yellow Corn Industry Roadmap,https://www.da.gov.ph/wp-content/uploads/2023/05/Philippine-Yellow-Corn-Industry-Roadmap.pdf,Department of Agriculture,PSA – Crops Production Survey (national & regional crop statistics),https://psa.gov.ph/crops-production-survey
92.6,55.3,23.5,28.58,66.13,6.76,86.46,Sandy Loam,corn,DA – Philippine Yellow Corn Industry Roadmap,https://www.da.gov.ph/wp-content/uploads/2023/05/Philippine-Yellow-Corn-Industry-Roadmap.pdf,Department of Agriculture,PSA – Crops Production Survey (national & regional crop statistics),https://psa.gov.ph/crops-production-survey
52,46.5,48.6,31.82,69.35,6.44,56.03,Loam,okra,PCAARRD ISP – Vegetables Industry Profile,https://ispweb.pcaarrd.dost.gov.ph/vegetables/,DOST-PCAARRD,PSA – Crops Production Survey (national & regional crop statistics),https://psa.gov.ph/crops-production-survey
25.2,10.9,30.1,25.13,92.12,7.36,192.41,Sandy,coconut,PCAARRD ISP – Coconut Industry Profile,https://ispweb.pcaarrd.dost.gov.ph/isp-commodities/coconut/,DOST-PCAARRD,PSA – Crops Production Survey (national & regional crop statistics),https://psa.gov.ph/crops-production-survey
16.6,19.9,30.7,26.87,62.89,6.17,82.32,Clay Loam,mango,PCAARRD ISP – Mango Industry Profile,https://ispweb.pcaarrd.dost.gov.ph/isp-commodities/mango/,DOST-PCAARRD,PSA – Crops Production Survey (national & regional crop statistics),https://psa.gov.ph/crops-production-survey
104.8,44.1,57.6,31,62.79,6.54,142.73,Loam,sugarcane,PCAARRD ISP – Sugarcane Industry Profile,https://ispweb.pcaarrd.dost.gov.ph/sugarcane/,DOST-PCAARRD,PSA – Crops Production Survey (national & regional crop statistics),https://psa.gov.ph/crops-production-survey
50.6,59.1,49.1,25.19,86.53,5.91,131.89,Loam,papaya,Department of Agriculture – Official Portal,https://www.da.gov.ph/,Department of Agriculture,PSA – Crops Production Survey (national & regional crop statistics),https://psa.gov.ph/crops-production-survey
78,46.3,63.6,24.02,75.07,5.79,63.38,Loam,tomato,PCAARRD ISP – Vegetables Industry Profile,https://ispweb.pcaarrd.dost.gov.ph/vegetables/,DOST-PCAARRD,PSA – Crops Production Survey (national & regional crop statistics),https://psa.gov.ph/crops-production-survey
77.4,25.7,90,24.09,80.3,5.63,233.11,Volcanic Loam,abaca,PCAARRD ISP – Abaca Industry Profile,https://ispweb.pcaarrd.dost.gov.ph/isp-commodities/abaca/,DOST-PCAARRD,PSA – Crops Production Survey (national & regional crop statistics),https://psa.gov.ph/crops-production-survey
17.9,15.8,24,27.78,77.75,6.23,161.82,Sandy Loam,calamansi,Department of Agriculture – Official Portal,https://www.da.gov.ph/,Department of Agriculture,PSA – Crops Production Survey (national & regional crop statistics),https://psa.gov.ph/crops-production-survey
94.7,70.5,51.7,29.8,83.57,6.73,123.88,Loam,banana,PCAARRD ISP – Banana Industry Profile,https://ispweb.pcaarrd.dost.gov.ph/isp-commodities/banana/,DOST-PCAARRD,PSA – Crops Production Survey (national & regional crop statistics),https://psa.gov.ph/crops-production-survey
15.2,32.9,50.4,24.59,65.86,6.81,49.96,Sandy,peanut,PCAARRD ISP – Legumes Industry Profile,https://ispweb.pcaarrd.dost.gov.ph/legumes/,DOST-PCAARRD,PSA – Crops Production Survey (national & regional crop statistics),https://psa.gov.ph/crops-production-survey
19.9,5.4,30,28.09,94.2,5.46,192.84,Sandy Loam,coconut,PCAARRD ISP – Coconut Industry Profile,https://ispweb.pcaarrd.dost.gov.ph/isp-commodities/coconut/,DOST-PCAARRD,PSA – Crops Production Survey (national & regional crop statistics),https://psa.gov.ph/crops-production-survey
55.3,23.6,62.1,28.05,70.34,5.71,108.66,Volcanic Loam,pineapple,PCAARRD ISP – Queen Pineapple Industry Profile,https://ispweb.pcaarrd.dost.gov.ph/queen-pineapple/,DOST-PCAARRD,PSA – Crops Production Survey (national & regional crop statistics),https://psa.gov.ph/crops-production-survey
111.2,48,42.1,30.77,67.32,6.4,155.64,Clay Loam,sugarcane,PCAARRD ISP – Sugarcane Industry Profile,https://ispweb.pcaarrd.dost.gov.ph/sugarcane/,DOST-PCAARRD,PSA – Crops Production Survey (national & regional crop statistics),https://psa.gov.ph/crops-production-survey
48,58.2,47,27.31,71.86,6.11,109.69,Clay Loam,papaya,Department of Agriculture – Official Portal,https://www.da.gov.ph/,Department of Agriculture,PSA – Crops Production Survey (national & regional crop statistics),https://psa.gov.ph/crops-production-survey
48.7,49.7,35.3,27.9,60.74,6.32,93.97,Loam,okra,PCAARRD ISP – Vegetables Industry Profile,https://ispweb.pcaarrd.dost.gov.ph/vegetables/,DOST-PCAARRD,PSA – Crops Production Survey (national & regional crop statistics),https://psa.gov.ph/crops-production-survey
134.5,47.3,54.3,27.3,76.88,7.22,105.3,Clay Loam,sugarcane,PCAARRD ISP – Sugarcane Industry Profile,https://ispweb.pcaarrd.dost.gov.ph/sugarcane/,DOST-PCAARRD,PSA – Crops Production Survey (national & regional crop statistics),https://psa.gov.ph/crops-production-survey
69.2,47.9,43.2,30.68,87.06,6.02,240.94,Volcanic Loam,cacao,PCAARRD ISP – Cacao Industry Profile,https://ispweb.pcaarrd.dost.gov.ph/isp-commodities/cacao/,DOST-PCAARRD,PSA – Crops Production Survey (national & regional crop statistics),https://psa.gov.ph/crops-production-survey
19.7,24,34.4,30.52,56.73,6.84,56.61,Clay Loam,mango,PCAARRD ISP – Mango Industry Profile,https://ispweb.pcaarrd.dost.gov.ph/isp-commodities/mango/,DOST-PCAARRD,PSA – Crops Production Survey (national & regional crop statistics),https://psa.gov.ph/crops-production-survey
59.8,45.1,49.2,28.23,73.58,6.12,69.82,Loam,eggplant,PCAARRD ISP – Vegetables Industry Profile,https://ispweb.pcaarrd.dost.gov.ph/vegetables/,DOST-PCAARRD,PSA – Crops Production Survey (national & regional crop statistics),https://psa.gov.ph/crops-production-survey
99.6,48.8,22.4,30.93,68.94,5.94,62.21,Sandy Loam,corn,DA – Philippine Yellow Corn Industry Roadmap,https://www.da.gov.ph/wp-content/uploads/2023/05/Philippine-Yellow-Corn-Industry-Roadmap.pdf,Department of Agriculture,PSA – Crops Production Survey (national & regional crop statistics),https://psa.gov.ph/crops-production-survey
23,22.6,31.8,36.63,59.2,6.71,85.35,Loam,mango,PCAARRD ISP – Mango Industry Profile,https://ispweb.pcaarrd.dost.gov.ph/isp-commodities/mango/,DOST-PCAARRD,PSA – Crops Production Survey (national & regional crop statistics),https://psa.gov.ph/crops-production-survey
99.1,82.4,48.3,25.3,85.08,6.42,102.17,Clay Loam,banana,PCAARRD ISP – Banana Industry Profile,https://ispweb.pcaarrd.dost.gov.ph/isp-commodities/banana/,DOST-PCAARRD,PSA – Crops Production Survey (national & regional crop statistics),https://psa.gov.ph/crops-production-survey
16.4,46.8,20.1,27.89,61.66,6.53,62.17,Sandy Loam,mungbean,PCAARRD ISP – Legumes Industry Profile,https://ispweb.pcaarrd.dost.gov.ph/legumes/,DOST-PCAARRD,PSA – Crops Production Survey (national & regional crop statistics),https://psa.gov.ph/crops-production-survey
48.4,60.5,46.9,26.91,79.99,5.92,109.33,Loam,papaya,Department of Agriculture – Official Portal,https://www.da.gov.ph/,Department of Agriculture,PSA – Crops Production Survey (national & regional crop statistics),https://psa.gov.ph/crops-production-survey
53.1,30.2,62,30.16,58.51,5.58,59.73,Sandy,cassava,Department of Agriculture – Official Portal,https://www.da.gov.ph/,Department of Agriculture,PSA – Crops Production Survey (national & regional crop statistics),https://psa.gov.ph/crops-production-survey
55.7,31.7,44.5,31.83,60.8,6.29,56.59,Loam,okra,PCAARRD ISP – Vegetables Industry Profile,https://ispweb.pcaarrd.dost.gov.ph/vegetables/,DOST-PCAARRD,PSA – Crops Production Survey (national & regional crop statistics),https://psa.gov.ph/crops-production-survey
102.6,19.6,33.2,20.94,63.75,6.22,245.8,Volcanic Loam,coffee,PCAARRD ISP – Coffee Industry Profile,https://ispweb.pcaarrd.dost.gov.ph/isp-commodities/coffee/,DOST-PCAARRD,PSA – Crops Production Survey (national & regional crop statistics),https://psa.gov.ph/crops-production-survey
18.1,37.2,23,28.35,67.87,6.45,63.84,Loam,mungbean,PCAARRD ISP – Legumes Industry Profile,https://ispweb.pcaarrd.dost.gov.ph/legumes/,DOST-PCAARRD,PSA – Crops Production Survey (national & regional crop statistics),https://psa.gov.ph/crops-production-survey
51.6,34.8,78.2,29.13,58.27,6.27,89.81,Sandy Loam,tobacco,Department of Agriculture – Official Portal,https://www.da.gov.ph/,Department of Agriculture,PSA – Crops Production Survey (national & regional crop statistics),https://psa.gov.ph/crops-production-survey
66.5,29.3,76.2,23.43,58.98,5.87,62.36,Loam,tobacco,Department of Agriculture – Official Portal,https://www.da.gov.ph/,Department of Agriculture,PSA – Crops Production Survey (national & regional crop statistics),https://psa.gov.ph/crops-production-survey
108.9,48.5,54,29.74,72.46,6.07,174.5,Clay Loam,sugarcane,PCAARRD ISP – Sugarcane Industry Profile,https://ispweb.pcaarrd.dost.gov.ph/sugarcane/,DOST-PCAARRD,PSA – Crops Production Survey (national & regional crop statistics),https://psa.gov.ph/crops-production-survey
17,43.6,43.5,27.17,57.79,6.44,51.14,Sandy,peanut,PCAARRD ISP – Legumes Industry Profile,https://ispweb.pcaarrd.dost.gov.ph/legumes/,DOST-PCAARRD,PSA – Crops Production Survey (national & regional crop statistics),https://psa.gov.ph/crops-production-survey
37.7,26.4,27.7,27.12,88.25,4.84,219.7,Clay Loam,rubber,PCAARRD ISP – Rubber Industry Profile,https://ispweb.pcaarrd.dost.gov.ph/isp-commodities/rubber/,DOST-PCAARRD,PSA – Crops Production Survey (national & regional crop statistics),https://psa.gov.ph/crops-production-survey
23.1,28.9,27.8,28.32,81.24,5.11,177.75,Loam,rubber,PCAARRD ISP – Rubber Industry Profile,https://ispweb.pcaarrd.dost.gov.ph/isp-commodities/rubber/,DOST-PCAARRD,PSA – Crops Production Survey (national & regional crop statistics),https://psa.gov.ph/crops-production-survey
22.1,48.2,50.1,24.25,66.99,5.94,62.95,Sandy,peanut,PCAARRD ISP – Legumes Industry Profile,https://ispweb.pcaarrd.dost.gov.ph/legumes/,DOST-PCAARRD,PSA – Crops Production Survey (national & regional crop statistics),https://psa.gov.ph/crops-production-survey
17.3,18.4,18.6,28.11,75.09,6.03,186.84,Clay Loam,calamansi,Department of Agriculture – Official Portal,https://www.da.gov.ph/,Department of Agriculture,PSA – Crops Production Survey (national & regional crop statistics),https://psa.gov.ph/crops-production-survey
15.6,32.7,26.8,24.67,71.68,6.3,43.02,Sandy Loam,mungbean,PCAARRD ISP – Legumes Industry Profile,https://ispweb.pcaarrd.dost.gov.ph/legumes/,DOST-PCAARRD,PSA – Crops Production Survey (national & regional crop statistics),https://psa.gov.ph/crops-production-survey
56.9,52.6,47.5,30.33,78.88,5.92,134.98,Loam,papaya,Department of Agriculture – Official Portal,https://www.da.gov.ph/,Department of Agriculture,PSA – Crops Production Survey (national & regional crop statistics),https://psa.gov.ph/crops-production-survey
36,19.9,28.8,31.55,74.26,4.62,240.26,Clay Loam,rubber,PCAARRD ISP – Rubber Industry Profile,https://ispweb.pcaarrd.dost.gov.ph/isp-commodities/rubber/,DOST-PCAARRD,PSA – Crops Production Survey (national & regional crop statistics),https://psa.gov.ph/crops-production-survey
43.6,39.7,81.5,26.24,55.85,5.77,88.82,Sandy Loam,tobacco,Department of Agriculture – Official Portal,https://www.da.gov.ph/,Department of Agriculture,PSA – Crops Production Survey (national & regional crop statistics),https://psa.gov.ph/crops-production-survey
56.8,47,53,28.08,78.84,5.53,116.13,Clay Loam,papaya,Department of Agriculture – Official Portal,https://www.da.gov.ph/,Department of Agriculture,PSA – Crops Production Survey (national & regional crop statistics),https://psa.gov.ph/crops-production-survey
70.9,45.8,41.4,26.62,83,6.65,185.78,Loam,cacao,PCAARRD ISP – Cacao Industry Profile,https://ispweb.pcaarrd.dost.gov.ph/isp-commodities/cacao/,DOST-PCAARRD,PSA – Crops Production Survey (national & regional crop statistics),https://psa.gov.ph/crops-production-survey
17.2,7.4,28.9,26.67,85.94,6.2,199.15,Sandy Loam,coconut,PCAARRD ISP – Coconut Industry Profile,https://ispweb.pcaarrd.dost.gov.ph/isp-commodities/coconut/,DOST-PCAARRD,PSA – Crops Production Survey (national & regional crop statistics),https://psa.gov.ph/crops-production-survey
60,41.7,64.5,24.9,62.55,6.55,74.97,Sandy Loam,tomato,PCAARRD ISP – Vegetables Industry Profile,https://ispweb.pcaarrd.dost.gov.ph/vegetables/,DOST-PCAARRD,PSA – Crops Production Survey (national & regional crop statistics),https://psa.gov.ph/crops-production-survey
70,44,43.7,27.14,89.83,6.14,222.87,Clay Loam,cacao,PCAARRD ISP – Cacao Industry Profile,https://ispweb.pcaarrd.dost.gov.ph/isp-commodities/cacao/,DOST-PCAARRD,PSA – Crops Production Survey (national & regional crop statistics),https://psa.gov.ph/crops-production-survey
94.5,55.1,23.9,27.02,67.39,5.98,79.23,Sandy Loam,corn,DA – Philippine Yellow Corn Industry Roadmap,https://www.da.gov.ph/wp-content/uploads/2023/05/Philippine-Yellow-Corn-Industry-Roadmap.pdf,Department of Agriculture,PSA – Crops Production Survey (national & regional crop statistics),https://psa.gov.ph/crops-production-survey
18,33.2,26.1,25.76,72.14,6.94,47.76,Loam,mungbean,PCAARRD ISP – Legumes Industry Profile,https://ispweb.pcaarrd.dost.gov.ph/legumes/,DOST-PCAARRD,PSA – Crops Production Survey (national & regional crop statistics),https://psa.gov.ph/crops-production-survey
88.4,43.5,22,28.85,75.08,6.33,71.55,Clay Loam,corn,DA – Philippine Yellow Corn Industry Roadmap,https://www.da.gov.ph/wp-content/uploads/2023/05/Philippine-Yellow-Corn-Industry-Roadmap.pdf,Department of Agriculture,PSA – Crops Production Survey (national & regional crop statistics),https://psa.gov.ph/crops-production-survey
34.8,17.9,34,27.82,77.45,5.31,189.79,Clay Loam,rubber,PCAARRD ISP – Rubber Industry Profile,https://ispweb.pcaarrd.dost.gov.ph/isp-commodities/rubber/,DOST-PCAARRD,PSA – Crops Production Survey (national & regional crop statistics),https://psa.gov.ph/crops-production-survey
18.5,47.8,38.8,27.62,68.39,5.76,60.2,Sandy Loam,peanut,PCAARRD ISP – Legumes Industry Profile,https://ispweb.pcaarrd.dost.gov.ph/legumes/,DOST-PCAARRD,PSA – Crops Production Survey (national & regional crop statistics),https://psa.gov.ph/crops-production-survey
55.6,30,62,25.11,68.86,6.23,50.52,Loam,tobacco,Department of Agriculture – Official Portal,https://www.da.gov.ph/,Department of Agriculture,PSA – Crops Production Survey (national & regional crop statistics),https://psa.gov.ph/crops-production-survey
21.2,14.7,17,29.08,75.96,6.2,171.17,Loam,calamansi,Department of Agriculture – Official Portal,https://www.da.gov.ph/,Department of Agriculture,PSA – Crops Production Survey (national & regional crop statistics),https://psa.gov.ph/crops-production-survey
67.5,46.6,84.6,20.87,60.25,6.17,58.79,Sandy Loam,tomato,PCAARRD ISP – Vegetables Industry Profile,https://ispweb.pcaarrd.dost.gov.ph/vegetables/,DOST-PCAARRD,PSA – Crops Production Survey (national & regional crop statistics),https://psa.gov.ph/crops-production-survey
39.1,22.1,85.7,23.07,67.22,5.58,75.16,Loam,sweet_potato,PCAARRD ISP – Sweetpotato Industry Profile,https://ispweb.pcaarrd.dost.gov.ph/sweetpotato/,DOST-PCAARRD,PSA – Crops Production Survey (national & regional crop statistics),https://psa.gov.ph/crops-production-survey
17.5,40.4,29.9,28.06,68.27,6.56,39.78,Loam,mungbean,PCAARRD ISP – Legumes Industry Profile,https://ispweb.pcaarrd.dost.gov.ph/legumes/,DOST-PCAARRD,PSA – Crops Production Survey (national & regional crop statistics),https://psa.gov.ph/crops-production-survey
103.3,14.3,32.2,22.37,63.14,5.62,207.49,Volcanic Loam,coffee,PCAARRD ISP – Coffee Industry Profile,https://ispweb.pcaarrd.dost.gov.ph/isp-commodities/coffee/,DOST-PCAARRD,PSA – Crops Production Survey (national & regional crop statistics),https://psa.gov.ph/crops-production-survey
78.2,57.4,40.6,24.83,89.29,5.83,238.55,Clay,rice,PCAARRD ISP – Rice Industry Profile,https://ispweb.pcaarrd.dost.gov.ph/isp-commodities/rice/,DOST-PCAARRD,PSA – Crops Production Survey (national & regional crop statistics),https://psa.gov.ph/crops-production-survey
56.8,33,42,28.27,67.85,6.5,68.4,Loam,okra,PCAARRD ISP – Vegetables Industry Profile,https://ispweb.pcaarrd.dost.gov.ph/vegetables/,DOST-PCAARRD,PSA – Crops Production Survey (national & regional crop statistics),https://psa.gov.ph/crops-production-survey
27.1,16.9,29.4,31.51,80.07,4.88,206.35,Volcanic Loam,rubber,PCAARRD ISP – Rubber Industry Profile,https://ispweb.pcaarrd.dost.gov.ph/isp-commodities/rubber/,DOST-PCAARRD,PSA – Crops Production Survey (national & regional crop statistics),https://psa.gov.ph/crops-production-survey
118.3,48.3,55.8,28.85,65.25,6.66,133.72,Sandy Loam,sugarcane,PCAARRD ISP – Sugarcane Industry Profile,https://ispweb.pcaarrd.dost.gov.ph/sugarcane/,DOST-PCAARRD,PSA – Crops Production Survey (national & regional crop statistics),https://psa.gov.ph/crops-production-survey
79.5,58.3,63.6,25.7,64.95,6.07,54.28,Sandy Loam,tomato,PCAARRD ISP – Vegetables Industry Profile,https://ispweb.pcaarrd.dost.gov.ph/vegetables/,DOST-PCAARRD,PSA – Crops Production Survey (national & regional crop statistics),https://psa.gov.ph/crops-production-survey
19.7,50.9,30.2,25.38,67.86,6.4,97.43,Sandy,peanut,PCAARRD ISP – Legumes Industry Profile,https://ispweb.pcaarrd.dost.gov.ph/legumes/,DOST-PCAARRD,PSA – Crops Production Survey (national & regional crop statistics),https://psa.gov.ph/crops-production-survey
23.2,16,18,30.36,78.15,5.73,127.85,Loam,calamansi,Department of Agriculture – Official Portal,https://www.da.gov.ph/,Department of Agriculture,PSA – Crops Production Survey (national & regional crop statistics),https://psa.gov.ph/crops-production-survey
29.8,38.6,36.3,26.1,65.54,5.43,78.02,Sandy,peanut,PCAARRD ISP – Legumes Industry Profile,https://ispweb.pcaarrd.dost.gov.ph/legumes/,DOST-PCAARRD,PSA – Crops Production Survey (national & regional crop statistics),https://psa.gov.ph/crops-production-survey
130.8,55.1,47,28.4,69.79,5.42,174.06,Clay Loam,sugarcane,PCAARRD ISP – Sugarcane Industry Profile,https://ispweb.pcaarrd.dost.gov.ph/sugarcane/,DOST-PCAARRD,PSA – Crops Production Survey (national & regional crop statistics),https://psa.gov.ph/crops-production-survey
97.4,29.6,28.8,23.76,72.4,5.35,148.89,Clay Loam,coffee,PCAARRD ISP – Coffee Industry Profile,https://ispweb.pcaarrd.dost.gov.ph/isp-commodities/coffee/,DOST-PCAARRD,PSA – Crops Production Survey (national & regional crop statistics),https://psa.gov.ph/crops-production-survey
26.8,30.7,42.7,26.79,68.03,6.68,96.11,Sandy,peanut,PCAARRD ISP – Legumes Industry Profile,https://ispweb.pcaarrd.dost.gov.ph/legumes/,DOST-PCAARRD,PSA – Crops Production Survey (national & regional crop statistics),https://psa.gov.ph/crops-production-survey
52.5,34.3,47.5,26.36,72.06,6.5,110.76,Clay Loam,ampalaya,PCAARRD ISP – Vegetables Industry Profile,https://ispweb.pcaarrd.dost.gov.ph/vegetables/,DOST-PCAARRD,PSA – Crops Production Survey (national & regional crop statistics),https://psa.gov.ph/crops-production-survey
38.6,39.5,73.3,24.46,73.74,5.99,69.21,Loam,sweet_potato,PCAARRD ISP – Sweetpotato Industry Profile,https://ispweb.pcaarrd.dost.gov.ph/sweetpotato/,DOST-PCAARRD,PSA – Crops Production Survey (national & regional crop statistics),https://psa.gov.ph/crops-production-survey
45.7,35.3,41.1,25.31,74.35,6.52,57.31,Loam,okra,PCAARRD ISP – Vegetables Industry Profile,https://ispweb.pcaarrd.dost.gov.ph/vegetables/,DOST-PCAARRD,PSA – Crops Production Survey (national & regional crop statistics),https://psa.gov.ph/crops-production-survey
99.2,28.6,35.3,24.04,75.78,5.3,195.23,Clay Loam,coffee,PCAARRD ISP – Coffee Industry Profile,https://ispweb.pcaarrd.dost.gov.ph/isp-commodities/coffee/,DOST-PCAARRD,PSA – Crops Production Survey (national & regional crop statistics),https://psa.gov.ph/crops-production-survey
82.3,34.6,55.1,28.35,85.72,6.17,163.4,Volcanic Loam,cacao,PCAARRD ISP – Cacao Industry Profile,https://ispweb.pcaarrd.dost.gov.ph/isp-commodities/cacao/,DOST-PCAARRD,PSA – Crops Production Survey (national & regional crop statistics),https://psa.gov.ph/crops-production-survey
42,32.1,61.5,26.93,61.09,6.44,47.92,Sandy Loam,tobacco,Department of Agriculture – Official Portal,https://www.da.gov.ph/,Department of Agriculture,PSA – Crops Production Survey (national & regional crop statistics),https://psa.gov.ph/crops-production-survey
43.5,46.3,46.8,30.62,79.53,6.56,93.85,Clay Loam,ampalaya,PCAARRD ISP – Vegetables Industry Profile,https://ispweb.pcaarrd.dost.gov.ph/vegetables/,DOST-PCAARRD,PSA – Crops Production Survey (national & regional crop statistics),https://psa.gov.ph/crops-production-survey
90,42.8,43.6,24.66,72.34,6.53,79.69,Clay Loam,eggplant,PCAARRD ISP – Vegetables Industry Profile,https://ispweb.pcaarrd.dost.gov.ph/vegetables/,DOST-PCAARRD,PSA – Crops Production Survey (national & regional crop statistics),https://psa.gov.ph/crops-production-survey
90.5,48.2,24.8,31.45,60.56,6.99,92.84,Loam,corn,DA – Philippine Yellow Corn Industry Roadmap,https://www.da.gov.ph/wp-content/uploads/2023/05/Philippine-Yellow-Corn-Industry-Roadmap.pdf,Department of Agriculture,PSA – Crops Production Survey (national & regional crop statistics),https://psa.gov.ph/crops-production-survey
35.3,22.6,60,25.42,68.76,6.34,60.97,Loam,sweet_potato,PCAARRD ISP – Sweetpotato Industry Profile,https://ispweb.pcaarrd.dost.gov.ph/sweetpotato/,DOST-PCAARRD,PSA – Crops Production Survey (national & regional crop statistics),https://psa.gov.ph/crops-production-survey
29.4,41.8,49.9,25.68,68.59,5.67,81.17,Sandy Loam,peanut,PCAARRD ISP – Legumes Industry Profile,https://ispweb.pcaarrd.dost.gov.ph/legumes/,DOST-PCAARRD,PSA – Crops Production Survey (national & regional crop statistics),https://psa.gov.ph/crops-production-survey
15.4,20.2,26.4,35.03,50.95,6.87,90.42,Clay Loam,mango,PCAARRD ISP – Mango Industry Profile,https://ispweb.pcaarrd.dost.gov.ph/isp-commodities/mango/,DOST-PCAARRD,PSA – Crops Production Survey (national & regional crop statistics),https://psa.gov.ph/crops-production-survey
68.2,29.4,41.2,30.31,81.82,6.84,252.65,Clay Loam,cacao,PCAARRD ISP – Cacao Industry Profile,https://ispweb.pcaarrd.dost.gov.ph/isp-commodities/cacao/,DOST-PCAARRD,PSA – Crops Production Survey (national & regional crop statistics),https://psa.gov.ph/crops-production-survey
66.6,53.5,79.6,23.86,59.32,6.54,41.63,Sandy Loam,tomato,PCAARRD ISP – Vegetables Industry Profile,https://ispweb.pcaarrd.dost.gov.ph/vegetables/,DOST-PCAARRD,PSA – Crops Production Survey (national & regional crop statistics),https://psa.gov.ph/crops-production-survey
15,35,21.3,26.56,69.77,6.77,67.68,Sandy Loam,mungbean,PCAARRD ISP – Legumes Industry Profile,https://ispweb.pcaarrd.dost.gov.ph/legumes/,DOST-PCAARRD,PSA – Crops Production Survey (national & regional crop statistics),https://psa.gov.ph/crops-production-survey
82.7,58,65.1,24.77,63.07,5.73,82.4,Loam,tomato,PCAARRD ISP – Vegetables Industry Profile,https://ispweb.pcaarrd.dost.gov.ph/vegetables/,DOST-PCAARRD,PSA – Crops Production Survey (national & regional crop statistics),https://psa.gov.ph/crops-production-survey
98.9,17.9,32.1,26.59,67.02,6.06,201.57,Volcanic Loam,coffee,PCAARRD ISP – Coffee Industry Profile,https://ispweb.pcaarrd.dost.gov.ph/isp-commodities/coffee/,DOST-PCAARRD,PSA – Crops Production Survey (national & regional crop statistics),https://psa.gov.ph/crops-production-survey
85,31.7,42.1,23.5,63.88,6.77,32.27,Loam,onion,PCAARRD ISP – Vegetables Industry Profile (onion),https://ispweb.pcaarrd.dost.gov.ph/vegetables/,DOST-PCAARRD,PSA – Crops Production Survey (national & regional crop statistics),https://psa.gov.ph/crops-production-survey
67.9,27.2,72.4,29.9,83.86,6.36,294.33,Volcanic Loam,abaca,PCAARRD ISP – Abaca Industry Profile,https://ispweb.pcaarrd.dost.gov.ph/isp-commodities/abaca/,DOST-PCAARRD,PSA – Crops Production Survey (national & regional crop statistics),https://psa.gov.ph/crops-production-survey
65.3,38.2,66.4,27.76,84.39,6.1,266.32,Volcanic Loam,abaca,PCAARRD ISP – Abaca Industry Profile,https://ispweb.pcaarrd.dost.gov.ph/isp-commodities/abaca/,DOST-PCAARRD,PSA – Crops Production Survey (national & regional crop statistics),https://psa.gov.ph/crops-production-survey
22.6,18.1,18.8,29.88,73.8,6.2,149.05,Clay Loam,calamansi,Department of Agriculture – Official Portal,https://www.da.gov.ph/,Department of Agriculture,PSA – Crops Production Survey (national & regional crop statistics),https://psa.gov.ph/crops-production-survey
15.1,45.6,26.8,29.39,71.76,6.3,42.49,Loam,mungbean,PCAARRD ISP – Legumes Industry Profile,https://ispweb.pcaarrd.dost.gov.ph/legumes/,DOST-PCAARRD,PSA – Crops Production Survey (national & regional crop statistics),https://psa.gov.ph/crops-production-survey
56.6,49,46.8,28.77,88.32,6.46,194.69,Clay Loam,papaya,Department of Agriculture – Official Portal,https://www.da.gov.ph/,Department of Agriculture,PSA – Crops Production Survey (national & regional crop statistics),https://psa.gov.ph/crops-production-survey
38.5,34.3,68.3,21.66,62.07,6.65,109.22,Sandy Loam,sweet_potato,PCAARRD ISP – Sweetpotato Industry Profile,https://ispweb.pcaarrd.dost.gov.ph/sweetpotato/,DOST-PCAARRD,PSA – Crops Production Survey (national & regional crop statistics),https://psa.gov.ph/crops-production-survey
90.3,50.1,21.3,27.33,63.17,6.2,89.59,Loam,corn,DA – Philippine Yellow Corn Industry Roadmap,https://www.da.gov.ph/wp-content/uploads/2023/05/Philippine-Yellow-Corn-Industry-Roadmap.pdf,Department of Agriculture,PSA – Crops Production Survey (national & regional crop statistics),https://psa.gov.ph/crops-production-survey
97.6,25.6,33.2,23.45,73.05,6.26,214.94,Clay Loam,coffee,PCAARRD ISP – Coffee Industry Profile,https://ispweb.pcaarrd.dost.gov.ph/isp-commodities/coffee/,DOST-PCAARRD,PSA – Crops Production Survey (national & regional crop statistics),https://psa.gov.ph/crops-production-survey
18.2,11,15.7,25.68,72.99,5.94,139.45,Clay Loam,calamansi,Department of Agriculture – Official Portal,https://www.da.gov.ph/,Department of Agriculture,PSA – Crops Production Survey (national & regional crop statistics),https://psa.gov.ph/crops-production-survey
96.8,46.6,43.6,32,79.6,5.67,165.29,Clay,rice,PCAARRD ISP – Rice Industry Profile,https://ispweb.pcaarrd.dost.gov.ph/isp-commodities/rice/,DOST-PCAARRD,PSA – Crops Production Survey (national & regional crop statistics),https://psa.gov.ph/crops-production-survey
60.6,45.9,33.3,29.25,75.54,6.6,67.91,Clay Loam,ampalaya,PCAARRD ISP – Vegetables Industry Profile,https://ispweb.pcaarrd.dost.gov.ph/vegetables/,DOST-PCAARRD,PSA – Crops Production Survey (national & regional crop statistics),https://psa.gov.ph/crops-production-survey
24.6,48.1,22.9,26.02,65.07,6.5,58.58,Loam,mungbean,PCAARRD ISP – Legumes Industry Profile,https://ispweb.pcaarrd.dost.gov.ph/legumes/,DOST-PCAARRD,PSA – Crops Production Survey (national & regional crop statistics),https://psa.gov.ph/crops-production-survey
68.8,36.4,70.5,24.93,85.55,5.21,257.79,Loam,abaca,PCAARRD ISP – Abaca Industry Profile,https://ispweb.pcaarrd.dost.gov.ph/isp-commodities/abaca/,DOST-PCAARRD,PSA – Crops Production Survey (national & regional crop statistics),https://psa.gov.ph/crops-production-survey
40.3,34.7,72,25.77,64.94,5.12,131.79,Sandy Loam,cassava,Department of Agriculture – Official Portal,https://www.da.gov.ph/,Department of Agriculture,PSA – Crops Production Survey (national & regional crop statistics),https://psa.gov.ph/crops-production-survey
79.7,52.2,51.7,27.09,67.09,6.08,104.72,Clay Loam,eggplant,PCAARRD ISP – Vegetables Industry Profile,https://ispweb.pcaarrd.dost.gov.ph/vegetables/,DOST-PCAARRD,PSA – Crops Production Survey (national & regional crop statistics),https://psa.gov.ph/crops-production-survey
48.1,31.4,81.2,23.83,61.68,5.66,111.97,Loam,sweet_potato,PCAARRD ISP – Sweetpotato Industry Profile,https://ispweb.pcaarrd.dost.gov.ph/sweetpotato/,DOST-PCAARRD,PSA – Crops Production Survey (national & regional crop statistics),https://psa.gov.ph/crops-production-survey
47.3,61.5,51.7,27.96,77.26,6.15,142.15,Loam,papaya,Department of Agriculture – Official Portal,https://www.da.gov.ph/,Department of Agriculture,PSA – Crops Production Survey (national & regional crop statistics),https://psa.gov.ph/crops-production-survey
113.2,56.9,42,24.97,86.03,6.7,271.94,Clay Loam,rice,PCAARRD ISP – Rice Industry Profile,https://ispweb.pcaarrd.dost.gov.ph/isp-commodities/rice/,DOST-PCAARRD,PSA – Crops Production Survey (national & regional crop statistics),https://psa.gov.ph/crops-production-survey
46.5,29,88,25.52,73.74,6.02,58.91,Loam,sweet_potato,PCAARRD ISP – Sweetpotato Industry Profile,https://ispweb.pcaarrd.dost.gov.ph/sweetpotato/,DOST-PCAARRD,PSA – Crops Production Survey (national & regional crop statistics),https://psa.gov.ph/crops-production-survey
69.5,54.4,79,25.85,70.81,6.56,42.11,Sandy Loam,tomato,PCAARRD ISP – Vegetables Industry Profile,https://ispweb.pcaarrd.dost.gov.ph/vegetables/,DOST-PCAARRD,PSA – Crops Production Survey (national & regional crop statistics),https://psa.gov.ph/crops-production-survey
21.8,31.9,35,25.33,64.04,6.06,76.72,Sandy Loam,peanut,PCAARRD ISP – Legumes Industry Profile,https://ispweb.pcaarrd.dost.gov.ph/legumes/,DOST-PCAARRD,PSA – Crops Production Survey (national & regional crop statistics),https://psa.gov.ph/crops-production-survey
33.3,36.4,83.8,23.51,68.53,6.03,97.81,Sandy Loam,sweet_potato,PCAARRD ISP – Sweetpotato Industry Profile,https://ispweb.pcaarrd.dost.gov.ph/sweetpotato/,DOST-PCAARRD,PSA – Crops Production Survey (national & regional crop statistics),https://psa.gov.ph/crops-production-survey
19.5,24,28.1,34.56,53.67,7.28,84.07,Loam,mango,PCAARRD ISP – Mango Industry Profile,https://ispweb.pcaarrd.dost.gov.ph/isp-commodities/mango/,DOST-PCAARRD,PSA – Crops Production Survey (national & regional crop statistics),https://psa.gov.ph/crops-production-survey
16.1,11.3,15.8,27.57,78.32,5.77,167.86,Clay Loam,calamansi,Department of Agriculture – Official Portal,https://www.da.gov.ph/,Department of Agriculture,PSA – Crops Production Survey (national & regional crop statistics),https://psa.gov.ph/crops-production-survey
59.8,47.7,53.1,32.86,87.46,5.79,141.09,Clay Loam,papaya,Department of Agriculture – Official Portal,https://www.da.gov.ph/,Department of Agriculture,PSA – Crops Production Survey (national & regional crop statistics),https://psa.gov.ph/crops-production-survey
21.9,41.3,44.7,29.67,58.15,5.92,73.26,Sandy,peanut,PCAARRD ISP – Legumes Industry Profile,https://ispweb.pcaarrd.dost.gov.ph/legumes/,DOST-PCAARRD,PSA – Crops Production Survey (national & regional crop statistics),https://psa.gov.ph/crops-production-survey
64.6,54.8,50.3,28.42,68.69,6.1,115.31,Clay Loam,eggplant,PCAARRD ISP – Vegetables Industry Profile,https://ispweb.pcaarrd.dost.gov.ph/vegetables/,DOST-PCAARRD,PSA – Crops Production Survey (national & regional crop statistics),https://psa.gov.ph/crops-production-survey
107.1,58.2,57.1,28.33,72.75,6.38,114.14,Clay Loam,sugarcane,PCAARRD ISP – Sugarcane Industry Profile,https://ispweb.pcaarrd.dost.gov.ph/sugarcane/,DOST-PCAARRD,PSA – Crops Production Survey (national & regional crop statistics),https://psa.gov.ph/crops-production-survey
23.6,9.7,33,30.26,91.04,5.29,233.56,Sandy,coconut,PCAARRD ISP – Coconut Industry Profile,https://ispweb.pcaarrd.dost.gov.ph/isp-commodities/coconut/,DOST-PCAARRD,PSA – Crops Production Survey (national & regional crop statistics),https://psa.gov.ph/crops-production-survey
41.9,22.7,72,27.09,77.43,5.27,114,Volcanic Loam,pineapple,PCAARRD ISP – Queen Pineapple Industry Profile,https://ispweb.pcaarrd.dost.gov.ph/queen-pineapple/,DOST-PCAARRD,PSA – Crops Production Survey (national & regional crop statistics),https://psa.gov.ph/crops-production-survey
50.5,28.7,72.3,29.46,78.45,5.51,110.75,Sandy Loam,pineapple,PCAARRD ISP – Queen Pineapple Industry Profile,https://ispweb.pcaarrd.dost.gov.ph/queen-pineapple/,DOST-PCAARRD,PSA – Crops Production Survey (national & regional crop statistics),https://psa.gov.ph/crops-production-survey
91.8,34.9,55.4,25.71,58.25,6.32,40.17,Sandy Loam,onion,PCAARRD ISP – Vegetables Industry Profile (onion),https://ispweb.pcaarrd.dost.gov.ph/vegetables/,DOST-PCAARRD,PSA – Crops Production Survey (national & regional crop statistics),https://psa.gov.ph/crops-production-survey
99.7,16.6,31.2,27.13,77.13,5.59,252.23,Clay Loam,coffee,PCAARRD ISP – Coffee Industry Profile,https://ispweb.pcaarrd.dost.gov.ph/isp-commodities/coffee/,DOST-PCAARRD,PSA – Crops Production Survey (national & regional crop statistics),https://psa.gov.ph/crops-production-survey
56.9,47.6,31.4,28.15,76.78,6.34,67.83,Loam,ampalaya,PCAARRD ISP – Vegetables Industry Profile,https://ispweb.pcaarrd.dost.gov.ph/vegetables/,DOST-PCAARRD,PSA – Crops Production Survey (national & regional crop statistics),https://psa.gov.ph/crops-production-survey
72.4,35.6,58.4,25.71,59.13,6.9,37.45,Loam,onion,PCAARRD ISP – Vegetables Industry Profile (onion),https://ispweb.pcaarrd.dost.gov.ph/vegetables/,DOST-PCAARRD,PSA – Crops Production Survey (national & regional crop statistics),https://psa.gov.ph/crops-production-survey
87.4,47.5,40.9,30.06,79.79,5.75,219.91,Clay,rice,PCAARRD ISP – Rice Industry Profile,https://ispweb.pcaarrd.dost.gov.ph/isp-commodities/rice/,DOST-PCAARRD,PSA – Crops Production Survey (national & regional crop statistics),https://psa.gov.ph/crops-production-survey
14.7,16,32.9,35.02,60.3,5.86,62.55,Clay Loam,mango,PCAARRD ISP – Mango Industry Profile,https://ispweb.pcaarrd.dost.gov.ph/isp-commodities/mango/,DOST-PCAARRD,PSA – Crops Production Survey (national & regional crop statistics),https://psa.gov.ph/crops-production-survey
58.5,50.1,46.9,24.95,75.13,6.55,47.07,Sandy Loam,okra,PCAARRD ISP – Vegetables Industry Profile,https://ispweb.pcaarrd.dost.gov.ph/vegetables/,DOST-PCAARRD,PSA – Crops Production Survey (national & regional crop statistics),https://psa.gov.ph/crops-production-survey
58.1,15.1,73.5,29.52,79.33,5.92,115.45,Volcanic Loam,pineapple,PCAARRD ISP – Queen Pineapple Industry Profile,https://ispweb.pcaarrd.dost.gov.ph/queen-pineapple/,DOST-PCAARRD,PSA – Crops Production Survey (national & regional crop statistics),https://psa.gov.ph/crops-production-survey
82.3,48.2,41.9,24.27,65.67,6.18,51.53,Sandy Loam,garlic,PCAARRD ISP – Vegetables Industry Profile (garlic),https://ispweb.pcaarrd.dost.gov.ph/vegetables/,DOST-PCAARRD,PSA – Crops Production Survey (national & regional crop statistics),https://psa.gov.ph/crops-production-survey
90.6,35.3,65,27.78,83.79,6.07,219.54,Loam,abaca,PCAARRD ISP – Abaca Industry Profile,https://ispweb.pcaarrd.dost.gov.ph/isp-commodities/abaca/,DOST-PCAARRD,PSA – Crops Production Survey (national & regional crop statistics),https://psa.gov.ph/crops-production-survey
51.4,30.4,65.2,27.73,56.62,6.11,76.45,Loam,tobacco,Department of Agriculture – Official Portal,https://www.da.gov.ph/,Department of Agriculture,PSA – Crops Production Survey (national & regional crop statistics),https://psa.gov.ph/crops-production-survey
77.9,32,80.7,30.48,87.29,5.97,250.83,Loam,abaca,PCAARRD ISP – Abaca Industry Profile,https://ispweb.pcaarrd.dost.gov.ph/isp-commodities/abaca/,DOST-PCAARRD,PSA – Crops Production Survey (national & regional crop statistics),https://psa.gov.ph/crops-production-survey
48.1,38,46.3,26.79,79.39,6.25,68.81,Loam,ampalaya,PCAARRD ISP – Vegetables Industry Profile,https://ispweb.pcaarrd.dost.gov.ph/vegetables/,DOST-PCAARRD,PSA – Crops Production Survey (national & regional crop statistics),https://psa.gov.ph/crops-production-survey
22.2,23.4,22.3,27.85,88.58,4.77,194.64,Loam,rubber,PCAARRD ISP – Rubber Industry Profile,https://ispweb.pcaarrd.dost.gov.ph/isp-commodities/rubber/,DOST-PCAARRD,PSA – Crops Production Survey (national & regional crop statistics),https://psa.gov.ph/crops-production-survey
57.4,40.9,43.3,28.3,74.81,6.23,115.58,Clay Loam,ampalaya,PCAARRD ISP – Vegetables Industry Profile,https://ispweb.pcaarrd.dost.gov.ph/vegetables/,DOST-PCAARRD,PSA – Crops Production Survey (national & regional crop statistics),https://psa.gov.ph/crops-production-survey
18.9,41.2,45.5,27.52,67.38,6.09,58.03,Sandy,peanut,PCAARRD ISP – Legumes Industry Profile,https://ispweb.pcaarrd.dost.gov.ph/legumes/,DOST-PCAARRD,PSA – Crops Production Survey (national & regional crop statistics),https://psa.gov.ph/crops-production-survey
55.7,36.5,42.8,27.83,67.72,6.04,61.93,Clay Loam,ampalaya,PCAARRD ISP – Vegetables Industry Profile,https://ispweb.pcaarrd.dost.gov.ph/vegetables/,DOST-PCAARRD,PSA – Crops Production Survey (national & regional crop statistics),https://psa.gov.ph/crops-production-survey
95.1,16.5,34.7,25.01,77.81,4.98,249.03,Volcanic Loam,coffee,PCAARRD ISP – Coffee Industry Profile,https://ispweb.pcaarrd.dost.gov.ph/isp-commodities/coffee/,DOST-PCAARRD,PSA – Crops Production Survey (national & regional crop statistics),https://psa.gov.ph/crops-production-survey
42.4,21.8,90,28.38,64.82,5.5,84.64,Loam,cassava,Department of Agriculture – Official Portal,https://www.da.gov.ph/,Department of Agriculture,PSA – Crops Production Survey (national & regional crop statistics),https://psa.gov.ph/crops-production-survey
101.4,17.5,28.6,24.96,65.95,5.99,160.62,Volcanic Loam,coffee,PCAARRD ISP – Coffee Industry Profile,https://ispweb.pcaarrd.dost.gov.ph/isp-commodities/coffee/,DOST-PCAARRD,PSA – Crops Production Survey (national & regional crop statistics),https://psa.gov.ph/crops-production-survey
48.1,31.2,45.8,25.32,74.09,6.1,60.63,Loam,okra,PCAARRD ISP – Vegetables Industry Profile,https://ispweb.pcaarrd.dost.gov.ph/vegetables/,DOST-PCAARRD,PSA – Crops Production Survey (national & regional crop statistics),https://psa.gov.ph/crops-production-survey
19.1,39.4,50.8,27.49,64.62,6.82,60.77,Sandy Loam,peanut,PCAARRD ISP – Legumes Industry Profile,https://ispweb.pcaarrd.dost.gov.ph/legumes/,DOST-PCAARRD,PSA – Crops Production Survey (national & regional crop statistics),https://psa.gov.ph/crops-production-survey
49.5,21.1,84.8,29.23,69.95,5.59,118.48,Sandy Loam,pineapple,PCAARRD ISP – Queen Pineapple Industry Profile,https://ispweb.pcaarrd.dost.gov.ph/queen-pineapple/,DOST-PCAARRD,PSA – Crops Production Survey (national & regional crop statistics),https://psa.gov.ph/crops-production-survey
81.3,48.9,40.5,26.28,77.54,5.96,179.41,Clay,rice,PCAARRD ISP – Rice Industry Profile,https://ispweb.pcaarrd.dost.gov.ph/isp-commodities/rice/,DOST-PCAARRD,PSA – Crops Production Survey (national & regional crop statistics),https://psa.gov.ph/crops-production-survey
80.6,47.3,42.7,22.65,55.55,6.23,36.08,Loam,onion,PCAARRD ISP – Vegetables Industry Profile (onion),https://ispweb.pcaarrd.dost.gov.ph/vegetables/,DOST-PCAARRD,PSA – Crops Production Survey (national & regional crop statistics),https://psa.gov.ph/crops-production-survey
65.2,37.7,74.8,30.09,85.3,5.7,266.66,Clay Loam,abaca,PCAARRD ISP – Abaca Industry Profile,https://ispweb.pcaarrd.dost.gov.ph/isp-commodities/abaca/,DOST-PCAARRD,PSA – Crops Production Survey (national & regional crop statistics),https://psa.gov.ph/crops-production-survey
52.6,32.9,77.3,24.8,58.08,5.63,51.05,Sandy Loam,tobacco,Department of Agriculture – Official Portal,https://www.da.gov.ph/,Department of Agriculture,PSA – Crops Production Survey (national & regional crop statistics),https://psa.gov.ph/crops-production-survey
63.2,36.7,55.8,25.34,65.22,6,52.8,Sandy Loam,onion,PCAARRD ISP – Vegetables Industry Profile (onion),https://ispweb.pcaarrd.dost.gov.ph/vegetables/,DOST-PCAARRD,PSA – Crops Production Survey (national & regional crop statistics),https://psa.gov.ph/crops-production-survey
87.3,48.4,20.8,31.07,62.77,7.36,99.46,Sandy Loam,corn,DA – Philippine Yellow Corn Industry Roadmap,https://www.da.gov.ph/wp-content/uploads/2023/05/Philippine-Yellow-Corn-Industry-Roadmap.pdf,Department of Agriculture,PSA – Crops Production Survey (national & regional crop statistics),https://psa.gov.ph/crops-production-survey
102.8,25.4,34,22.8,69.44,5.12,247.6,Volcanic Loam,coffee,PCAARRD ISP – Coffee Industry Profile,https://ispweb.pcaarrd.dost.gov.ph/isp-commodities/coffee/,DOST-PCAARRD,PSA – Crops Production Survey (national & regional crop statistics),https://psa.gov.ph/crops-production-survey
96.5,81.4,46.9,30.15,75.99,6.68,155.46,Clay Loam,banana,PCAARRD ISP – Banana Industry Profile,https://ispweb.pcaarrd.dost.gov.ph/isp-commodities/banana/,DOST-PCAARRD,PSA – Crops Production Survey (national & regional crop statistics),https://psa.gov.ph/crops-production-survey
109.2,47.2,42.7,24.17,89.73,6.52,292.7,Clay,rice,PCAARRD ISP – Rice Industry Profile,https://ispweb.pcaarrd.dost.gov.ph/isp-commodities/rice/,DOST-PCAARRD,PSA – Crops Production Survey (national & regional crop statistics),https://psa.gov.ph/crops-production-survey
63,37.9,71.3,26.62,86,5.59,293.98,Volcanic Loam,abaca,PCAARRD ISP – Abaca Industry Profile,https://ispweb.pcaarrd.dost.gov.ph/isp-commodities/abaca/,DOST-PCAARRD,PSA – Crops Production Survey (national & regional crop statistics),https://psa.gov.ph/crops-production-survey
66.3,40.6,39.8,26.94,71,5.71,116.76,Loam,eggplant,PCAARRD ISP – Vegetables Industry Profile,https://ispweb.pcaarrd.dost.gov.ph/vegetables/,DOST-PCAARRD,PSA – Crops Production Survey (national & regional crop statistics),https://psa.gov.ph/crops-production-survey
23.7,13,15.4,27.91,75.29,5.61,109.58,Loam,calamansi,Department of Agriculture – Official Portal,https://www.da.gov.ph/,Department of Agriculture,PSA – Crops Production Survey (national & regional crop statistics),https://psa.gov.ph/crops-production-survey
76,30.6,67.4,32.18,85.14,5.12,235.24,Clay Loam,abaca,PCAARRD ISP – Abaca Industry Profile,https://ispweb.pcaarrd.dost.gov.ph/isp-commodities/abaca/,DOST-PCAARRD,PSA – Crops Production Survey (national & regional crop statistics),https://psa.gov.ph/crops-production-survey
124.4,43.1,51.3,30.04,77.84,6.68,166.98,Loam,sugarcane,PCAARRD ISP – Sugarcane Industry Profile,https://ispweb.pcaarrd.dost.gov.ph/sugarcane/,DOST-PCAARRD,PSA – Crops Production Survey (national & regional crop statistics),https://psa.gov.ph/crops-production-survey
81.6,57.3,23.6,28.36,74.43,6.22,117.32,Clay Loam,corn,DA – Philippine Yellow Corn Industry Roadmap,https://www.da.gov.ph/wp-content/uploads/2023/05/Philippine-Yellow-Corn-Industry-Roadmap.pdf,Department of Agriculture,PSA – Crops Production Survey (national & regional crop statistics),https://psa.gov.ph/crops-production-survey
98.2,51.8,24.7,24.09,74.87,6.01,113.94,Clay Loam,corn,DA – Philippine Yellow Corn Industry Roadmap,https://www.da.gov.ph/wp-content/uploads/2023/05/Philippine-Yellow-Corn-Industry-Roadmap.pdf,Department of Agriculture,PSA – Crops Production Survey (national & regional crop statistics),https://psa.gov.ph/crops-production-survey
136.8,53.8,41.1,26.79,66.12,5.98,111.64,Sandy Loam,sugarcane,PCAARRD ISP – Sugarcane Industry Profile,https://ispweb.pcaarrd.dost.gov.ph/sugarcane/,DOST-PCAARRD,PSA – Crops Production Survey (national & regional crop statistics),https://psa.gov.ph/crops-production-survey
137.6,53.9,41.4,31.73,65.27,6.4,197.88,Sandy Loam,sugarcane,PCAARRD ISP – Sugarcane Industry Profile,https://ispweb.pcaarrd.dost.gov.ph/sugarcane/,DOST-PCAARRD,PSA – Crops Production Survey (national & regional crop statistics),https://psa.gov.ph/crops-production-survey
20.4,30.6,38.1,28.11,68.77,6.7,81.23,Sandy,peanut,PCAARRD ISP – Legumes Industry Profile,https://ispweb.pcaarrd.dost.gov.ph/legumes/,DOST-PCAARRD,PSA – Crops Production Survey (national & regional crop statistics),https://psa.gov.ph/crops-production-survey
39.9,36.1,73.8,27.74,70.43,6.75,113.58,Sandy Loam,sweet_potato,PCAARRD ISP – Sweetpotato Industry Profile,https://ispweb.pcaarrd.dost.gov.ph/sweetpotato/,DOST-PCAARRD,PSA – Crops Production Survey (national & regional crop statistics),https://psa.gov.ph/crops-production-survey
63.7,40.6,65.7,22.31,71.36,5.6,63.52,Sandy Loam,tomato,PCAARRD ISP – Vegetables Industry Profile,https://ispweb.pcaarrd.dost.gov.ph/vegetables/,DOST-PCAARRD,PSA – Crops Production Survey (national & regional crop statistics),https://psa.gov.ph/crops-production-survey
42.5,30.8,80.7,22.36,63.05,5.9,64.96,Sandy Loam,sweet_potato,PCAARRD ISP – Sweetpotato Industry Profile,https://ispweb.pcaarrd.dost.gov.ph/sweetpotato/,DOST-PCAARRD,PSA – Crops Production Survey (national & regional crop statistics),https://psa.gov.ph/crops-production-survey
84.7,48.7,59.2,20.75,63.24,6.28,55.96,Sandy Loam,garlic,PCAARRD ISP – Vegetables Industry Profile (garlic),https://ispweb.pcaarrd.dost.gov.ph/vegetables/,DOST-PCAARRD,PSA – Crops Production Survey (national & regional crop statistics),https://psa.gov.ph/crops-production-survey
44.5,37.1,41.1,26.6,68.33,6.73,106.49,Clay Loam,ampalaya,PCAARRD ISP – Vegetables Industry Profile,https://ispweb.pcaarrd.dost.gov.ph/vegetables/,DOST-PCAARRD,PSA – Crops Production Survey (national & regional crop statistics),https://psa.gov.ph/crops-production-survey
50.7,50.4,47.3,27.99,73.79,6.81,93.19,Clay Loam,ampalaya,PCAARRD ISP – Vegetables Industry Profile,https://ispweb.pcaarrd.dost.gov.ph/vegetables/,DOST-PCAARRD,PSA – Crops Production Survey (national & regional crop statistics),https://psa.gov.ph/crops-production-survey
41.5,30.4,33.7,27.29,70.61,6.33,73.6,Clay Loam,ampalaya,PCAARRD ISP – Vegetables Industry Profile,https://ispweb.pcaarrd.dost.gov.ph/vegetables/,DOST-PCAARRD,PSA – Crops Production Survey (national & regional crop statistics),https://psa.gov.ph/crops-production-survey
68.2,51.2,78.4,21.07,72.17,6.23,60.03,Loam,tomato,PCAARRD ISP – Vegetables Industry Profile,https://ispweb.pcaarrd.dost.gov.ph/vegetables/,DOST-PCAARRD,PSA – Crops Production Survey (national & regional crop statistics),https://psa.gov.ph/crops-production-survey
30.2,22.7,28,27.6,80.96,5.01,185.63,Loam,rubber,PCAARRD ISP – Rubber Industry Profile,https://ispweb.pcaarrd.dost.gov.ph/isp-commodities/rubber/,DOST-PCAARRD,PSA – Crops Production Survey (national & regional crop statistics),https://psa.gov.ph/crops-production-survey
102.5,69.8,51.1,27.93,83.56,6.09,162.83,Clay Loam,banana,PCAARRD ISP – Banana Industry Profile,https://ispweb.pcaarrd.dost.gov.ph/isp-commodities/banana/,DOST-PCAARRD,PSA – Crops Production Survey (national & regional crop statistics),https://psa.gov.ph/crops-production-survey
127.9,56.8,48.7,28.46,63.21,6.23,127.48,Loam,sugarcane,PCAARRD ISP – Sugarcane Industry Profile,https://ispweb.pcaarrd.dost.gov.ph/sugarcane/,DOST-PCAARRD,PSA – Crops Production Survey (national & regional crop statistics),https://psa.gov.ph/crops-production-survey
69.1,41.1,53.1,27.08,71.93,5.62,90.74,Clay Loam,eggplant,PCAARRD ISP – Vegetables Industry Profile,https://ispweb.pcaarrd.dost.gov.ph/vegetables/,DOST-PCAARRD,PSA – Crops Production Survey (national & regional crop statistics),https://psa.gov.ph/crops-production-survey
25.7,45,42,27.62,58.99,5.88,71.34,Sandy Loam,peanut,PCAARRD ISP – Legumes Industry Profile,https://ispweb.pcaarrd.dost.gov.ph/legumes/,DOST-PCAARRD,PSA – Crops Production Survey (national & regional crop statistics),https://psa.gov.ph/crops-production-survey
86.5,32.9,40.7,27.65,83.34,6.01,192.45,Loam,cacao,PCAARRD ISP – Cacao Industry Profile,https://ispweb.pcaarrd.dost.gov.ph/isp-commodities/cacao/,DOST-PCAARRD,PSA – Crops Production Survey (national & regional crop statistics),https://psa.gov.ph/crops-production-survey
46.3,32.4,43.1,31.43,79.36,6.31,116.52,Loam,ampalaya,PCAARRD ISP – Vegetables Industry Profile,https://ispweb.pcaarrd.dost.gov.ph/vegetables/,DOST-PCAARRD,PSA – Crops Production Survey (national & regional crop statistics),https://psa.gov.ph/crops-production-survey
22.7,37.2,35,27.68,68.92,5.85,98.37,Sandy Loam,peanut,PCAARRD ISP – Legumes Industry Profile,https://ispweb.pcaarrd.dost.gov.ph/legumes/,DOST-PCAARRD,PSA – Crops Production Survey (national & regional crop statistics),https://psa.gov.ph/crops-production-survey
96.4,51.6,40.6,28.41,84.52,6.3,152.7,Silty Clay Loam,rice,PCAARRD ISP – Rice Industry Profile,https://ispweb.pcaarrd.dost.gov.ph/isp-commodities/rice/,DOST-PCAARRD,PSA – Crops Production Survey (national & regional crop statistics),https://psa.gov.ph/crops-production-survey
38.8,28.9,24.9,23.86,78.75,5.48,239.98,Volcanic Loam,rubber,PCAARRD ISP – Rubber Industry Profile,https://ispweb.pcaarrd.dost.gov.ph/isp-commodities/rubber/,DOST-PCAARRD,PSA – Crops Production Survey (national & regional crop statistics),https://psa.gov.ph/crops-production-survey
97.2,19.4,28.8,26.15,75.35,5.7,241.72,Volcanic Loam,coffee,PCAARRD ISP – Coffee Industry Profile,https://ispweb.pcaarrd.dost.gov.ph/isp-commodities/coffee/,DOST-PCAARRD,PSA – Crops Production Survey (national & regional crop statistics),https://psa.gov.ph/crops-production-survey
48.1,38.9,80.7,27.54,59.6,5.75,65.34,Sandy Loam,tobacco,Department of Agriculture – Official Portal,https://www.da.gov.ph/,Department of Agriculture,PSA – Crops Production Survey (national & regional crop statistics),https://psa.gov.ph/crops-production-survey
105.9,57.5,42.8,27.32,86.71,6.54,214.52,Clay,rice,PCAARRD ISP – Rice Industry Profile,https://ispweb.pcaarrd.dost.gov.ph/isp-commodities/rice/,DOST-PCAARRD,PSA – Crops Production Survey (national & regional crop statistics),https://psa.gov.ph/crops-production-survey
56.6,50.9,35.8,29.08,72.36,6.27,101.24,Clay Loam,ampalaya,PCAARRD ISP – Vegetables Industry Profile,https://ispweb.pcaarrd.dost.gov.ph/vegetables/,DOST-PCAARRD,PSA – Crops Production Survey (national & regional crop statistics),https://psa.gov.ph/crops-production-survey
29.6,24.6,22.9,28.16,87.71,5.36,217.73,Volcanic Loam,rubber,PCAARRD ISP – Rubber Industry Profile,https://ispweb.pcaarrd.dost.gov.ph/isp-commodities/rubber/,DOST-PCAARRD,PSA – Crops Production Survey (national & regional crop statistics),https://psa.gov.ph/crops-production-survey
41.5,38.6,47.2,29.28,70.87,6.25,109.95,Loam,ampalaya,PCAARRD ISP – Vegetables Industry Profile,https://ispweb.pcaarrd.dost.gov.ph/vegetables/,DOST-PCAARRD,PSA – Crops Production Survey (national & regional crop statistics),https://psa.gov.ph/crops-production-survey
92.5,56.3,20.8,29,61.31,7.25,86.41,Loam,corn,DA – Philippine Yellow Corn Industry Roadmap,https://www.da.gov.ph/wp-content/uploads/2023/05/Philippine-Yellow-Corn-Industry-Roadmap.pdf,Department of Agriculture,PSA – Crops Production Survey (national & regional crop statistics),https://psa.gov.ph/crops-production-survey
58.6,24.5,60.1,23.86,68.86,5.94,36.4,Sandy Loam,tobacco,Department of Agriculture – Official Portal,https://www.da.gov.ph/,Department of Agriculture,PSA – Crops Production Survey (national & regional crop statistics),https://psa.gov.ph/crops-production-survey
86.9,23.8,88,27.63,83.96,6.12,288.77,Volcanic Loam,abaca,PCAARRD ISP – Abaca Industry Profile,https://ispweb.pcaarrd.dost.gov.ph/isp-commodities/abaca/,DOST-PCAARRD,PSA – Crops Production Survey (national & regional crop statistics),https://psa.gov.ph/crops-production-survey
44.5,38.9,46.2,26.72,74.18,6.06,79.77,Clay Loam,ampalaya,PCAARRD ISP – Vegetables Industry Profile,https://ispweb.pcaarrd.dost.gov.ph/vegetables/,DOST-PCAARRD,PSA – Crops Production Survey (national & regional crop statistics),https://psa.gov.ph/crops-production-survey
71.4,55.2,59.6,26.12,67.42,5.64,76.47,Clay Loam,eggplant,PCAARRD ISP – Vegetables Industry Profile,https://ispweb.pcaarrd.dost.gov.ph/vegetables/,DOST-PCAARRD,PSA – Crops Production Survey (national & regional crop statistics),https://psa.gov.ph/crops-production-survey
56.7,23.4,75.8,28.04,63.99,5.89,71.04,Sandy Loam,cassava,Department of Agriculture – Official Portal,https://www.da.gov.ph/,Department of Agriculture,PSA – Crops Production Survey (national & regional crop statistics),https://psa.gov.ph/crops-production-survey
54.7,25.4,65.4,26.55,78.96,5.16,125.43,Sandy Loam,pineapple,PCAARRD ISP – Queen Pineapple Industry Profile,https://ispweb.pcaarrd.dost.gov.ph/queen-pineapple/,DOST-PCAARRD,PSA – Crops Production Survey (national & regional crop statistics),https://psa.gov.ph/crops-production-survey
59,63.3,49.5,26.89,71.86,6.26,185.99,Clay Loam,papaya,Department of Agriculture – Official Portal,https://www.da.gov.ph/,Department of Agriculture,PSA – Crops Production Survey (national & regional crop statistics),https://psa.gov.ph/crops-production-survey
111,43.7,40.7,24.68,75.12,5.72,246.27,Clay,rice,PCAARRD ISP – Rice Industry Profile,https://ispweb.pcaarrd.dost.gov.ph/isp-commodities/rice/,DOST-PCAARRD,PSA – Crops Production Survey (national & regional crop statistics),https://psa.gov.ph/crops-production-survey
21.3,18.2,21.8,27,82.54,5.45,109.65,Loam,calamansi,Department of Agriculture – Official Portal,https://www.da.gov.ph/,Department of Agriculture,PSA – Crops Production Survey (national & regional crop statistics),https://psa.gov.ph/crops-production-survey
20,14,14.6,29.39,83.34,5.62,179.59,Clay Loam,calamansi,Department of Agriculture – Official Portal,https://www.da.gov.ph/,Department of Agriculture,PSA – Crops Production Survey (national & regional crop statistics),https://psa.gov.ph/crops-production-survey
23.9,6.4,26.4,31.09,80.44,6.63,140.2,Sandy,coconut,PCAARRD ISP – Coconut Industry Profile,https://ispweb.pcaarrd.dost.gov.ph/isp-commodities/coconut/,DOST-PCAARRD,PSA – Crops Production Survey (national & regional crop statistics),https://psa.gov.ph/crops-production-survey
115.6,57.3,41.4,24.97,71.86,5.86,177.13,Sandy Loam,sugarcane,PCAARRD ISP – Sugarcane Industry Profile,https://ispweb.pcaarrd.dost.gov.ph/sugarcane/,DOST-PCAARRD,PSA – Crops Production Survey (national & regional crop statistics),https://psa.gov.ph/crops-production-survey
25.9,47.1,45,27.29,57.31,6.45,81.05,Sandy,peanut,PCAARRD ISP – Legumes Industry Profile,https://ispweb.pcaarrd.dost.gov.ph/legumes/,DOST-PCAARRD,PSA – Crops Production Survey (national & regional crop statistics),https://psa.gov.ph/crops-production-survey
20.6,19.6,34.4,34.54,52.89,6.12,68.72,Clay Loam,mango,PCAARRD ISP – Mango Industry Profile,https://ispweb.pcaarrd.dost.gov.ph/isp-commodities/mango/,DOST-PCAARRD,PSA – Crops Production Survey (national & regional crop statistics),https://psa.gov.ph/crops-production-survey
90.5,52.2,41.9,24.91,79.41,6.27,176.62,Clay,rice,PCAARRD ISP – Rice Industry Profile,https://ispweb.pcaarrd.dost.gov.ph/isp-commodities/rice/,DOST-PCAARRD,PSA – Crops Production Survey (national & regional crop statistics),https://psa.gov.ph/crops-production-survey
104.3,17.1,34.9,23.47,78.25,5.53,181.88,Clay Loam,coffee,PCAARRD ISP – Coffee Industry Profile,https://ispweb.pcaarrd.dost.gov.ph/isp-commodities/coffee/,DOST-PCAARRD,PSA – Crops Production Survey (national & regional crop statistics),https://psa.gov.ph/crops-production-survey
67.1,24.8,71.9,28.65,84.09,5.99,222.01,Clay Loam,abaca,PCAARRD ISP – Abaca Industry Profile,https://ispweb.pcaarrd.dost.gov.ph/isp-commodities/abaca/,DOST-PCAARRD,PSA – Crops Production Survey (national & regional crop statistics),https://psa.gov.ph/crops-production-survey
76.9,47.8,79,24.13,63.43,6.06,86.69,Sandy Loam,tomato,PCAARRD ISP – Vegetables Industry Profile,https://ispweb.pcaarrd.dost.gov.ph/vegetables/,DOST-PCAARRD,PSA – Crops Production Survey (national & regional crop statistics),https://psa.gov.ph/crops-production-survey
14.9,5.7,31,25.21,80.81,5.8,153.17,Sandy Loam,coconut,PCAARRD ISP – Coconut Industry Profile,https://ispweb.pcaarrd.dost.gov.ph/isp-commodities/coconut/,DOST-PCAARRD,PSA – Crops Production Survey (national & regional crop statistics),https://psa.gov.ph/crops-production-survey
43,45.5,38.5,27.1,69.31,6.28,55.69,Loam,okra,PCAARRD ISP – Vegetables Industry Profile,https://ispweb.pcaarrd.dost.gov.ph/vegetables/,DOST-PCAARRD,PSA – Crops Production Survey (national & regional crop statistics),https://psa.gov.ph/crops-production-survey
40.4,27.4,81,27.01,62.79,6.55,97.84,Loam,sweet_potato,PCAARRD ISP – Sweetpotato Industry Profile,https://ispweb.pcaarrd.dost.gov.ph/sweetpotato/,DOST-PCAARRD,PSA – Crops Production Survey (national & regional crop statistics),https://psa.gov.ph/crops-production-survey
109.3,98.2,47,26.34,86.02,5.66,114.94,Clay Loam,banana,PCAARRD ISP – Banana Industry Profile,https://ispweb.pcaarrd.dost.gov.ph/isp-commodities/banana/,DOST-PCAARRD,PSA – Crops Production Survey (national & regional crop statistics),https://psa.gov.ph/crops-production-survey
54.2,22.5,86.3,25.58,71.54,5.16,142.88,Sandy Loam,pineapple,PCAARRD ISP – Queen Pineapple Industry Profile,https://ispweb.pcaarrd.dost.gov.ph/queen-pineapple/,DOST-PCAARRD,PSA – Crops Production Survey (national & regional crop statistics),https://psa.gov.ph/crops-production-survey
44.9,29.7,69.6,28.08,60.41,5.62,62.75,Sandy Loam,cassava,Department of Agriculture – Official Portal,https://www.da.gov.ph/,Department of Agriculture,PSA – Crops Production Survey (national & regional crop statistics),https://psa.gov.ph/crops-production-survey
52,46.5,33.3,30.91,70.58,6.12,91.94,Sandy Loam,okra,PCAARRD ISP – Vegetables Industry Profile,https://ispweb.pcaarrd.dost.gov.ph/vegetables/,DOST-PCAARRD,PSA – Crops Production Survey (national & regional crop statistics),https://psa.gov.ph/crops-production-survey
90.1,85.3,48.9,30,87.83,6.32,149.36,Clay Loam,banana,PCAARRD ISP – Banana Industry Profile,https://ispweb.pcaarrd.dost.gov.ph/isp-commodities/banana/,DOST-PCAARRD,PSA – Crops Production Survey (national & regional crop statistics),https://psa.gov.ph/crops-production-survey
97.4,48.4,22.9,24.09,63.95,5.88,96.97,Clay Loam,corn,DA – Philippine Yellow Corn Industry Roadmap,https://www.da.gov.ph/wp-content/uploads/2023/05/Philippine-Yellow-Corn-Industry-Roadmap.pdf,Department of Agriculture,PSA – Crops Production Survey (national & regional crop statistics),https://psa.gov.ph/crops-production-survey
40.7,47.9,44.8,24.52,64.6,6.76,73.77,Loam,okra,PCAARRD ISP – Vegetables Industry Profile,https://ispweb.pcaarrd.dost.gov.ph/vegetables/,DOST-PCAARRD,PSA – Crops Production Survey (national & regional crop statistics),https://psa.gov.ph/crops-production-survey
43.3,19.3,81.8,26.33,63.74,5.74,118.49,Loam,sweet_potato,PCAARRD ISP – Sweetpotato Industry Profile,https://ispweb.pcaarrd.dost.gov.ph/sweetpotato/,DOST-PCAARRD,PSA – Crops Production Survey (national & regional crop statistics),https://psa.gov.ph/crops-production-survey
42.7,63.9,47,27.31,81.93,6.43,146.26,Clay Loam,papaya,Department of Agriculture – Official Portal,https://www.da.gov.ph/,Department of Agriculture,PSA – Crops Production Survey (national & regional crop statistics),https://psa.gov.ph/crops-production-survey
85.7,34.3,84.5,28.78,93.23,5.19,219.71,Loam,abaca,PCAARRD ISP – Abaca Industry Profile,https://ispweb.pcaarrd.dost.gov.ph/isp-commodities/abaca/,DOST-PCAARRD,PSA – Crops Production Survey (national & regional crop statistics),https://psa.gov.ph/crops-production-survey
45.9,32.3,72.6,32.25,64.21,6.54,97.23,Sandy Loam,cassava,Department of Agriculture – Official Portal,https://www.da.gov.ph/,Department of Agriculture,PSA – Crops Production Survey (national & regional crop statistics),https://psa.gov.ph/crops-production-survey
97.8,51.3,21,24.96,73.67,6.84,91.82,Sandy Loam,corn,DA – Philippine Yellow Corn Industry Roadmap,https://www.da.gov.ph/wp-content/uploads/2023/05/Philippine-Yellow-Corn-Industry-Roadmap.pdf,Department of Agriculture,PSA – Crops Production Survey (national & regional crop statistics),https://psa.gov.ph/crops-production-survey
83.5,46.6,82.6,26.99,64.35,6.63,69.39,Sandy Loam,tomato,PCAARRD ISP – Vegetables Industry Profile,https://ispweb.pcaarrd.dost.gov.ph/vegetables/,DOST-PCAARRD,PSA – Crops Production Survey (national & regional crop statistics),https://psa.gov.ph/crops-production-survey
87.5,46,38.8,23.04,66.73,6.62,83.56,Loam,eggplant,PCAARRD ISP – Vegetables Industry Profile,https://ispweb.pcaarrd.dost.gov.ph/vegetables/,DOST-PCAARRD,PSA – Crops Production Survey (national & regional crop statistics),https://psa.gov.ph/crops-production-survey
53,25.1,62.3,30.35,70.32,6.29,63.7,Loam,cassava,Department of Agriculture – Official Portal,https://www.da.gov.ph/,Department of Agriculture,PSA – Crops Production Survey (national & regional crop statistics),https://psa.gov.ph/crops-production-survey
48.5,48.7,50,31.32,70.39,6.58,79.03,Sandy Loam,okra,PCAARRD ISP – Vegetables Industry Profile,https://ispweb.pcaarrd.dost.gov.ph/vegetables/,DOST-PCAARRD,PSA – Crops Production Survey (national & regional crop statistics),https://psa.gov.ph/crops-production-survey
67.6,27.9,66.2,23.66,56.99,5.68,68.48,Loam,tobacco,Department of Agriculture – Official Portal,https://www.da.gov.ph/,Department of Agriculture,PSA – Crops Production Survey (national & regional crop statistics),https://psa.gov.ph/crops-production-survey
40.7,38.5,30.8,30.66,67.06,6.25,58.71,Sandy Loam,okra,PCAARRD ISP – Vegetables Industry Profile,https://ispweb.pcaarrd.dost.gov.ph/vegetables/,DOST-PCAARRD,PSA – Crops Production Survey (national & regional crop statistics),https://psa.gov.ph/crops-production-survey
79,39.3,55.2,21.55,63.74,6.15,40.88,Loam,onion,PCAARRD ISP – Vegetables Industry Profile (onion),https://ispweb.pcaarrd.dost.gov.ph/vegetables/,DOST-PCAARRD,PSA – Crops Production Survey (national & regional crop statistics),https://psa.gov.ph/crops-production-survey
57.4,38.5,84.6,27.22,64.66,6.4,76.86,Loam,tobacco,Department of Agriculture – Official Portal,https://www.da.gov.ph/,Department of Agriculture,PSA – Crops Production Survey (national & regional crop statistics),https://psa.gov.ph/crops-production-survey
52.7,49.6,53,25.31,75.75,5.78,163.86,Loam,papaya,Department of Agriculture – Official Portal,https://www.da.gov.ph/,Department of Agriculture,PSA – Crops Production Survey (national & regional crop statistics),https://psa.gov.ph/crops-production-survey
57.3,33.3,45.1,26.42,72.53,6.66,100.3,Loam,ampalaya,PCAARRD ISP – Vegetables Industry Profile,https://ispweb.pcaarrd.dost.gov.ph/vegetables/,DOST-PCAARRD,PSA – Crops Production Survey (national & regional crop statistics),https://psa.gov.ph/crops-production-survey
70.2,36.8,78.5,25.79,61.88,6.41,79.97,Sandy Loam,tobacco,Department of Agriculture – Official Portal,https://www.da.gov.ph/,Department of Agriculture,PSA – Crops Production Survey (national & regional crop statistics),https://psa.gov.ph/crops-production-survey
39.5,32.4,74.4,25.04,65.36,5.79,50.13,Sandy Loam,tobacco,Department of Agriculture – Official Portal,https://www.da.gov.ph/,Department of Agriculture,PSA – Crops Production Survey (national & regional crop statistics),https://psa.gov.ph/crops-production-survey
16.6,36.6,24.1,29.07,62.24,6.86,59.1,Loam,mungbean,PCAARRD ISP – Legumes Industry Profile,https://ispweb.pcaarrd.dost.gov.ph/legumes/,DOST-PCAARRD,PSA – Crops Production Survey (national & regional crop statistics),https://psa.gov.ph/crops-production-survey
55.1,41.6,39.6,25.74,67,6.09,89.52,Sandy Loam,okra,PCAARRD ISP – Vegetables Industry Profile,https://ispweb.pcaarrd.dost.gov.ph/vegetables/,DOST-PCAARRD,PSA – Crops Production Survey (national & regional crop statistics),https://psa.gov.ph/crops-production-survey
24.9,12.8,21.3,26.98,77.59,6.33,142.09,Sandy Loam,calamansi,Department of Agriculture – Official Portal,https://www.da.gov.ph/,Department of Agriculture,PSA – Crops Production Survey (national & regional crop statistics),https://psa.gov.ph/crops-production-survey
68.7,34.4,50.1,22.45,57.35,6.25,68.36,Loam,onion,PCAARRD ISP – Vegetables Industry Profile (onion),https://ispweb.pcaarrd.dost.gov.ph/vegetables/,DOST-PCAARRD,PSA – Crops Production Survey (national & regional crop statistics),https://psa.gov.ph/crops-production-survey
71.5,32.4,65.3,30.09,93.54,5.98,288.28,Volcanic Loam,abaca,PCAARRD ISP – Abaca Industry Profile,https://ispweb.pcaarrd.dost.gov.ph/isp-commodities/abaca/,DOST-PCAARRD,PSA – Crops Production Survey (national & regional crop statistics),https://psa.gov.ph/crops-production-survey
68.9,42.5,52.9,25.79,60.49,6.24,62.2,Sandy Loam,onion,PCAARRD ISP – Vegetables Industry Profile (onion),https://ispweb.pcaarrd.dost.gov.ph/vegetables/,DOST-PCAARRD,PSA – Crops Production Survey (national & regional crop statistics),https://psa.gov.ph/crops-production-survey
96.3,92.6,50.8,28.13,84.33,5.72,127.54,Clay Loam,banana,PCAARRD ISP – Banana Industry Profile,https://ispweb.pcaarrd.dost.gov.ph/isp-commodities/banana/,DOST-PCAARRD,PSA – Crops Production Survey (national & regional crop statistics),https://psa.gov.ph/crops-production-survey
56.4,49.9,47.6,33.43,82.13,6.52,185.57,Clay Loam,papaya,Department of Agriculture – Official Portal,https://www.da.gov.ph/,Department of Agriculture,PSA – Crops Production Survey (national & regional crop statistics),https://psa.gov.ph/crops-production-survey
35.4,22.4,20.6,28.11,82.45,5.43,195.17,Clay Loam,rubber,PCAARRD ISP – Rubber Industry Profile,https://ispweb.pcaarrd.dost.gov.ph/isp-commodities/rubber/,DOST-PCAARRD,PSA – Crops Production Survey (national & regional crop statistics),https://psa.gov.ph/crops-production-survey
50.9,44.5,46,27.65,74.35,6.46,115.53,Loam,ampalaya,PCAARRD ISP – Vegetables Industry Profile,https://ispweb.pcaarrd.dost.gov.ph/vegetables/,DOST-PCAARRD,PSA – Crops Production Survey (national & regional crop statistics),https://psa.gov.ph/crops-production-survey
104.1,99.5,46.2,31.44,75.35,5.64,147.12,Loam,banana,PCAARRD ISP – Banana Industry Profile,https://ispweb.pcaarrd.dost.gov.ph/isp-commodities/banana/,DOST-PCAARRD,PSA – Crops Production Survey (national & regional crop statistics),https://psa.gov.ph/crops-production-survey
86.3,39.2,59.8,24.97,77.38,5.75,97.74,Loam,eggplant,PCAARRD ISP – Vegetables Industry Profile,https://ispweb.pcaarrd.dost.gov.ph/vegetables/,DOST-PCAARRD,PSA – Crops Production Survey (national & regional crop statistics),https://psa.gov.ph/crops-production-survey
73.6,46.6,41.6,22.3,74.13,6.11,80.34,Clay Loam,eggplant,PCAARRD ISP – Vegetables Industry Profile,https://ispweb.pcaarrd.dost.gov.ph/vegetables/,DOST-PCAARRD,PSA – Crops Production Survey (national & regional crop statistics),https://psa.gov.ph/crops-production-survey
14.6,6.3,32.8,26.89,78.98,6.9,139.39,Sandy Loam,coconut,PCAARRD ISP – Coconut Industry Profile,https://ispweb.pcaarrd.dost.gov.ph/isp-commodities/coconut/,DOST-PCAARRD,PSA – Crops Production Survey (national & regional crop statistics),https://psa.gov.ph/crops-production-survey
19.6,46.8,24.5,28.83,66.81,6.49,62.73,Loam,mungbean,PCAARRD ISP – Legumes Industry Profile,https://ispweb.pcaarrd.dost.gov.ph/legumes/,DOST-PCAARRD,PSA – Crops Production Survey (national & regional crop statistics),https://psa.gov.ph/crops-production-survey
62.1,32.1,89,30.76,82.44,6.32,262.72,Loam,abaca,PCAARRD ISP – Abaca Industry Profile,https://ispweb.pcaarrd.dost.gov.ph/isp-commodities/abaca/,DOST-PCAARRD,PSA – Crops Production Survey (national & regional crop statistics),https://psa.gov.ph/crops-production-survey
90.4,40.2,46.1,24.37,58.08,6.39,67.25,Sandy Loam,garlic,PCAARRD ISP – Vegetables Industry Profile (garlic),https://ispweb.pcaarrd.dost.gov.ph/vegetables/,DOST-PCAARRD,PSA – Crops Production Survey (national & regional crop statistics),https://psa.gov.ph/crops-production-survey
99,92.6,45.4,27.49,87.36,5.82,116.55,Loam,banana,PCAARRD ISP – Banana Industry Profile,https://ispweb.pcaarrd.dost.gov.ph/isp-commodities/banana/,DOST-PCAARRD,PSA – Crops Production Survey (national & regional crop statistics),https://psa.gov.ph/crops-production-survey
32.1,24.6,31.4,28,81.85,5.89,245.33,Loam,rubber,PCAARRD ISP – Rubber Industry Profile,https://ispweb.pcaarrd.dost.gov.ph/isp-commodities/rubber/,DOST-PCAARRD,PSA – Crops Production Survey (national & regional crop statistics),https://psa.gov.ph/crops-production-survey
20.6,39.2,20.9,28.45,67.45,6.73,66.52,Sandy Loam,mungbean,PCAARRD ISP – Legumes Industry Profile,https://ispweb.pcaarrd.dost.gov.ph/legumes/,DOST-PCAARRD,PSA – Crops Production Survey (national & regional crop statistics),https://psa.gov.ph/crops-production-survey
79.7,24.2,60.7,29.82,84.96,5.22,262.85,Volcanic Loam,abaca,PCAARRD ISP – Abaca Industry Profile,https://ispweb.pcaarrd.dost.gov.ph/isp-commodities/abaca/,DOST-PCAARRD,PSA – Crops Production Survey (national & regional crop statistics),https://psa.gov.ph/crops-production-survey
24.1,16.2,26.6,32.29,63.69,5.53,92.93,Clay Loam,mango,PCAARRD ISP – Mango Industry Profile,https://ispweb.pcaarrd.dost.gov.ph/isp-commodities/mango/,DOST-PCAARRD,PSA – Crops Production Survey (national & regional crop statistics),https://psa.gov.ph/crops-production-survey
74.9,24.6,69.7,29.83,80.68,5.58,293.87,Clay Loam,abaca,PCAARRD ISP – Abaca Industry Profile,https://ispweb.pcaarrd.dost.gov.ph/isp-commodities/abaca/,DOST-PCAARRD,PSA – Crops Production Survey (national & regional crop statistics),https://psa.gov.ph/crops-production-survey
104.4,87.1,49.1,28.67,74.75,6.63,107.08,Clay Loam,banana,PCAARRD ISP – Banana Industry Profile,https://ispweb.pcaarrd.dost.gov.ph/isp-commodities/banana/,DOST-PCAARRD,PSA – Crops Production Survey (national & regional crop statistics),https://psa.gov.ph/crops-production-survey
53,21.8,75.1,25.45,74.57,4.8,91.99,Sandy Loam,pineapple,PCAARRD ISP – Queen Pineapple Industry Profile,https://ispweb.pcaarrd.dost.gov.ph/queen-pineapple/,DOST-PCAARRD,PSA – Crops Production Survey (national & regional crop statistics),https://psa.gov.ph/crops-production-survey
44,33.3,44.5,29.63,71.86,6.56,114.28,Loam,ampalaya,PCAARRD ISP – Vegetables Industry Profile,https://ispweb.pcaarrd.dost.gov.ph/vegetables/,DOST-PCAARRD,PSA – Crops Production Survey (national & regional crop statistics),https://psa.gov.ph/crops-production-survey
66.8,38.1,49.9,24.53,81.76,6.84,214.15,Clay Loam,cacao,PCAARRD ISP – Cacao Industry Profile,https://ispweb.pcaarrd.dost.gov.ph/isp-commodities/cacao/,DOST-PCAARRD,PSA – Crops Production Survey (national & regional crop statistics),https://psa.gov.ph/crops-production-survey
78.8,37.6,73.1,26.02,81.67,5.03,204.03,Volcanic Loam,abaca,PCAARRD ISP – Abaca Industry Profile,https://ispweb.pcaarrd.dost.gov.ph/isp-commodities/abaca/,DOST-PCAARRD,PSA – Crops Production Survey (national & regional crop statistics),https://psa.gov.ph/crops-production-survey
16,9.8,25.3,26.45,82.64,5.87,151.93,Clay Loam,calamansi,Department of Agriculture – Official Portal,https://www.da.gov.ph/,Department of Agriculture,PSA – Crops Production Survey (national & regional crop statistics),https://psa.gov.ph/crops-production-survey
24.1,34.7,29.6,25.02,71.84,6.93,71.55,Sandy Loam,mungbean,PCAARRD ISP – Legumes Industry Profile,https://ispweb.pcaarrd.dost.gov.ph/legumes/,DOST-PCAARRD,PSA – Crops Production Survey (national & regional crop statistics),https://psa.gov.ph/crops-production-survey
71.9,33.7,45.9,27.65,83.13,6.1,170.4,Volcanic Loam,cacao,PCAARRD ISP – Cacao Industry Profile,https://ispweb.pcaarrd.dost.gov.ph/isp-commodities/cacao/,DOST-PCAARRD,PSA – Crops Production Survey (national & regional crop statistics),https://psa.gov.ph/crops-production-survey
110,22.7,31.7,20.08,77.2,6.15,216.31,Volcanic Loam,coffee,PCAARRD ISP – Coffee Industry Profile,https://ispweb.pcaarrd.dost.gov.ph/isp-commodities/coffee/,DOST-PCAARRD,PSA – Crops Production Survey (national & regional crop statistics),https://psa.gov.ph/crops-production-survey
43.5,20.7,76.4,32.16,69.28,6.53,79.79,Sandy Loam,cassava,Department of Agriculture – Official Portal,https://www.da.gov.ph/,Department of Agriculture,PSA – Crops Production Survey (national & regional crop statistics),https://psa.gov.ph/crops-production-survey
49.8,33.6,42.6,25.56,69.99,6.61,52.56,Sandy Loam,okra,PCAARRD ISP – Vegetables Industry Profile,https://ispweb.pcaarrd.dost.gov.ph/vegetables/,DOST-PCAARRD,PSA – Crops Production Survey (national & regional crop statistics),https://psa.gov.ph/crops-production-survey
59,25.8,63.3,28.97,59.04,5.66,139.82,Sandy Loam,cassava,Department of Agriculture – Official Portal,https://www.da.gov.ph/,Department of Agriculture,PSA – Crops Production Survey (national & regional crop statistics),https://psa.gov.ph/crops-production-survey
87.1,57.4,76.6,26.44,63.78,5.77,87.95,Loam,tomato,PCAARRD ISP – Vegetables Industry Profile,https://ispweb.pcaarrd.dost.gov.ph/vegetables/,DOST-PCAARRD,PSA – Crops Production Survey (national & regional crop statistics),https://psa.gov.ph/crops-production-survey
49.9,55.7,49.6,30.79,87.28,6.37,125.73,Sandy Loam,papaya,Department of Agriculture – Official Portal,https://www.da.gov.ph/,Department of Agriculture,PSA – Crops Production Survey (national & regional crop statistics),https://psa.gov.ph/crops-production-survey
15.9,15.9,22.1,28.58,81.57,5.68,134.42,Loam,calamansi,Department of Agriculture – Official Portal,https://www.da.gov.ph/,Department of Agriculture,PSA – Crops Production Survey (national & regional crop statistics),https://psa.gov.ph/crops-production-survey
83.5,53.3,24.3,27.13,64.18,5.73,102.99,Loam,corn,DA – Philippine Yellow Corn Industry Roadmap,https://www.da.gov.ph/wp-content/uploads/2023/05/Philippine-Yellow-Corn-Industry-Roadmap.pdf,Department of Agriculture,PSA – Crops Production Survey (national & regional crop statistics),https://psa.gov.ph/crops-production-survey
68.2,37.1,47.1,28.81,78.04,6.67,206.91,Clay Loam,cacao,PCAARRD ISP – Cacao Industry Profile,https://ispweb.pcaarrd.dost.gov.ph/isp-commodities/cacao/,DOST-PCAARRD,PSA – Crops Production Survey (national & regional crop statistics),https://psa.gov.ph/crops-production-survey
21.7,16.7,17.7,30.2,84.94,6.11,100.38,Sandy Loam,calamansi,Department of Agriculture – Official Portal,https://www.da.gov.ph/,Department of Agriculture,PSA – Crops Production Survey (national & regional crop statistics),https://psa.gov.ph/crops-production-survey
56.5,26.7,82.1,29.8,66.05,5.79,120.23,Sandy Loam,cassava,Department of Agriculture – Official Portal,https://www.da.gov.ph/,Department of Agriculture,PSA – Crops Production Survey (national & regional crop statistics),https://psa.gov.ph/crops-production-survey
116.4,79.4,50,28.19,79.42,5.51,116.59,Loam,banana,PCAARRD ISP – Banana Industry Profile,https://ispweb.pcaarrd.dost.gov.ph/isp-commodities/banana/,DOST-PCAARRD,PSA – Crops Production Survey (national & regional crop statistics),https://psa.gov.ph/crops-production-survey
58.5,26.6,63.5,26.36,54.58,5.31,71.05,Sandy,cassava,Department of Agriculture – Official Portal,https://www.da.gov.ph/,Department of Agriculture,PSA – Crops Production Survey (national & regional crop statistics),https://psa.gov.ph/crops-production-survey
20.1,21.6,27.3,27.09,66.53,6.63,69.24,Loam,mango,PCAARRD ISP – Mango Industry Profile,https://ispweb.pcaarrd.dost.gov.ph/isp-commodities/mango/,DOST-PCAARRD,PSA – Crops Production Survey (national & regional crop statistics),https://psa.gov.ph/crops-production-survey
70.6,34.9,45,31.17,77.49,6.13,195.28,Clay Loam,cacao,PCAARRD ISP – Cacao Industry Profile,https://ispweb.pcaarrd.dost.gov.ph/isp-commodities/cacao/,DOST-PCAARRD,PSA – Crops Production Survey (national & regional crop statistics),https://psa.gov.ph/crops-production-survey
17.3,49,22.1,31.42,60.8,6.91,47.89,Sandy Loam,mungbean,PCAARRD ISP – Legumes Industry Profile,https://ispweb.pcaarrd.dost.gov.ph/legumes/,DOST-PCAARRD,PSA – Crops Production Survey (national & regional crop statistics),https://psa.gov.ph/crops-production-survey
71.6,26.4,70,25.37,94.83,6.12,233.84,Clay Loam,abaca,PCAARRD ISP – Abaca Industry Profile,https://ispweb.pcaarrd.dost.gov.ph/isp-commodities/abaca/,DOST-PCAARRD,PSA – Crops Production Survey (national & regional crop statistics),https://psa.gov.ph/crops-production-survey
24.7,31.3,31.6,29.53,68.42,5.84,64.49,Sandy Loam,peanut,PCAARRD ISP – Legumes Industry Profile,https://ispweb.pcaarrd.dost.gov.ph/legumes/,DOST-PCAARRD,PSA – Crops Production Survey (national & regional crop statistics),https://psa.gov.ph/crops-production-survey
64.1,49.9,54.8,21.84,64.55,6.63,32.02,Loam,garlic,PCAARRD ISP – Vegetables Industry Profile (garlic),https://ispweb.pcaarrd.dost.gov.ph/vegetables/,DOST-PCAARRD,PSA – Crops Production Survey (national & regional crop statistics),https://psa.gov.ph/crops-production-survey
82.2,44.2,25.1,27.85,65.07,7.09,116.19,Loam,corn,DA – Philippine Yellow Corn Industry Roadmap,https://www.da.gov.ph/wp-content/uploads/2023/05/Philippine-Yellow-Corn-Industry-Roadmap.pdf,Department of Agriculture,PSA – Crops Production Survey (national & regional crop statistics),https://psa.gov.ph/crops-production-survey
63.6,42.2,42.6,25.3,67.32,6.95,66.95,Sandy Loam,garlic,PCAARRD ISP – Vegetables Industry Profile (garlic),https://ispweb.pcaarrd.dost.gov.ph/vegetables/,DOST-PCAARRD,PSA – Crops Production Survey (national & regional crop statistics),https://psa.gov.ph/crops-production-survey
49.3,55.7,50.2,27.35,87.4,6.7,150.88,Sandy Loam,papaya,Department of Agriculture – Official Portal,https://www.da.gov.ph/,Department of Agriculture,PSA – Crops Production Survey (national & regional crop statistics),https://psa.gov.ph/crops-production-survey
18,18.4,21.8,31.92,70.84,5.74,122.24,Sandy Loam,calamansi,Department of Agriculture – Official Portal,https://www.da.gov.ph/,Department of Agriculture,PSA – Crops Production Survey (national & regional crop statistics),https://psa.gov.ph/crops-production-survey
81.9,43.1,56.5,24.09,69.28,6.29,51.86,Loam,onion,PCAARRD ISP – Vegetables Industry Profile (onion),https://ispweb.pcaarrd.dost.gov.ph/vegetables/,DOST-PCAARRD,PSA – Crops Production Survey (national & regional crop statistics),https://psa.gov.ph/crops-production-survey
22.3,10.1,16.4,30.14,76.8,6.29,143.58,Clay Loam,calamansi,Department of Agriculture – Official Portal,https://www.da.gov.ph/,Department of Agriculture,PSA – Crops Production Survey (national & regional crop statistics),https://psa.gov.ph/crops-production-survey
28.1,22.1,29.7,27.01,89.62,5.01,250.03,Clay Loam,rubber,PCAARRD ISP – Rubber Industry Profile,https://ispweb.pcaarrd.dost.gov.ph/isp-commodities/rubber/,DOST-PCAARRD,PSA – Crops Production Survey (national & regional crop statistics),https://psa.gov.ph/crops-production-survey
78,38.7,42.2,25.35,55.15,6.3,66.38,Sandy Loam,garlic,PCAARRD ISP – Vegetables Industry Profile (garlic),https://ispweb.pcaarrd.dost.gov.ph/vegetables/,DOST-PCAARRD,PSA – Crops Production Survey (national & regional crop statistics),https://psa.gov.ph/crops-production-survey
94.4,28.1,26.3,24.72,64.89,5.3,181.14,Volcanic Loam,coffee,PCAARRD ISP – Coffee Industry Profile,https://ispweb.pcaarrd.dost.gov.ph/isp-commodities/coffee/,DOST-PCAARRD,PSA – Crops Production Survey (national & regional crop statistics),https://psa.gov.ph/crops-production-survey
46.6,31.7,82.7,22.85,74.53,5.61,65.77,Loam,sweet_potato,PCAARRD ISP – Sweetpotato Industry Profile,https://ispweb.pcaarrd.dost.gov.ph/sweetpotato/,DOST-PCAARRD,PSA – Crops Production Survey (national & regional crop statistics),https://psa.gov.ph/crops-production-survey
55.7,47.1,41.8,25.2,66.95,6.53,69.83,Clay Loam,ampalaya,PCAARRD ISP – Vegetables Industry Profile,https://ispweb.pcaarrd.dost.gov.ph/vegetables/,DOST-PCAARRD,PSA – Crops Production Survey (national & regional crop statistics),https://psa.gov.ph/crops-production-survey
75.3,43,53.3,25.13,78.07,5.61,248.38,Loam,cacao,PCAARRD ISP – Cacao Industry Profile,https://ispweb.pcaarrd.dost.gov.ph/isp-commodities/cacao/,DOST-PCAARRD,PSA – Crops Production Survey (national & regional crop statistics),https://psa.gov.ph/crops-production-survey
17.1,41.9,21.9,27.38,70.67,5.99,39.98,Sandy Loam,mungbean,PCAARRD ISP – Legumes Industry Profile,https://ispweb.pcaarrd.dost.gov.ph/legumes/,DOST-PCAARRD,PSA – Crops Production Survey (national & regional crop statistics),https://psa.gov.ph/crops-production-survey
115.5,49.4,43.3,29.87,76.24,5.77,249.19,Silty Clay Loam,rice,PCAARRD ISP – Rice Industry Profile,https://ispweb.pcaarrd.dost.gov.ph/isp-commodities/rice/,DOST-PCAARRD,PSA – Crops Production Survey (national & regional crop statistics),https://psa.gov.ph/crops-production-survey
48.3,34.6,30.9,31.73,62.49,6.51,81.2,Sandy Loam,okra,PCAARRD ISP – Vegetables Industry Profile,https://ispweb.pcaarrd.dost.gov.ph/vegetables/,DOST-PCAARRD,PSA – Crops Production Survey (national & regional crop statistics),https://psa.gov.ph/crops-production-survey
80.9,48.8,67.9,22.7,72.4,5.77,50.52,Sandy Loam,tomato,PCAARRD ISP – Vegetables Industry Profile,https://ispweb.pcaarrd.dost.gov.ph/vegetables/,DOST-PCAARRD,PSA – Crops Production Survey (national & regional crop statistics),https://psa.gov.ph/crops-production-survey
103.2,27.9,28.4,25.9,64.02,6.34,197.26,Volcanic Loam,coffee,PCAARRD ISP – Coffee Industry Profile,https://ispweb.pcaarrd.dost.gov.ph/isp-commodities/coffee/,DOST-PCAARRD,PSA – Crops Production Survey (national & regional crop statistics),https://psa.gov.ph/crops-production-survey
20.8,20.8,31.4,32.48,56.05,5.91,93.5,Clay Loam,mango,PCAARRD ISP – Mango Industry Profile,https://ispweb.pcaarrd.dost.gov.ph/isp-commodities/mango/,DOST-PCAARRD,PSA – Crops Production Survey (national & regional crop statistics),https://psa.gov.ph/crops-production-survey
68.2,43.6,82.5,21.13,69.58,5.63,79.22,Sandy Loam,tomato,PCAARRD ISP – Vegetables Industry Profile,https://ispweb.pcaarrd.dost.gov.ph/vegetables/,DOST-PCAARRD,PSA – Crops Production Survey (national & regional crop statistics),https://psa.gov.ph/crops-production-survey
91.7,51.1,23.4,29.07,67.05,6.07,106.59,Sandy Loam,corn,DA – Philippine Yellow Corn Industry Roadmap,https://www.da.gov.ph/wp-content/uploads/2023/05/Philippine-Yellow-Corn-Industry-Roadmap.pdf,Department of Agriculture,PSA – Crops Production Survey (national & regional crop statistics),https://psa.gov.ph/crops-production-survey
78.2,41.6,43.1,25.94,87.73,6,219.01,Loam,cacao,PCAARRD ISP – Cacao Industry Profile,https://ispweb.pcaarrd.dost.gov.ph/isp-commodities/cacao/,DOST-PCAARRD,PSA – Crops Production Survey (national & regional crop statistics),https://psa.gov.ph/crops-production-survey
107.2,74.5,45.6,28.23,88.46,6.79,171.93,Loam,banana,PCAARRD ISP – Banana Industry Profile,https://ispweb.pcaarrd.dost.gov.ph/isp-commodities/banana/,DOST-PCAARRD,PSA – Crops Production Survey (national & regional crop statistics),https://psa.gov.ph/crops-production-survey
21,13.7,15.6,29.4,83.15,6.27,156.8,Sandy Loam,calamansi,Department of Agriculture – Official Portal,https://www.da.gov.ph/,Department of Agriculture,PSA – Crops Production Survey (national & regional crop statistics),https://psa.gov.ph/crops-production-survey
16.5,42.3,21.7,30.44,68.58,6.86,62.38,Loam,mungbean,PCAARRD ISP – Legumes Industry Profile,https://ispweb.pcaarrd.dost.gov.ph/legumes/,DOST-PCAARRD,PSA – Crops Production Survey (national & regional crop statistics),https://psa.gov.ph/crops-production-survey
25,41.8,37.5,28.71,58.86,5.67,69.54,Sandy,peanut,PCAARRD ISP – Legumes Industry Profile,https://ispweb.pcaarrd.dost.gov.ph/legumes/,DOST-PCAARRD,PSA – Crops Production Survey (national & regional crop statistics),https://psa.gov.ph/crops-production-survey
20.8,18.5,29.9,31.32,90.28,5.71,250.77,Clay Loam,rubber,PCAARRD ISP – Rubber Industry Profile,https://ispweb.pcaarrd.dost.gov.ph/isp-commodities/rubber/,DOST-PCAARRD,PSA – Crops Production Survey (national & regional crop statistics),https://psa.gov.ph/crops-production-survey
87.3,53,40.5,26.81,85.95,5.88,155.55,Clay Loam,rice,PCAARRD ISP – Rice Industry Profile,https://ispweb.pcaarrd.dost.gov.ph/isp-commodities/rice/,DOST-PCAARRD,PSA – Crops Production Survey (national & regional crop statistics),https://psa.gov.ph/crops-production-survey
34.6,23.5,31.9,30.47,80.42,5.14,228.35,Clay Loam,rubber,PCAARRD ISP – Rubber Industry Profile,https://ispweb.pcaarrd.dost.gov.ph/isp-commodities/rubber/,DOST-PCAARRD,PSA – Crops Production Survey (national & regional crop statistics),https://psa.gov.ph/crops-production-survey
16.9,10.8,31.9,31.15,88.83,5.26,135.96,Volcanic Loam,coconut,PCAARRD ISP – Coconut Industry Profile,https://ispweb.pcaarrd.dost.gov.ph/isp-commodities/coconut/,DOST-PCAARRD,PSA – Crops Production Survey (national & regional crop statistics),https://psa.gov.ph/crops-production-survey
76,48.1,56.1,22.64,69.3,5.7,109.61,Clay Loam,eggplant,PCAARRD ISP – Vegetables Industry Profile,https://ispweb.pcaarrd.dost.gov.ph/vegetables/,DOST-PCAARRD,PSA – Crops Production Survey (national & regional crop statistics),https://psa.gov.ph/crops-production-survey
55.5,31,31.9,26.07,72.36,6.25,102.28,Clay Loam,ampalaya,PCAARRD ISP – Vegetables Industry Profile,https://ispweb.pcaarrd.dost.gov.ph/vegetables/,DOST-PCAARRD,PSA – Crops Production Survey (national & regional crop statistics),https://psa.gov.ph/crops-production-survey
45.5,31.4,60.3,25.72,72.77,6.71,122.83,Sandy Loam,sweet_potato,PCAARRD ISP – Sweetpotato Industry Profile,https://ispweb.pcaarrd.dost.gov.ph/sweetpotato/,DOST-PCAARRD,PSA – Crops Production Survey (national & regional crop statistics),https://psa.gov.ph/crops-production-survey
77.6,46.2,49.1,24.33,70.01,6.59,83.36,Loam,eggplant,PCAARRD ISP – Vegetables Industry Profile,https://ispweb.pcaarrd.dost.gov.ph/vegetables/,DOST-PCAARRD,PSA – Crops Production Survey (national & regional crop statistics),https://psa.gov.ph/crops-production-survey
83.5,44.4,53.3,26.96,79.34,6.19,116.82,Clay Loam,eggplant,PCAARRD ISP – Vegetables Industry Profile,https://ispweb.pcaarrd.dost.gov.ph/vegetables/,DOST-PCAARRD,PSA – Crops Production Survey (national & regional crop statistics),https://psa.gov.ph/crops-production-survey
87.1,32.4,53.6,25.1,85.61,6.4,233.72,Clay Loam,cacao,PCAARRD ISP – Cacao Industry Profile,https://ispweb.pcaarrd.dost.gov.ph/isp-commodities/cacao/,DOST-PCAARRD,PSA – Crops Production Survey (national & regional crop statistics),https://psa.gov.ph/crops-production-survey
43.3,25,86.2,24.25,66.3,5.28,98.2,Volcanic Loam,pineapple,PCAARRD ISP – Queen Pineapple Industry Profile,https://ispweb.pcaarrd.dost.gov.ph/queen-pineapple/,DOST-PCAARRD,PSA – Crops Production Survey (national & regional crop statistics),https://psa.gov.ph/crops-production-survey
50.9,23.6,72.7,25.82,76.69,4.79,126.35,Volcanic Loam,pineapple,PCAARRD ISP – Queen Pineapple Industry Profile,https://ispweb.pcaarrd.dost.gov.ph/queen-pineapple/,DOST-PCAARRD,PSA – Crops Production Survey (national & regional crop statistics),https://psa.gov.ph/crops-production-survey
85.8,52.5,22.2,25.48,66.69,6.76,102.96,Sandy Loam,corn,DA – Philippine Yellow Corn Industry Roadmap,https://www.da.gov.ph/wp-content/uploads/2023/05/Philippine-Yellow-Corn-Industry-Roadmap.pdf,Department of Agriculture,PSA – Crops Production Survey (national & regional crop statistics),https://psa.gov.ph/crops-production-survey
72.1,31,45.5,26.68,56.72,6.28,51.9,Sandy Loam,garlic,PCAARRD ISP – Vegetables Industry Profile (garlic),https://ispweb.pcaarrd.dost.gov.ph/vegetables/,DOST-PCAARRD,PSA – Crops Production Survey (national & regional crop statistics),https://psa.gov.ph/crops-production-survey
17.6,6.8,25.1,26.91,85.17,7.68,158.66,Sandy,coconut,PCAARRD ISP – Coconut Industry Profile,https://ispweb.pcaarrd.dost.gov.ph/isp-commodities/coconut/,DOST-PCAARRD,PSA – Crops Production Survey (national & regional crop statistics),https://psa.gov.ph/crops-production-survey
65.8,23,75.8,29.41,88.5,6.13,203.16,Clay Loam,abaca,PCAARRD ISP – Abaca Industry Profile,https://ispweb.pcaarrd.dost.gov.ph/isp-commodities/abaca/,DOST-PCAARRD,PSA – Crops Production Survey (national & regional crop statistics),https://psa.gov.ph/crops-production-survey
44.7,46,49.2,24.56,67.77,6.62,94.82,Loam,okra,PCAARRD ISP – Vegetables Industry Profile,https://ispweb.pcaarrd.dost.gov.ph/vegetables/,DOST-PCAARRD,PSA – Crops Production Survey (national & regional crop statistics),https://psa.gov.ph/crops-production-survey
40.5,64.1,48.8,30.27,71.09,5.83,173.32,Clay Loam,papaya,Department of Agriculture – Official Portal,https://www.da.gov.ph/,Department of Agriculture,PSA – Crops Production Survey (national & regional crop statistics),https://psa.gov.ph/crops-production-survey
35.2,21,86.3,27.4,69.91,6.53,92.01,Loam,sweet_potato,PCAARRD ISP – Sweetpotato Industry Profile,https://ispweb.pcaarrd.dost.gov.ph/sweetpotato/,DOST-PCAARRD,PSA – Crops Production Survey (national & regional crop statistics),https://psa.gov.ph/crops-production-survey
49.5,18.2,81.6,28.96,74.22,4.58,142.66,Volcanic Loam,pineapple,PCAARRD ISP – Queen Pineapple Industry Profile,https://ispweb.pcaarrd.dost.gov.ph/queen-pineapple/,DOST-PCAARRD,PSA – Crops Production Survey (national & regional crop statistics),https://psa.gov.ph/crops-production-survey
90.5,46.1,22,31.56,62.76,7.04,68.94,Sandy Loam,corn,DA – Philippine Yellow Corn Industry Roadmap,https://www.da.gov.ph/wp-content/uploads/2023/05/Philippine-Yellow-Corn-Industry-Roadmap.pdf,Department of Agriculture,PSA – Crops Production Survey (national & regional crop statistics),https://psa.gov.ph/crops-production-survey
137.6,49.7,50.4,35.23,66.45,6.09,133.66,Clay Loam,sugarcane,PCAARRD ISP – Sugarcane Industry Profile,https://ispweb.pcaarrd.dost.gov.ph/sugarcane/,DOST-PCAARRD,PSA – Crops Production Survey (national & regional crop statistics),https://psa.gov.ph/crops-production-survey
88.6,34.1,83.6,27.12,86.24,6.05,247.37,Clay Loam,abaca,PCAARRD ISP – Abaca Industry Profile,https://ispweb.pcaarrd.dost.gov.ph/isp-commodities/abaca/,DOST-PCAARRD,PSA – Crops Production Survey (national & regional crop statistics),https://psa.gov.ph/crops-production-survey
45.6,50.7,35.4,28.48,62.12,6.13,66.8,Loam,okra,PCAARRD ISP – Vegetables Industry Profile,https://ispweb.pcaarrd.dost.gov.ph/vegetables/,DOST-PCAARRD,PSA – Crops Production Survey (national & regional crop statistics),https://psa.gov.ph/crops-production-survey
134.7,59.7,44.2,30.83,71.46,6.78,100.32,Loam,sugarcane,PCAARRD ISP – Sugarcane Industry Profile,https://ispweb.pcaarrd.dost.gov.ph/sugarcane/,DOST-PCAARRD,PSA – Crops Production Survey (national & regional crop statistics),https://psa.gov.ph/crops-production-survey
89,58.3,54.6,24.91,71.67,6.36,113.02,Loam,eggplant,PCAARRD ISP – Vegetables Industry Profile,https://ispweb.pcaarrd.dost.gov.ph/vegetables/,DOST-PCAARRD,PSA – Crops Production Survey (national & regional crop statistics),https://psa.gov.ph/crops-production-survey
83.3,48.3,44.3,23.45,71.1,6.26,93.31,Clay Loam,eggplant,PCAARRD ISP – Vegetables Industry Profile,https://ispweb.pcaarrd.dost.gov.ph/vegetables/,DOST-PCAARRD,PSA – Crops Production Survey (national & regional crop statistics),https://psa.gov.ph/crops-production-survey
56,16.3,83.8,28.85,75.75,5.62,114.48,Clay Loam,pineapple,PCAARRD ISP – Queen Pineapple Industry Profile,https://ispweb.pcaarrd.dost.gov.ph/queen-pineapple/,DOST-PCAARRD,PSA – Crops Production Survey (national & regional crop statistics),https://psa.gov.ph/crops-production-survey
15.5,33.1,34.5,26.37,57.76,5.58,97.15,Sandy,peanut,PCAARRD ISP – Legumes Industry Profile,https://ispweb.pcaarrd.dost.gov.ph/legumes/,DOST-PCAARRD,PSA – Crops Production Survey (national & regional crop statistics),https://psa.gov.ph/crops-production-survey
98,72.9,47.6,26.67,87.28,5.65,121.39,Volcanic Loam,banana,PCAARRD ISP – Banana Industry Profile,https://ispweb.pcaarrd.dost.gov.ph/isp-commodities/banana/,DOST-PCAARRD,PSA – Crops Production Survey (national & regional crop statistics),https://psa.gov.ph/crops-production-survey
54,17.2,62,26.01,67.11,5.41,136.92,Volcanic Loam,pineapple,PCAARRD ISP – Queen Pineapple Industry Profile,https://ispweb.pcaarrd.dost.gov.ph/queen-pineapple/,DOST-PCAARRD,PSA – Crops Production Survey (national & regional crop statistics),https://psa.gov.ph/crops-production-survey
51.1,33,72.5,23.18,56.31,5.89,67.09,Loam,tobacco,Department of Agriculture – Official Portal,https://www.da.gov.ph/,Department of Agriculture,PSA – Crops Production Survey (national & regional crop statistics),https://psa.gov.ph/crops-production-survey
80.9,52.9,43.8,28.02,64.78,6.05,75.39,Clay Loam,eggplant,PCAARRD ISP – Vegetables Industry Profile,https://ispweb.pcaarrd.dost.gov.ph/vegetables/,DOST-PCAARRD,PSA – Crops Production Survey (national & regional crop statistics),https://psa.gov.ph/crops-production-survey
84.7,44.3,52.5,20.48,65.92,6.34,61.82,Loam,onion,PCAARRD ISP – Vegetables Industry Profile (onion),https://ispweb.pcaarrd.dost.gov.ph/vegetables/,DOST-PCAARRD,PSA – Crops Production Survey (national & regional crop statistics),https://psa.gov.ph/crops-production-survey
84.3,43.5,57.8,30.33,85.87,5.62,235.61,Clay Loam,cacao,PCAARRD ISP – Cacao Industry Profile,https://ispweb.pcaarrd.dost.gov.ph/isp-commodities/cacao/,DOST-PCAARRD,PSA – Crops Production Survey (national & regional crop statistics),https://psa.gov.ph/crops-production-survey
59,32.5,73.2,24.47,69.94,5.76,43.65,Loam,tobacco,Department of Agriculture – Official Portal,https://www.da.gov.ph/,Department of Agriculture,PSA – Crops Production Survey (national & regional crop statistics),https://psa.gov.ph/crops-production-survey
54.3,39.2,65.6,25.44,58.11,6.8,76.33,Sandy Loam,cassava,Department of Agriculture – Official Portal,https://www.da.gov.ph/,Department of Agriculture,PSA – Crops Production Survey (national & regional crop statistics),https://psa.gov.ph/crops-production-survey
21.8,45.7,41.5,26.57,54.81,6.22,56.38,Sandy Loam,peanut,PCAARRD ISP – Legumes Industry Profile,https://ispweb.pcaarrd.dost.gov.ph/legumes/,DOST-PCAARRD,PSA – Crops Production Survey (national & regional crop statistics),https://psa.gov.ph/crops-production-survey
64.5,48,50,28.84,79.09,6.55,112.03,Loam,eggplant,PCAARRD ISP – Vegetables Industry Profile,https://ispweb.pcaarrd.dost.gov.ph/vegetables/,DOST-PCAARRD,PSA – Crops Production Survey (national & regional crop statistics),https://psa.gov.ph/crops-production-survey
22.2,15.8,31.3,28.42,67.46,5.64,61.63,Sandy Loam,mango,PCAARRD ISP – Mango Industry Profile,https://ispweb.pcaarrd.dost.gov.ph/isp-commodities/mango/,DOST-PCAARRD,PSA – Crops Production Survey (national & regional crop statistics),https://psa.gov.ph/crops-production-survey
83.6,44.2,48.6,27.49,62.73,6.47,43.65,Sandy Loam,onion,PCAARRD ISP – Vegetables Industry Profile (onion),https://ispweb.pcaarrd.dost.gov.ph/vegetables/,DOST-PCAARRD,PSA – Crops Production Survey (national & regional crop statistics),https://psa.gov.ph/crops-production-survey
88.8,49.2,21.9,31.08,73.99,6.16,85.27,Loam,corn,DA – Philippine Yellow Corn Industry Roadmap,https://www.da.gov.ph/wp-content/uploads/2023/05/Philippine-Yellow-Corn-Industry-Roadmap.pdf,Department of Agriculture,PSA – Crops Production Survey (national & regional crop statistics),https://psa.gov.ph/crops-production-survey
62.5,47.2,46.4,22.52,68.24,6.83,42.24,Loam,garlic,PCAARRD ISP – Vegetables Industry Profile (garlic),https://ispweb.pcaarrd.dost.gov.ph/vegetables/,DOST-PCAARRD,PSA – Crops Production Survey (national & regional crop statistics),https://psa.gov.ph/crops-production-survey
57.2,44,44.7,27,68.03,6.29,68.77,Sandy Loam,okra,PCAARRD ISP – Vegetables Industry Profile,https://ispweb.pcaarrd.dost.gov.ph/vegetables/,DOST-PCAARRD,PSA – Crops Production Survey (national & regional crop statistics),https://psa.gov.ph/crops-production-survey
131.4,50.1,44.4,24.78,65.44,7.34,173.98,Loam,sugarcane,PCAARRD ISP – Sugarcane Industry Profile,https://ispweb.pcaarrd.dost.gov.ph/sugarcane/,DOST-PCAARRD,PSA – Crops Production Survey (national & regional crop statistics),https://psa.gov.ph/crops-production-survey
107.6,22.2,33.3,23.16,77.54,5.65,189.88,Clay Loam,coffee,PCAARRD ISP – Coffee Industry Profile,https://ispweb.pcaarrd.dost.gov.ph/isp-commodities/coffee/,DOST-PCAARRD,PSA – Crops Production Survey (national & regional crop statistics),https://psa.gov.ph/crops-production-survey
20,17.8,25.3,28.84,61.08,7.06,60.14,Loam,mango,PCAARRD ISP – Mango Industry Profile,https://ispweb.pcaarrd.dost.gov.ph/isp-commodities/mango/,DOST-PCAARRD,PSA – Crops Production Survey (national & regional crop statistics),https://psa.gov.ph/crops-production-survey
24.1,32.5,22.6,25.84,64.8,6.5,46.16,Sandy Loam,mungbean,PCAARRD ISP – Legumes Industry Profile,https://ispweb.pcaarrd.dost.gov.ph/legumes/,DOST-PCAARRD,PSA – Crops Production Survey (national & regional crop statistics),https://psa.gov.ph/crops-production-survey
19.5,12.2,33.8,30.19,84.04,6.67,259.12,Volcanic Loam,coconut,PCAARRD ISP – Coconut Industry Profile,https://ispweb.pcaarrd.dost.gov.ph/isp-commodities/coconut/,DOST-PCAARRD,PSA – Crops Production Survey (national & regional crop statistics),https://psa.gov.ph/crops-production-survey
122.1,47.8,42.4,30.03,77.64,6.55,109.4,Sandy Loam,sugarcane,PCAARRD ISP – Sugarcane Industry Profile,https://ispweb.pcaarrd.dost.gov.ph/sugarcane/,DOST-PCAARRD,PSA – Crops Production Survey (national & regional crop statistics),https://psa.gov.ph/crops-production-survey
85.3,49.4,44.7,26.29,80.38,6.64,196.9,Clay,rice,PCAARRD ISP – Rice Industry Profile,https://ispweb.pcaarrd.dost.gov.ph/isp-commodities/rice/,DOST-PCAARRD,PSA – Crops Production Survey (national & regional crop statistics),https://psa.gov.ph/crops-production-survey
20.7,17.9,20.1,31.91,73.65,5.97,148.56,Loam,calamansi,Department of Agriculture – Official Portal,https://www.da.gov.ph/,Department of Agriculture,PSA – Crops Production Survey (national & regional crop statistics),https://psa.gov.ph/crops-production-survey
36.5,20.5,24.4,24.52,82.67,4.94,231.26,Volcanic Loam,rubber,PCAARRD ISP – Rubber Industry Profile,https://ispweb.pcaarrd.dost.gov.ph/isp-commodities/rubber/,DOST-PCAARRD,PSA – Crops Production Survey (national & regional crop statistics),https://psa.gov.ph/crops-production-survey
81,45.9,22.4,25.57,72.85,7.28,116.32,Loam,corn,DA – Philippine Yellow Corn Industry Roadmap,https://www.da.gov.ph/wp-content/uploads/2023/05/Philippine-Yellow-Corn-Industry-Roadmap.pdf,Department of Agriculture,PSA – Crops Production Survey (national & regional crop statistics),https://psa.gov.ph/crops-production-survey
77.8,55.3,40.2,29.55,70.75,6.1,66.99,Loam,eggplant,PCAARRD ISP – Vegetables Industry Profile,https://ispweb.pcaarrd.dost.gov.ph/vegetables/,DOST-PCAARRD,PSA – Crops Production Survey (national & regional crop statistics),https://psa.gov.ph/crops-production-survey
81.5,59.6,86.1,22.34,70.87,6.39,94.8,Sandy Loam,tomato,PCAARRD ISP – Vegetables Industry Profile,https://ispweb.pcaarrd.dost.gov.ph/vegetables/,DOST-PCAARRD,PSA – Crops Production Survey (national & regional crop statistics),https://psa.gov.ph/crops-production-survey
24.1,15,17.8,27.2,73.92,6.31,158.66,Clay Loam,calamansi,Department of Agriculture – Official Portal,https://www.da.gov.ph/,Department of Agriculture,PSA – Crops Production Survey (national & regional crop statistics),https://psa.gov.ph/crops-production-survey
76.9,43,49.6,24.31,63.73,6.63,34.73,Sandy Loam,garlic,PCAARRD ISP – Vegetables Industry Profile (garlic),https://ispweb.pcaarrd.dost.gov.ph/vegetables/,DOST-PCAARRD,PSA – Crops Production Survey (national & regional crop statistics),https://psa.gov.ph/crops-production-survey
25,12.3,25.8,30.91,74.75,6.04,127.57,Loam,calamansi,Department of Agriculture – Official Portal,https://www.da.gov.ph/,Department of Agriculture,PSA – Crops Production Survey (national & regional crop statistics),https://psa.gov.ph/crops-production-survey
105.6,20.1,30.6,26.29,76.49,6,229.05,Volcanic Loam,coffee,PCAARRD ISP – Coffee Industry Profile,https://ispweb.pcaarrd.dost.gov.ph/isp-commodities/coffee/,DOST-PCAARRD,PSA – Crops Production Survey (national & regional crop statistics),https://psa.gov.ph/crops-production-survey
22.4,50.8,22.4,29.66,69.39,6.83,76.38,Sandy Loam,mungbean,PCAARRD ISP – Legumes Industry Profile,https://ispweb.pcaarrd.dost.gov.ph/legumes/,DOST-PCAARRD,PSA – Crops Production Survey (national & regional crop statistics),https://psa.gov.ph/crops-production-survey
57,47.1,40,31.55,60.15,6.2,75.13,Sandy Loam,okra,PCAARRD ISP – Vegetables Industry Profile,https://ispweb.pcaarrd.dost.gov.ph/vegetables/,DOST-PCAARRD,PSA – Crops Production Survey (national & regional crop statistics),https://psa.gov.ph/crops-production-survey
19.9,10,25.4,25.62,91.6,5.79,214.36,Sandy Loam,coconut,PCAARRD ISP – Coconut Industry Profile,https://ispweb.pcaarrd.dost.gov.ph/isp-commodities/coconut/,DOST-PCAARRD,PSA – Crops Production Survey (national & regional crop statistics),https://psa.gov.ph/crops-production-survey
40.9,30.2,38.4,29.21,62.82,6.23,72.82,Sandy Loam,okra,PCAARRD ISP – Vegetables Industry Profile,https://ispweb.pcaarrd.dost.gov.ph/vegetables/,DOST-PCAARRD,PSA – Crops Production Survey (national & regional crop statistics),https://psa.gov.ph/crops-production-survey
71.6,40.2,42.9,26.55,59.67,6.24,32.48,Sandy Loam,onion,PCAARRD ISP – Vegetables Industry Profile (onion),https://ispweb.pcaarrd.dost.gov.ph/vegetables/,DOST-PCAARRD,PSA – Crops Production Survey (national & regional crop statistics),https://psa.gov.ph/crops-production-survey
19.5,44.8,21.3,27.52,70.28,6.67,39.57,Sandy Loam,mungbean,PCAARRD ISP – Legumes Industry Profile,https://ispweb.pcaarrd.dost.gov.ph/legumes/,DOST-PCAARRD,PSA – Crops Production Survey (national & regional crop statistics),https://psa.gov.ph/crops-production-survey
82.6,38,81.1,29.17,90.3,5.15,278.29,Volcanic Loam,abaca,PCAARRD ISP – Abaca Industry Profile,https://ispweb.pcaarrd.dost.gov.ph/isp-commodities/abaca/,DOST-PCAARRD,PSA – Crops Production Survey (national & regional crop statistics),https://psa.gov.ph/crops-production-survey
68.7,57,52.5,29.89,66.84,5.82,82.95,Clay Loam,eggplant,PCAARRD ISP – Vegetables Industry Profile,https://ispweb.pcaarrd.dost.gov.ph/vegetables/,DOST-PCAARRD,PSA – Crops Production Survey (national & regional crop statistics),https://psa.gov.ph/crops-production-survey
18.6,34.3,28.1,32.31,65.88,6.85,45.7,Loam,mungbean,PCAARRD ISP – Legumes Industry Profile,https://ispweb.pcaarrd.dost.gov.ph/legumes/,DOST-PCAARRD,PSA – Crops Production Survey (national & regional crop statistics),https://psa.gov.ph/crops-production-survey
86.8,48.4,50.2,24.42,57.43,6.02,49.32,Loam,garlic,PCAARRD ISP – Vegetables Industry Profile (garlic),https://ispweb.pcaarrd.dost.gov.ph/vegetables/,DOST-PCAARRD,PSA – Crops Production Survey (national & regional crop statistics),https://psa.gov.ph/crops-production-survey
20,18.2,16.2,26.86,73.94,6.09,157.94,Loam,calamansi,Department of Agriculture – Official Portal,https://www.da.gov.ph/,Department of Agriculture,PSA – Crops Production Survey (national & regional crop statistics),https://psa.gov.ph/crops-production-survey
60,51.9,46.8,27.5,83.59,6.48,141.67,Clay Loam,papaya,Department of Agriculture – Official Portal,https://www.da.gov.ph/,Department of Agriculture,PSA – Crops Production Survey (national & regional crop statistics),https://psa.gov.ph/crops-production-survey
118.1,74.4,53.2,31.24,75.86,6.37,166.05,Loam,banana,PCAARRD ISP – Banana Industry Profile,https://ispweb.pcaarrd.dost.gov.ph/isp-commodities/banana/,DOST-PCAARRD,PSA – Crops Production Survey (national & regional crop statistics),https://psa.gov.ph/crops-production-survey
106.9,89.1,46.9,27.02,88.71,6.54,122,Clay Loam,banana,PCAARRD ISP – Banana Industry Profile,https://ispweb.pcaarrd.dost.gov.ph/isp-commodities/banana/,DOST-PCAARRD,PSA – Crops Production Survey (national & regional crop statistics),https://psa.gov.ph/crops-production-survey
47.1,47.7,44.1,31.36,70.33,6.82,87.11,Sandy Loam,okra,PCAARRD ISP – Vegetables Industry Profile,https://ispweb.pcaarrd.dost.gov.ph/vegetables/,DOST-PCAARRD,PSA – Crops Production Survey (national & regional crop statistics),https://psa.gov.ph/crops-production-survey
42.3,34,84.6,25.14,62.29,5.95,41.99,Loam,tobacco,Department of Agriculture – Official Portal,https://www.da.gov.ph/,Department of Agriculture,PSA – Crops Production Survey (national & regional crop statistics),https://psa.gov.ph/crops-production-survey
43.8,25.7,81.1,21.79,70.47,6.29,68.37,Loam,sweet_potato,PCAARRD ISP – Sweetpotato Industry Profile,https://ispweb.pcaarrd.dost.gov.ph/sweetpotato/,DOST-PCAARRD,PSA – Crops Production Survey (national & regional crop statistics),https://psa.gov.ph/crops-production-survey
62.8,20.5,86.3,30.12,85.61,5.67,262.1,Volcanic Loam,abaca,PCAARRD ISP – Abaca Industry Profile,https://ispweb.pcaarrd.dost.gov.ph/isp-commodities/abaca/,DOST-PCAARRD,PSA – Crops Production Survey (national & regional crop statistics),https://psa.gov.ph/crops-production-survey
101,24.5,30.9,26.35,74.31,6.04,222.34,Volcanic Loam,coffee,PCAARRD ISP – Coffee Industry Profile,https://ispweb.pcaarrd.dost.gov.ph/isp-commodities/coffee/,DOST-PCAARRD,PSA – Crops Production Survey (national & regional crop statistics),https://psa.gov.ph/crops-production-survey
62.7,43.2,73.4,24,65.47,6.29,46.34,Sandy Loam,tomato,PCAARRD ISP – Vegetables Industry Profile,https://ispweb.pcaarrd.dost.gov.ph/vegetables/,DOST-PCAARRD,PSA – Crops Production Survey (national & regional crop statistics),https://psa.gov.ph/crops-production-survey
97.6,75.6,48.4,26.21,76.62,6.8,123.63,Volcanic Loam,banana,PCAARRD ISP – Banana Industry Profile,https://ispweb.pcaarrd.dost.gov.ph/isp-commodities/banana/,DOST-PCAARRD,PSA – Crops Production Survey (national & regional crop statistics),https://psa.gov.ph/crops-production-survey
24.7,37.9,25.6,26.92,74.53,7.06,63.89,Sandy Loam,mungbean,PCAARRD ISP – Legumes Industry Profile,https://ispweb.pcaarrd.dost.gov.ph/legumes/,DOST-PCAARRD,PSA – Crops Production Survey (national & regional crop statistics),https://psa.gov.ph/crops-production-survey
105,78.5,51,26.44,81.83,6.04,153.23,Clay Loam,banana,PCAARRD ISP – Banana Industry Profile,https://ispweb.pcaarrd.dost.gov.ph/isp-commodities/banana/,DOST-PCAARRD,PSA – Crops Production Survey (national & regional crop statistics),https://psa.gov.ph/crops-production-survey
17.8,18.3,19.2,30.09,77.83,6.23,132.43,Clay Loam,calamansi,Department of Agriculture – Official Portal,https://www.da.gov.ph/,Department of Agriculture,PSA – Crops Production Survey (national & regional crop statistics),https://psa.gov.ph/crops-production-survey
103.4,55,42,30.05,88.03,5.81,170.12,Silty Clay Loam,rice,PCAARRD ISP – Rice Industry Profile,https://ispweb.pcaarrd.dost.gov.ph/isp-commodities/rice/,DOST-PCAARRD,PSA – Crops Production Survey (national & regional crop statistics),https://psa.gov.ph/crops-production-survey
89.2,43.9,40.3,30.91,75.99,6.09,174.1,Volcanic Loam,cacao,PCAARRD ISP – Cacao Industry Profile,https://ispweb.pcaarrd.dost.gov.ph/isp-commodities/cacao/,DOST-PCAARRD,PSA – Crops Production Survey (national & regional crop statistics),https://psa.gov.ph/crops-production-survey
89.1,40.3,22.6,28.66,72.97,6.52,69.97,Sandy Loam,corn,DA – Philippine Yellow Corn Industry Roadmap,https://www.da.gov.ph/wp-content/uploads/2023/05/Philippine-Yellow-Corn-Industry-Roadmap.pdf,Department of Agriculture,PSA – Crops Production Survey (national & regional crop statistics),https://psa.gov.ph/crops-production-survey
18.2,14.9,33,28.77,95.45,6.27,139.41,Volcanic Loam,coconut,PCAARRD ISP – Coconut Industry Profile,https://ispweb.pcaarrd.dost.gov.ph/isp-commodities/coconut/,DOST-PCAARRD,PSA – Crops Production Survey (national & regional crop statistics),https://psa.gov.ph/crops-production-survey
43.2,44,49.1,29.34,72.82,6.14,54.81,Sandy Loam,okra,PCAARRD ISP – Vegetables Industry Profile,https://ispweb.pcaarrd.dost.gov.ph/vegetables/,DOST-PCAARRD,PSA – Crops Production Survey (national & regional crop statistics),https://psa.gov.ph/crops-production-survey
50.3,56.6,46.2,28.49,85.03,5.55,145.95,Loam,papaya,Department of Agriculture – Official Portal,https://www.da.gov.ph/,Department of Agriculture,PSA – Crops Production Survey (national & regional crop statistics),https://psa.gov.ph/crops-production-survey
62.1,24.7,66.7,26.26,92.56,5.16,214.23,Clay Loam,abaca,PCAARRD ISP – Abaca Industry Profile,https://ispweb.pcaarrd.dost.gov.ph/isp-commodities/abaca/,DOST-PCAARRD,PSA – Crops Production Survey (national & regional crop statistics),https://psa.gov.ph/crops-production-survey
18.7,14.7,33.8,29.02,92.33,7.7,199.81,Sandy,coconut,PCAARRD ISP – Coconut Industry Profile,https://ispweb.pcaarrd.dost.gov.ph/isp-commodities/coconut/,DOST-PCAARRD,PSA – Crops Production Survey (national & regional crop statistics),https://psa.gov.ph/crops-production-survey
63.8,47.9,45.6,25.33,76.17,6.56,238.81,Clay Loam,cacao,PCAARRD ISP – Cacao Industry Profile,https://ispweb.pcaarrd.dost.gov.ph/isp-commodities/cacao/,DOST-PCAARRD,PSA – Crops Production Survey (national & regional crop statistics),https://psa.gov.ph/crops-production-survey
91.1,45.1,23.9,28.61,69.62,6.21,90.22,Loam,corn,DA – Philippine Yellow Corn Industry Roadmap,https://www.da.gov.ph/wp-content/uploads/2023/05/Philippine-Yellow-Corn-Industry-Roadmap.pdf,Department of Agriculture,PSA – Crops Production Survey (national & regional crop statistics),https://psa.gov.ph/crops-production-survey
99.5,89.4,53.9,29.98,76.29,6.99,149.34,Clay Loam,banana,PCAARRD ISP – Banana Industry Profile,https://ispweb.pcaarrd.dost.gov.ph/isp-commodities/banana/,DOST-PCAARRD,PSA – Crops Production Survey (national & regional crop statistics),https://psa.gov.ph/crops-production-survey
15.9,17.3,31.3,27.6,62.85,7.08,61.95,Loam,mango,PCAARRD ISP – Mango Industry Profile,https://ispweb.pcaarrd.dost.gov.ph/isp-commodities/mango/,DOST-PCAARRD,PSA – Crops Production Survey (national & regional crop statistics),https://psa.gov.ph/crops-production-survey
51.3,32.6,37.6,31.07,68.64,6.17,102.31,Loam,ampalaya,PCAARRD ISP – Vegetables Industry Profile,https://ispweb.pcaarrd.dost.gov.ph/vegetables/,DOST-PCAARRD,PSA – Crops Production Survey (national & regional crop statistics),https://psa.gov.ph/crops-production-survey
43.8,36,38,32.1,62.06,6.6,76.42,Sandy Loam,okra,PCAARRD ISP – Vegetables Industry Profile,https://ispweb.pcaarrd.dost.gov.ph/vegetables/,DOST-PCAARRD,PSA – Crops Production Survey (national & regional crop statistics),https://psa.gov.ph/crops-production-survey
48.4,27.8,66.9,24.33,77.71,5.63,148.47,Volcanic Loam,pineapple,PCAARRD ISP – Queen Pineapple Industry Profile,https://ispweb.pcaarrd.dost.gov.ph/queen-pineapple/,DOST-PCAARRD,PSA – Crops Production Survey (national & regional crop statistics),https://psa.gov.ph/crops-production-survey
92.2,58.4,19.8,25.82,60.06,5.88,76.64,Loam,corn,DA – Philippine Yellow Corn Industry Roadmap,https://www.da.gov.ph/wp-content/uploads/2023/05/Philippine-Yellow-Corn-Industry-Roadmap.pdf,Department of Agriculture,PSA – Crops Production Survey (national & regional crop statistics),https://psa.gov.ph/crops-production-survey
86.9,50.7,20.5,31.12,71.75,7.47,77.4,Clay Loam,corn,DA – Philippine Yellow Corn Industry Roadmap,https://www.da.gov.ph/wp-content/uploads/2023/05/Philippine-Yellow-Corn-Industry-Roadmap.pdf,Department of Agriculture,PSA – Crops Production Survey (national & regional crop statistics),https://psa.gov.ph/crops-production-survey
56.2,17.3,72.4,29.76,72.39,5.13,114.42,Sandy Loam,pineapple,PCAARRD ISP – Queen Pineapple Industry Profile,https://ispweb.pcaarrd.dost.gov.ph/queen-pineapple/,DOST-PCAARRD,PSA – Crops Production Survey (national & regional crop statistics),https://psa.gov.ph/crops-production-survey
23.4,10.2,29.1,29.63,87.48,5.74,202.31,Volcanic Loam,coconut,PCAARRD ISP – Coconut Industry Profile,https://ispweb.pcaarrd.dost.gov.ph/isp-commodities/coconut/,DOST-PCAARRD,PSA – Crops Production Survey (national & regional crop statistics),https://psa.gov.ph/crops-production-survey
99.7,19.7,26.4,25.24,59.24,6.52,216.62,Volcanic Loam,coffee,PCAARRD ISP – Coffee Industry Profile,https://ispweb.pcaarrd.dost.gov.ph/isp-commodities/coffee/,DOST-PCAARRD,PSA – Crops Production Survey (national & regional crop statistics),https://psa.gov.ph/crops-production-survey
43.9,32.9,89.4,26.14,62.32,5.75,52.7,Loam,tobacco,Department of Agriculture – Official Portal,https://www.da.gov.ph/,Department of Agriculture,PSA – Crops Production Survey (national & regional crop statistics),https://psa.gov.ph/crops-production-survey
91.4,44.2,50.5,28.02,66.29,6.28,40.43,Sandy Loam,onion,PCAARRD ISP – Vegetables Industry Profile (onion),https://ispweb.pcaarrd.dost.gov.ph/vegetables/,DOST-PCAARRD,PSA – Crops Production Survey (national & regional crop statistics),https://psa.gov.ph/crops-production-survey
103.7,89.8,53.3,29.68,83.54,6.36,157.58,Clay Loam,banana,PCAARRD ISP – Banana Industry Profile,https://ispweb.pcaarrd.dost.gov.ph/isp-commodities/banana/,DOST-PCAARRD,PSA – Crops Production Survey (national & regional crop statistics),https://psa.gov.ph/crops-production-survey
16.5,32.5,23.6,29.99,66.64,6.69,73.18,Loam,mungbean,PCAARRD ISP – Legumes Industry Profile,https://ispweb.pcaarrd.dost.gov.ph/legumes/,DOST-PCAARRD,PSA – Crops Production Survey (national & regional crop statistics),https://psa.gov.ph/crops-production-survey
53.3,42.4,50.3,27.7,65.41,6.49,82.22,Clay Loam,ampalaya,PCAARRD ISP – Vegetables Industry Profile,https://ispweb.pcaarrd.dost.gov.ph/vegetables/,DOST-PCAARRD,PSA – Crops Production Survey (national & regional crop statistics),https://psa.gov.ph/crops-production-survey
17.1,15,23.3,29.71,69.45,5.9,131.55,Clay Loam,calamansi,Department of Agriculture – Official Portal,https://www.da.gov.ph/,Department of Agriculture,PSA – Crops Production Survey (national & regional crop statistics),https://psa.gov.ph/crops-production-survey
84.2,37.8,42.5,26.12,66.17,6.26,32.63,Sandy Loam,onion,PCAARRD ISP – Vegetables Industry Profile (onion),https://ispweb.pcaarrd.dost.gov.ph/vegetables/,DOST-PCAARRD,PSA – Crops Production Survey (national & regional crop statistics),https://psa.gov.ph/crops-production-survey
107.4,28.1,25.7,24.23,69.5,6.1,176.8,Volcanic Loam,coffee,PCAARRD ISP – Coffee Industry Profile,https://ispweb.pcaarrd.dost.gov.ph/isp-commodities/coffee/,DOST-PCAARRD,PSA – Crops Production Survey (national & regional crop statistics),https://psa.gov.ph/crops-production-survey
64.5,37.9,42.9,30.13,77.26,5.51,232.82,Clay Loam,cacao,PCAARRD ISP – Cacao Industry Profile,https://ispweb.pcaarrd.dost.gov.ph/isp-commodities/cacao/,DOST-PCAARRD,PSA – Crops Production Survey (national & regional crop statistics),https://psa.gov.ph/crops-production-survey
91.5,45.4,21.3,31.36,71.6,6.1,81.72,Clay Loam,corn,DA – Philippine Yellow Corn Industry Roadmap,https://www.da.gov.ph/wp-content/uploads/2023/05/Philippine-Yellow-Corn-Industry-Roadmap.pdf,Department of Agriculture,PSA – Crops Production Survey (national & regional crop statistics),https://psa.gov.ph/crops-production-survey
46.2,22.8,64.2,23.78,75.82,5.57,79.16,Sandy Loam,pineapple,PCAARRD ISP – Queen Pineapple Industry Profile,https://ispweb.pcaarrd.dost.gov.ph/queen-pineapple/,DOST-PCAARRD,PSA – Crops Production Survey (national & regional crop statistics),https://psa.gov.ph/crops-production-survey
77.4,32.7,61.1,28.08,85.37,5.98,243.24,Volcanic Loam,abaca,PCAARRD ISP – Abaca Industry Profile,https://ispweb.pcaarrd.dost.gov.ph/isp-commodities/abaca/,DOST-PCAARRD,PSA – Crops Production Survey (national & regional crop statistics),https://psa.gov.ph/crops-production-survey
41,19.5,80.7,24.34,69.16,5.61,115.58,Volcanic Loam,pineapple,PCAARRD ISP – Queen Pineapple Industry Profile,https://ispweb.pcaarrd.dost.gov.ph/queen-pineapple/,DOST-PCAARRD,PSA – Crops Production Survey (national & regional crop statistics),https://psa.gov.ph/crops-production-survey
44.4,48.7,46.7,25.16,73.23,6.09,85.6,Sandy Loam,okra,PCAARRD ISP – Vegetables Industry Profile,https://ispweb.pcaarrd.dost.gov.ph/vegetables/,DOST-PCAARRD,PSA – Crops Production Survey (national & regional crop statistics),https://psa.gov.ph/crops-production-survey
52.4,45.6,40.4,29.86,65.82,6.37,62.73,Sandy Loam,okra,PCAARRD ISP – Vegetables Industry Profile,https://ispweb.pcaarrd.dost.gov.ph/vegetables/,DOST-PCAARRD,PSA – Crops Production Survey (national & regional crop statistics),https://psa.gov.ph/crops-production-survey
21,18.3,29.4,32.3,63.58,7.31,63.41,Clay Loam,mango,PCAARRD ISP – Mango Industry Profile,https://ispweb.pcaarrd.dost.gov.ph/isp-commodities/mango/,DOST-PCAARRD,PSA – Crops Production Survey (national & regional crop statistics),https://psa.gov.ph/crops-production-survey
95.9,53.9,41,30.55,85.34,6.14,182.18,Silty Clay Loam,rice,PCAARRD ISP – Rice Industry Profile,https://ispweb.pcaarrd.dost.gov.ph/isp-commodities/rice/,DOST-PCAARRD,PSA – Crops Production Survey (national & regional crop statistics),https://psa.gov.ph/crops-production-survey
56.3,45.9,45.9,30.85,64.9,6.56,91.69,Sandy Loam,okra,PCAARRD ISP – Vegetables Industry Profile,https://ispweb.pcaarrd.dost.gov.ph/vegetables/,DOST-PCAARRD,PSA – Crops Production Survey (national & regional crop statistics),https://psa.gov.ph/crops-production-survey
133,53.2,51,27.25,66.76,6.51,123.27,Loam,sugarcane,PCAARRD ISP – Sugarcane Industry Profile,https://ispweb.pcaarrd.dost.gov.ph/sugarcane/,DOST-PCAARRD,PSA – Crops Production Survey (national & regional crop statistics),https://psa.gov.ph/crops-production-survey
18.8,47.5,23.9,31.04,67.14,6.23,47.76,Sandy Loam,mungbean,PCAARRD ISP – Legumes Industry Profile,https://ispweb.pcaarrd.dost.gov.ph/legumes/,DOST-PCAARRD,PSA – Crops Production Survey (national & regional crop statistics),https://psa.gov.ph/crops-production-survey
93.1,51.3,43.2,30.25,75.05,6.62,174.28,Clay,rice,PCAARRD ISP – Rice Industry Profile,https://ispweb.pcaarrd.dost.gov.ph/isp-commodities/rice/,DOST-PCAARRD,PSA – Crops Production Survey (national & regional crop statistics),https://psa.gov.ph/crops-production-survey
21.1,19.4,16,29.36,74.14,6.42,127.19,Clay Loam,calamansi,Department of Agriculture – Official Portal,https://www.da.gov.ph/,Department of Agriculture,PSA – Crops Production Survey (national & regional crop statistics),https://psa.gov.ph/crops-production-survey
51.2,50.7,55,31.92,89.59,6.61,103.61,Loam,papaya,Department of Agriculture – Official Portal,https://www.da.gov.ph/,Department of Agriculture,PSA – Crops Production Survey (national & regional crop statistics),https://psa.gov.ph/crops-production-survey
46.6,29,59.7,25.09,77.95,5.02,85.79,Sandy Loam,pineapple,PCAARRD ISP – Queen Pineapple Industry Profile,https://ispweb.pcaarrd.dost.gov.ph/queen-pineapple/,DOST-PCAARRD,PSA – Crops Production Survey (national & regional crop statistics),https://psa.gov.ph/crops-production-survey
22.3,10.9,27.2,27.71,88.74,6.62,226.24,Sandy Loam,coconut,PCAARRD ISP – Coconut Industry Profile,https://ispweb.pcaarrd.dost.gov.ph/isp-commodities/coconut/,DOST-PCAARRD,PSA – Crops Production Survey (national & regional crop statistics),https://psa.gov.ph/crops-production-survey
44.9,36.5,63.4,29.25,55.85,6.13,80.45,Sandy,cassava,Department of Agriculture – Official Portal,https://www.da.gov.ph/,Department of Agriculture,PSA – Crops Production Survey (national & regional crop statistics),https://psa.gov.ph/crops-production-survey
54,18,78.7,24.52,73.37,5.02,136.92,Clay Loam,pineapple,PCAARRD ISP – Queen Pineapple Industry Profile,https://ispweb.pcaarrd.dost.gov.ph/queen-pineapple/,DOST-PCAARRD,PSA – Crops Production Survey (national & regional crop statistics),https://psa.gov.ph/crops-production-survey
24.5,10.9,26.8,26,88.35,5.65,253.02,Sandy,coconut,PCAARRD ISP – Coconut Industry Profile,https://ispweb.pcaarrd.dost.gov.ph/isp-commodities/coconut/,DOST-PCAARRD,PSA – Crops Production Survey (national & regional crop statistics),https://psa.gov.ph/crops-production-survey
80,38.5,44.3,27.48,78.97,6.07,153.07,Loam,cacao,PCAARRD ISP – Cacao Industry Profile,https://ispweb.pcaarrd.dost.gov.ph/isp-commodities/cacao/,DOST-PCAARRD,PSA – Crops Production Survey (national & regional crop statistics),https://psa.gov.ph/crops-production-survey
48,47.6,37.1,30.66,67.13,6.21,62.92,Loam,okra,PCAARRD ISP – Vegetables Industry Profile,https://ispweb.pcaarrd.dost.gov.ph/vegetables/,DOST-PCAARRD,PSA – Crops Production Survey (national & regional crop statistics),https://psa.gov.ph/crops-production-survey
45.6,39.7,65.4,27.86,67.47,5.75,88.56,Loam,sweet_potato,PCAARRD ISP – Sweetpotato Industry Profile,https://ispweb.pcaarrd.dost.gov.ph/sweetpotato/,DOST-PCAARRD,PSA – Crops Production Survey (national & regional crop statistics),https://psa.gov.ph/crops-production-survey
61.2,46.2,29.7,27.61,67.34,6.55,53.23,Sandy Loam,okra,PCAARRD ISP – Vegetables Industry Profile,https://ispweb.pcaarrd.dost.gov.ph/vegetables/,DOST-PCAARRD,PSA – Crops Production Survey (national & regional crop statistics),https://psa.gov.ph/crops-production-survey
39.4,62.3,51.9,29.25,74.85,5.75,118.17,Clay Loam,papaya,Department of Agriculture – Official Portal,https://www.da.gov.ph/,Department of Agriculture,PSA – Crops Production Survey (national & regional crop statistics),https://psa.gov.ph/crops-production-survey
78.3,37.2,55,25.98,75.98,5.57,218.63,Loam,cacao,PCAARRD ISP – Cacao Industry Profile,https://ispweb.pcaarrd.dost.gov.ph/isp-commodities/cacao/,DOST-PCAARRD,PSA – Crops Production Survey (national & regional crop statistics),https://psa.gov.ph/crops-production-survey
16.2,47.4,21.7,26.35,63.33,6.3,63.02,Loam,mungbean,PCAARRD ISP – Legumes Industry Profile,https://ispweb.pcaarrd.dost.gov.ph/legumes/,DOST-PCAARRD,PSA – Crops Production Survey (national & regional crop statistics),https://psa.gov.ph/crops-production-survey
49.9,49.7,46.1,32.6,88.75,6.74,132,Clay Loam,papaya,Department of Agriculture – Official Portal,https://www.da.gov.ph/,Department of Agriculture,PSA – Crops Production Survey (national & regional crop statistics),https://psa.gov.ph/crops-production-survey
52.7,41.5,33.9,29.05,73.34,6.25,67.34,Sandy Loam,okra,PCAARRD ISP – Vegetables Industry Profile,https://ispweb.pcaarrd.dost.gov.ph/vegetables/,DOST-PCAARRD,PSA – Crops Production Survey (national & regional crop statistics),https://psa.gov.ph/crops-production-survey
20.2,12.5,33.6,28.83,92.69,5.25,212.24,Sandy Loam,coconut,PCAARRD ISP – Coconut Industry Profile,https://ispweb.pcaarrd.dost.gov.ph/isp-commodities/coconut/,DOST-PCAARRD,PSA – Crops Production Survey (national & regional crop statistics),https://psa.gov.ph/crops-production-survey
20.5,19.2,29.8,31.05,64.1,5.44,73.86,Loam,mango,PCAARRD ISP – Mango Industry Profile,https://ispweb.pcaarrd.dost.gov.ph/isp-commodities/mango/,DOST-PCAARRD,PSA – Crops Production Survey (national & regional crop statistics),https://psa.gov.ph/crops-production-survey
83.8,30.6,48.5,23.66,59.03,6.84,67.43,Sandy Loam,onion,PCAARRD ISP – Vegetables Industry Profile (onion),https://ispweb.pcaarrd.dost.gov.ph/vegetables/,DOST-PCAARRD,PSA – Crops Production Survey (national & regional crop statistics),https://psa.gov.ph/crops-production-survey
47.2,39.3,76.7,24.05,58.53,5.66,69.71,Sandy Loam,tobacco,Department of Agriculture – Official Portal,https://www.da.gov.ph/,Department of Agriculture,PSA – Crops Production Survey (national & regional crop statistics),https://psa.gov.ph/crops-production-survey
90.3,31.1,42.2,23.77,56.91,6.27,31.92,Sandy Loam,onion,PCAARRD ISP – Vegetables Industry Profile (onion),https://ispweb.pcaarrd.dost.gov.ph/vegetables/,DOST-PCAARRD,PSA – Crops Production Survey (national & regional crop statistics),https://psa.gov.ph/crops-production-survey
109.5,68.8,44.8,27.45,79.56,6.15,178.52,Loam,banana,PCAARRD ISP – Banana Industry Profile,https://ispweb.pcaarrd.dost.gov.ph/isp-commodities/banana/,DOST-PCAARRD,PSA – Crops Production Survey (national & regional crop statistics),https://psa.gov.ph/crops-production-survey
18.4,43.1,26.6,25.66,67.1,6.3,74.27,Loam,mungbean,PCAARRD ISP – Legumes Industry Profile,https://ispweb.pcaarrd.dost.gov.ph/legumes/,DOST-PCAARRD,PSA – Crops Production Survey (national & regional crop statistics),https://psa.gov.ph/crops-production-survey
47.9,40.4,32.8,29.8,61.12,6.26,67.43,Sandy Loam,okra,PCAARRD ISP – Vegetables Industry Profile,https://ispweb.pcaarrd.dost.gov.ph/vegetables/,DOST-PCAARRD,PSA – Crops Production Survey (national & regional crop statistics),https://psa.gov.ph/crops-production-survey
19.2,24.2,32.2,34.84,50.3,6.79,87.38,Sandy Loam,mango,PCAARRD ISP – Mango Industry Profile,https://ispweb.pcaarrd.dost.gov.ph/isp-commodities/mango/,DOST-PCAARRD,PSA – Crops Production Survey (national & regional crop statistics),https://psa.gov.ph/crops-production-survey
21.7,16.5,25.8,32.61,64.06,5.87,62.69,Sandy Loam,mango,PCAARRD ISP – Mango Industry Profile,https://ispweb.pcaarrd.dost.gov.ph/isp-commodities/mango/,DOST-PCAARRD,PSA – Crops Production Survey (national & regional crop statistics),https://psa.gov.ph/crops-production-survey
141.6,55.1,41.8,29.21,74.35,6.22,124.56,Clay Loam,sugarcane,PCAARRD ISP – Sugarcane Industry Profile,https://ispweb.pcaarrd.dost.gov.ph/sugarcane/,DOST-PCAARRD,PSA – Crops Production Survey (national & regional crop statistics),https://psa.gov.ph/crops-production-survey
47.9,29,81,28.19,64.23,5.04,107.53,Clay Loam,pineapple,PCAARRD ISP – Queen Pineapple Industry Profile,https://ispweb.pcaarrd.dost.gov.ph/queen-pineapple/,DOST-PCAARRD,PSA – Crops Production Survey (national & regional crop statistics),https://psa.gov.ph/crops-production-survey
29.4,29.6,24.3,27.7,90.18,5.11,235.42,Clay Loam,rubber,PCAARRD ISP – Rubber Industry Profile,https://ispweb.pcaarrd.dost.gov.ph/isp-commodities/rubber/,DOST-PCAARRD,PSA – Crops Production Survey (national & regional crop statistics),https://psa.gov.ph/crops-production-survey
88,35.4,61,27.61,56.7,6.41,67.63,Sandy Loam,garlic,PCAARRD ISP – Vegetables Industry Profile (garlic),https://ispweb.pcaarrd.dost.gov.ph/vegetables/,DOST-PCAARRD,PSA – Crops Production Survey (national & regional crop statistics),https://psa.gov.ph/crops-production-survey
21.9,20.5,26.4,35.48,66.74,6.58,69.41,Clay Loam,mango,PCAARRD ISP – Mango Industry Profile,https://ispweb.pcaarrd.dost.gov.ph/isp-commodities/mango/,DOST-PCAARRD,PSA – Crops Production Survey (national & regional crop statistics),https://psa.gov.ph/crops-production-survey
44.9,39.4,36.9,31.56,66.57,6.2,65.3,Sandy Loam,okra,PCAARRD ISP – Vegetables Industry Profile,https://ispweb.pcaarrd.dost.gov.ph/vegetables/,DOST-PCAARRD,PSA – Crops Production Survey (national & regional crop statistics),https://psa.gov.ph/crops-production-survey
70.8,41.2,49.3,25.03,80.45,6.37,115.74,Loam,eggplant,PCAARRD ISP – Vegetables Industry Profile,https://ispweb.pcaarrd.dost.gov.ph/vegetables/,DOST-PCAARRD,PSA – Crops Production Survey (national & regional crop statistics),https://psa.gov.ph/crops-production-survey
22.5,10.6,25.7,30.14,93.7,7.66,224.31,Sandy Loam,coconut,PCAARRD ISP – Coconut Industry Profile,https://ispweb.pcaarrd.dost.gov.ph/isp-commodities/coconut/,DOST-PCAARRD,PSA – Crops Production Survey (national & regional crop statistics),https://psa.gov.ph/crops-production-survey
77.6,44.7,62.3,23.96,65.64,6.05,97.82,Sandy Loam,tomato,PCAARRD ISP – Vegetables Industry Profile,https://ispweb.pcaarrd.dost.gov.ph/vegetables/,DOST-PCAARRD,PSA – Crops Production Survey (national & regional crop statistics),https://psa.gov.ph/crops-production-survey
41.4,28.1,67.9,23.8,62.92,5.96,113.15,Sandy Loam,sweet_potato,PCAARRD ISP – Sweetpotato Industry Profile,https://ispweb.pcaarrd.dost.gov.ph/sweetpotato/,DOST-PCAARRD,PSA – Crops Production Survey (national & regional crop statistics),https://psa.gov.ph/crops-production-survey
22.5,12.8,20.8,30.78,82.83,5.78,126.72,Sandy Loam,calamansi,Department of Agriculture – Official Portal,https://www.da.gov.ph/,Department of Agriculture,PSA – Crops Production Survey (national & regional crop statistics),https://psa.gov.ph/crops-production-survey
72.2,58.5,89.8,26.45,67.19,5.65,66.17,Sandy Loam,tomato,PCAARRD ISP – Vegetables Industry Profile,https://ispweb.pcaarrd.dost.gov.ph/vegetables/,DOST-PCAARRD,PSA – Crops Production Survey (national & regional crop statistics),https://psa.gov.ph/crops-production-survey
111.3,51.8,42.5,26.83,85.45,5.46,281.6,Clay,rice,PCAARRD ISP – Rice Industry Profile,https://ispweb.pcaarrd.dost.gov.ph/isp-commodities/rice/,DOST-PCAARRD,PSA – Crops Production Survey (national & regional crop statistics),https://psa.gov.ph/crops-production-survey
57.3,25.3,82.3,24.01,69,5.55,84.9,Sandy Loam,tobacco,Department of Agriculture – Official Portal,https://www.da.gov.ph/,Department of Agriculture,PSA – Crops Production Survey (national & regional crop statistics),https://psa.gov.ph/crops-production-survey
93.8,55.5,41.8,25.41,88.25,6.19,226.78,Clay Loam,rice,PCAARRD ISP – Rice Industry Profile,https://ispweb.pcaarrd.dost.gov.ph/isp-commodities/rice/,DOST-PCAARRD,PSA – Crops Production Survey (national & regional crop statistics),https://psa.gov.ph/crops-production-survey
29.1,46.3,40,27.1,61.2,5.84,61.22,Sandy Loam,peanut,PCAARRD ISP – Legumes Industry Profile,https://ispweb.pcaarrd.dost.gov.ph/legumes/,DOST-PCAARRD,PSA – Crops Production Survey (national & regional crop statistics),https://psa.gov.ph/crops-production-survey
84.9,42.7,23.4,29.16,61.11,6.09,63.89,Sandy Loam,corn,DA – Philippine Yellow Corn Industry Roadmap,https://www.da.gov.ph/wp-content/uploads/2023/05/Philippine-Yellow-Corn-Industry-Roadmap.pdf,Department of Agriculture,PSA – Crops Production Survey (national & regional crop statistics),https://psa.gov.ph/crops-production-survey
54,19.3,70.4,28.12,69.07,5.61,117.07,Volcanic Loam,pineapple,PCAARRD ISP – Queen Pineapple Industry Profile,https://ispweb.pcaarrd.dost.gov.ph/queen-pineapple/,DOST-PCAARRD,PSA – Crops Production Survey (national & regional crop statistics),https://psa.gov.ph/crops-production-survey
81.6,47.4,47.3,27.62,75.03,6.05,210.37,Loam,cacao,PCAARRD ISP – Cacao Industry Profile,https://ispweb.pcaarrd.dost.gov.ph/isp-commodities/cacao/,DOST-PCAARRD,PSA – Crops Production Survey (national & regional crop statistics),https://psa.gov.ph/crops-production-survey
76,40.4,75.7,20.64,67.25,6.48,40.41,Sandy Loam,tomato,PCAARRD ISP – Vegetables Industry Profile,https://ispweb.pcaarrd.dost.gov.ph/vegetables/,DOST-PCAARRD,PSA – Crops Production Survey (national & regional crop statistics),https://psa.gov.ph/crops-production-survey
98.6,44.3,42.1,28.48,78.23,6.94,261.87,Clay,rice,PCAARRD ISP – Rice Industry Profile,https://ispweb.pcaarrd.dost.gov.ph/isp-commodities/rice/,DOST-PCAARRD,PSA – Crops Production Survey (national & regional crop statistics),https://psa.gov.ph/crops-production-survey
15.1,42.8,36.1,26.9,62.91,6.04,77.82,Sandy,peanut,PCAARRD ISP – Legumes Industry Profile,https://ispweb.pcaarrd.dost.gov.ph/legumes/,DOST-PCAARRD,PSA – Crops Production Survey (national & regional crop statistics),https://psa.gov.ph/crops-production-survey
20.1,14,20.3,26.96,73.13,6.42,146.08,Loam,calamansi,Department of Agriculture – Official Portal,https://www.da.gov.ph/,Department of Agriculture,PSA – Crops Production Survey (national & regional crop statistics),https://psa.gov.ph/crops-production-survey
18.1,10,22.9,29.5,77.05,5.87,106.09,Clay Loam,calamansi,Department of Agriculture – Official Portal,https://www.da.gov.ph/,Department of Agriculture,PSA – Crops Production Survey (national & regional crop statistics),https://psa.gov.ph/crops-production-survey
44.8,34.9,47.4,26.53,68.87,6.53,61.96,Sandy Loam,okra,PCAARRD ISP – Vegetables Industry Profile,https://ispweb.pcaarrd.dost.gov.ph/vegetables/,DOST-PCAARRD,PSA – Crops Production Survey (national & regional crop statistics),https://psa.gov.ph/crops-production-survey
82.2,54.7,62.4,23.46,75.13,5.74,73.5,Sandy Loam,tomato,PCAARRD ISP – Vegetables Industry Profile,https://ispweb.pcaarrd.dost.gov.ph/vegetables/,DOST-PCAARRD,PSA – Crops Production Survey (national & regional crop statistics),https://psa.gov.ph/crops-production-survey
110.4,40.2,60.4,29.84,74.24,6.09,149.17,Clay Loam,sugarcane,PCAARRD ISP – Sugarcane Industry Profile,https://ispweb.pcaarrd.dost.gov.ph/sugarcane/,DOST-PCAARRD,PSA – Crops Production Survey (national & regional crop statistics),https://psa.gov.ph/crops-production-survey
64.6,49.1,38.9,23.47,68.67,6.96,60.1,Loam,onion,PCAARRD ISP – Vegetables Industry Profile (onion),https://ispweb.pcaarrd.dost.gov.ph/vegetables/,DOST-PCAARRD,PSA – Crops Production Survey (national & regional crop statistics),https://psa.gov.ph/crops-production-survey
58.7,28.6,84.8,26.6,61.1,6.22,82.81,Loam,tobacco,Department of Agriculture – Official Portal,https://www.da.gov.ph/,Department of Agriculture,PSA – Crops Production Survey (national & regional crop statistics),https://psa.gov.ph/crops-production-survey
51.2,62.2,46.1,32.96,82.47,5.98,149.8,Clay Loam,papaya,Department of Agriculture – Official Portal,https://www.da.gov.ph/,Department of Agriculture,PSA – Crops Production Survey (national & regional crop statistics),https://psa.gov.ph/crops-production-survey
59.7,47.9,45.4,29.26,71.73,6.42,55.21,Sandy Loam,okra,PCAARRD ISP – Vegetables Industry Profile,https://ispweb.pcaarrd.dost.gov.ph/vegetables/,DOST-PCAARRD,PSA – Crops Production Survey (national & regional crop statistics),https://psa.gov.ph/crops-production-survey
22.7,23.9,32.5,27.46,84.81,4.6,189.09,Clay Loam,rubber,PCAARRD ISP – Rubber Industry Profile,https://ispweb.pcaarrd.dost.gov.ph/isp-commodities/rubber/,DOST-PCAARRD,PSA – Crops Production Survey (national & regional crop statistics),https://psa.gov.ph/crops-production-survey
115.8,100.1,45.2,26.22,76.68,6.92,112.48,Clay Loam,banana,PCAARRD ISP – Banana Industry Profile,https://ispweb.pcaarrd.dost.gov.ph/isp-commodities/banana/,DOST-PCAARRD,PSA – Crops Production Survey (national & regional crop statistics),https://psa.gov.ph/crops-production-survey
91.7,15.4,34.2,24.57,72.08,5.67,183.63,Volcanic Loam,coffee,PCAARRD ISP – Coffee Industry Profile,https://ispweb.pcaarrd.dost.gov.ph/isp-commodities/coffee/,DOST-PCAARRD,PSA – Crops Production Survey (national & regional crop statistics),https://psa.gov.ph/crops-production-survey
56.2,37.7,48.3,27.85,67.62,6.75,64.33,Sandy Loam,okra,PCAARRD ISP – Vegetables Industry Profile,https://ispweb.pcaarrd.dost.gov.ph/vegetables/,DOST-PCAARRD,PSA – Crops Production Survey (national & regional crop statistics),https://psa.gov.ph/crops-production-survey
40.2,25.3,79.6,26.23,54.68,6.02,100.29,Loam,cassava,Department of Agriculture – Official Portal,https://www.da.gov.ph/,Department of Agriculture,PSA – Crops Production Survey (national & regional crop statistics),https://psa.gov.ph/crops-production-survey
49.8,36.2,82.2,28.98,67.35,6.72,140.14,Sandy Loam,cassava,Department of Agriculture – Official Portal,https://www.da.gov.ph/,Department of Agriculture,PSA – Crops Production Survey (national & regional crop statistics),https://psa.gov.ph/crops-production-survey
47.4,31.5,79.4,26.79,64.99,5.82,61.29,Sandy Loam,tobacco,Department of Agriculture – Official Portal,https://www.da.gov.ph/,Department of Agriculture,PSA – Crops Production Survey (national & regional crop statistics),https://psa.gov.ph/crops-production-survey
19.9,31.4,24.3,30.74,66.33,6.63,44.9,Loam,mungbean,PCAARRD ISP – Legumes Industry Profile,https://ispweb.pcaarrd.dost.gov.ph/legumes/,DOST-PCAARRD,PSA – Crops Production Survey (national & regional crop statistics),https://psa.gov.ph/crops-production-survey
18.7,14.7,18.9,26.06,73.86,5.86,161.93,Clay Loam,calamansi,Department of Agriculture – Official Portal,https://www.da.gov.ph/,Department of Agriculture,PSA – Crops Production Survey (national & regional crop statistics),https://psa.gov.ph/crops-production-survey
82.5,52.4,73.2,22.58,65.57,6.6,45.3,Loam,tomato,PCAARRD ISP – Vegetables Industry Profile,https://ispweb.pcaarrd.dost.gov.ph/vegetables/,DOST-PCAARRD,PSA – Crops Production Survey (national & regional crop statistics),https://psa.gov.ph/crops-production-survey
22.1,23.2,27.6,34.72,55.13,6.25,94.9,Sandy Loam,mango,PCAARRD ISP – Mango Industry Profile,https://ispweb.pcaarrd.dost.gov.ph/isp-commodities/mango/,DOST-PCAARRD,PSA – Crops Production Survey (national & regional crop statistics),https://psa.gov.ph/crops-production-survey
99.4,81,49,28.89,87.6,6.03,129.67,Loam,banana,PCAARRD ISP – Banana Industry Profile,https://ispweb.pcaarrd.dost.gov.ph/isp-commodities/banana/,DOST-PCAARRD,PSA – Crops Production Survey (national & regional crop statistics),https://psa.gov.ph/crops-production-survey
82.6,32.4,49,22.23,63.78,6.18,44.56,Sandy Loam,onion,PCAARRD ISP – Vegetables Industry Profile (onion),https://ispweb.pcaarrd.dost.gov.ph/vegetables/,DOST-PCAARRD,PSA – Crops Production Survey (national & regional crop statistics),https://psa.gov.ph/crops-production-survey
20.2,38.7,44.8,26.85,65.02,6.11,77.92,Sandy Loam,peanut,PCAARRD ISP – Legumes Industry Profile,https://ispweb.pcaarrd.dost.gov.ph/legumes/,DOST-PCAARRD,PSA – Crops Production Survey (national & regional crop statistics),https://psa.gov.ph/crops-production-survey
113.4,45.4,41,25.14,78.41,6.75,300.6,Clay Loam,rice,PCAARRD ISP – Rice Industry Profile,https://ispweb.pcaarrd.dost.gov.ph/isp-commodities/rice/,DOST-PCAARRD,PSA – Crops Production Survey (national & regional crop statistics),https://psa.gov.ph/crops-production-survey
89.3,56.4,44.7,24.24,74.28,6.59,272.32,Clay,rice,PCAARRD ISP – Rice Industry Profile,https://ispweb.pcaarrd.dost.gov.ph/isp-commodities/rice/,DOST-PCAARRD,PSA – Crops Production Survey (national & regional crop statistics),https://psa.gov.ph/crops-production-survey
64.8,33.2,53.2,23,67.65,6.6,60.35,Loam,garlic,PCAARRD ISP – Vegetables Industry Profile (garlic),https://ispweb.pcaarrd.dost.gov.ph/vegetables/,DOST-PCAARRD,PSA – Crops Production Survey (national & regional crop statistics),https://psa.gov.ph/crops-production-survey
43.3,15.1,85.3,29.68,71.41,5.81,147.54,Sandy Loam,pineapple,PCAARRD ISP – Queen Pineapple Industry Profile,https://ispweb.pcaarrd.dost.gov.ph/queen-pineapple/,DOST-PCAARRD,PSA – Crops Production Survey (national & regional crop statistics),https://psa.gov.ph/crops-production-survey
106.4,27.4,28.4,24.6,68.19,5.93,241.03,Volcanic Loam,coffee,PCAARRD ISP – Coffee Industry Profile,https://ispweb.pcaarrd.dost.gov.ph/isp-commodities/coffee/,DOST-PCAARRD,PSA – Crops Production Survey (national & regional crop statistics),https://psa.gov.ph/crops-production-survey
112.3,47.5,44.3,29.57,89.06,5.71,206.51,Clay,rice,PCAARRD ISP – Rice Industry Profile,https://ispweb.pcaarrd.dost.gov.ph/isp-commodities/rice/,DOST-PCAARRD,PSA – Crops Production Survey (national & regional crop statistics),https://psa.gov.ph/crops-production-survey
15.8,16,25.1,30.96,58.23,5.9,66.17,Clay Loam,mango,PCAARRD ISP – Mango Industry Profile,https://ispweb.pcaarrd.dost.gov.ph/isp-commodities/mango/,DOST-PCAARRD,PSA – Crops Production Survey (national & regional crop statistics),https://psa.gov.ph/crops-production-survey
113,97.7,53.5,28.11,77.8,6.9,110.67,Loam,banana,PCAARRD ISP – Banana Industry Profile,https://ispweb.pcaarrd.dost.gov.ph/isp-commodities/banana/,DOST-PCAARRD,PSA – Crops Production Survey (national & regional crop statistics),https://psa.gov.ph/crops-production-survey
97.2,15.7,25.7,27.65,72.42,6,251.21,Volcanic Loam,coffee,PCAARRD ISP – Coffee Industry Profile,https://ispweb.pcaarrd.dost.gov.ph/isp-commodities/coffee/,DOST-PCAARRD,PSA – Crops Production Survey (national & regional crop statistics),https://psa.gov.ph/crops-production-survey
55,52.4,45.4,25.65,83.96,6.4,111.51,Clay Loam,papaya,Department of Agriculture – Official Portal,https://www.da.gov.ph/,Department of Agriculture,PSA – Crops Production Survey (national & regional crop statistics),https://psa.gov.ph/crops-production-survey
18.3,20.5,27.5,35,69.92,6.99,85.33,Clay Loam,mango,PCAARRD ISP – Mango Industry Profile,https://ispweb.pcaarrd.dost.gov.ph/isp-commodities/mango/,DOST-PCAARRD,PSA – Crops Production Survey (national & regional crop statistics),https://psa.gov.ph/crops-production-survey
97.6,41.6,41.8,26.54,76.57,6.6,214.98,Clay Loam,rice,PCAARRD ISP – Rice Industry Profile,https://ispweb.pcaarrd.dost.gov.ph/isp-commodities/rice/,DOST-PCAARRD,PSA – Crops Production Survey (national & regional crop statistics),https://psa.gov.ph/crops-production-survey
19.5,49,30.4,24.89,68.33,6.64,68.37,Sandy Loam,peanut,PCAARRD ISP – Legumes Industry Profile,https://ispweb.pcaarrd.dost.gov.ph/legumes/,DOST-PCAARRD,PSA – Crops Production Survey (national & regional crop statistics),https://psa.gov.ph/crops-production-survey
66.9,33,50.7,30.83,83.75,6.3,203.27,Clay Loam,cacao,PCAARRD ISP – Cacao Industry Profile,https://ispweb.pcaarrd.dost.gov.ph/isp-commodities/cacao/,DOST-PCAARRD,PSA – Crops Production Survey (national & regional crop statistics),https://psa.gov.ph/crops-production-survey
53,24,66.3,30.04,57.93,5.51,143.61,Sandy Loam,cassava,Department of Agriculture – Official Portal,https://www.da.gov.ph/,Department of Agriculture,PSA – Crops Production Survey (national & regional crop statistics),https://psa.gov.ph/crops-production-survey
99.1,91.3,49.7,27.11,88.17,6.41,172.17,Loam,banana,PCAARRD ISP – Banana Industry Profile,https://ispweb.pcaarrd.dost.gov.ph/isp-commodities/banana/,DOST-PCAARRD,PSA – Crops Production Survey (national & regional crop statistics),https://psa.gov.ph/crops-production-survey
99.2,58.4,39.6,24.16,83.58,5.5,215.54,Clay Loam,rice,PCAARRD ISP – Rice Industry Profile,https://ispweb.pcaarrd.dost.gov.ph/isp-commodities/rice/,DOST-PCAARRD,PSA – Crops Production Survey (national & regional crop statistics),https://psa.gov.ph/crops-production-survey
70.4,42.4,50.9,22.79,58.38,6.96,36.35,Loam,onion,PCAARRD ISP – Vegetables Industry Profile (onion),https://ispweb.pcaarrd.dost.gov.ph/vegetables/,DOST-PCAARRD,PSA – Crops Production Survey (national & regional crop statistics),https://psa.gov.ph/crops-production-survey
95.9,46.1,21.1,27.68,61.47,6.59,64.98,Loam,corn,DA – Philippine Yellow Corn Industry Roadmap,https://www.da.gov.ph/wp-content/uploads/2023/05/Philippine-Yellow-Corn-Industry-Roadmap.pdf,Department of Agriculture,PSA – Crops Production Survey (national & regional crop statistics),https://psa.gov.ph/crops-production-survey
97,74.9,50.8,27.32,86.73,5.79,134.03,Volcanic Loam,banana,PCAARRD ISP – Banana Industry Profile,https://ispweb.pcaarrd.dost.gov.ph/isp-commodities/banana/,DOST-PCAARRD,PSA – Crops Production Survey (national & regional crop statistics),https://psa.gov.ph/crops-production-survey
46.5,29.6,86.3,30.52,64.38,5.65,132.76,Sandy Loam,cassava,Department of Agriculture – Official Portal,https://www.da.gov.ph/,Department of Agriculture,PSA – Crops Production Survey (national & regional crop statistics),https://psa.gov.ph/crops-production-survey
20.9,8.8,27.5,29.24,86.15,7.06,238.65,Volcanic Loam,coconut,PCAARRD ISP – Coconut Industry Profile,https://ispweb.pcaarrd.dost.gov.ph/isp-commodities/coconut/,DOST-PCAARRD,PSA – Crops Production Survey (national & regional crop statistics),https://psa.gov.ph/crops-production-survey
18.4,10.3,27.4,29.13,92.06,6.15,197.42,Sandy Loam,coconut,PCAARRD ISP – Coconut Industry Profile,https://ispweb.pcaarrd.dost.gov.ph/isp-commodities/coconut/,DOST-PCAARRD,PSA – Crops Production Survey (national & regional crop statistics),https://psa.gov.ph/crops-production-survey
29.5,32.3,90.1,24.29,59.83,6.67,107.93,Sandy Loam,sweet_potato,PCAARRD ISP – Sweetpotato Industry Profile,https://ispweb.pcaarrd.dost.gov.ph/sweetpotato/,DOST-PCAARRD,PSA – Crops Production Survey (national & regional crop statistics),https://psa.gov.ph/crops-production-survey
46.3,46.1,37.8,27.12,65.76,6.1,83.12,Clay Loam,ampalaya,PCAARRD ISP – Vegetables Industry Profile,https://ispweb.pcaarrd.dost.gov.ph/vegetables/,DOST-PCAARRD,PSA – Crops Production Survey (national & regional crop statistics),https://psa.gov.ph/crops-production-survey
87.8,32.1,50.6,26.61,56.25,6.16,46.89,Loam,garlic,PCAARRD ISP – Vegetables Industry Profile (garlic),https://ispweb.pcaarrd.dost.gov.ph/vegetables/,DOST-PCAARRD,PSA – Crops Production Survey (national & regional crop statistics),https://psa.gov.ph/crops-production-survey
90.1,24.5,29.1,25.59,63.86,5.62,200.09,Clay Loam,coffee,PCAARRD ISP – Coffee Industry Profile,https://ispweb.pcaarrd.dost.gov.ph/isp-commodities/coffee/,DOST-PCAARRD,PSA – Crops Production Survey (national & regional crop statistics),https://psa.gov.ph/crops-production-survey
56.3,24.1,71.9,32.32,65.48,5.06,127.43,Sandy Loam,cassava,Department of Agriculture – Official Portal,https://www.da.gov.ph/,Department of Agriculture,PSA – Crops Production Survey (national & regional crop statistics),https://psa.gov.ph/crops-production-survey
51.8,49.1,39.4,27.84,72.06,6.59,54.33,Loam,okra,PCAARRD ISP – Vegetables Industry Profile,https://ispweb.pcaarrd.dost.gov.ph/vegetables/,DOST-PCAARRD,PSA – Crops Production Survey (national & regional crop statistics),https://psa.gov.ph/crops-production-survey
81,51.8,74.7,24.2,74.71,5.83,41.98,Loam,tomato,PCAARRD ISP – Vegetables Industry Profile,https://ispweb.pcaarrd.dost.gov.ph/vegetables/,DOST-PCAARRD,PSA – Crops Production Survey (national & regional crop statistics),https://psa.gov.ph/crops-production-survey
66.3,40.2,59.8,23.9,60.39,6.4,55.16,Loam,onion,PCAARRD ISP – Vegetables Industry Profile (onion),https://ispweb.pcaarrd.dost.gov.ph/vegetables/,DOST-PCAARRD,PSA – Crops Production Survey (national & regional crop statistics),https://psa.gov.ph/crops-production-survey
94.1,86.6,48.3,26.33,84.73,5.91,171.24,Clay Loam,banana,PCAARRD ISP – Banana Industry Profile,https://ispweb.pcaarrd.dost.gov.ph/isp-commodities/banana/,DOST-PCAARRD,PSA – Crops Production Survey (national & regional crop statistics),https://psa.gov.ph/crops-production-survey
48.6,21.2,68,26.64,78.16,5.43,82.07,Volcanic Loam,pineapple,PCAARRD ISP – Queen Pineapple Industry Profile,https://ispweb.pcaarrd.dost.gov.ph/queen-pineapple/,DOST-PCAARRD,PSA – Crops Production Survey (national & regional crop statistics),https://psa.gov.ph/crops-production-survey
19.9,5.9,33.9,25.33,87.63,7.22,152.32,Sandy Loam,coconut,PCAARRD ISP – Coconut Industry Profile,https://ispweb.pcaarrd.dost.gov.ph/isp-commodities/coconut/,DOST-PCAARRD,PSA – Crops Production Survey (national & regional crop statistics),https://psa.gov.ph/crops-production-survey
16.7,20.3,30.1,28.93,54.07,5.85,60.91,Sandy Loam,mango,PCAARRD ISP – Mango Industry Profile,https://ispweb.pcaarrd.dost.gov.ph/isp-commodities/mango/,DOST-PCAARRD,PSA – Crops Production Survey (national & regional crop statistics),https://psa.gov.ph/crops-production-survey
49,44.1,30.5,28.04,71.37,6.54,80.94,Clay Loam,ampalaya,PCAARRD ISP – Vegetables Industry Profile,https://ispweb.pcaarrd.dost.gov.ph/vegetables/,DOST-PCAARRD,PSA – Crops Production Survey (national & regional crop statistics),https://psa.gov.ph/crops-production-survey
89.3,31,44.6,24.45,59.16,6.48,61.07,Loam,garlic,PCAARRD ISP – Vegetables Industry Profile (garlic),https://ispweb.pcaarrd.dost.gov.ph/vegetables/,DOST-PCAARRD,PSA – Crops Production Survey (national & regional crop statistics),https://psa.gov.ph/crops-production-survey
83.1,52.2,44,25.58,76.76,6.22,70.44,Clay Loam,eggplant,PCAARRD ISP – Vegetables Industry Profile,https://ispweb.pcaarrd.dost.gov.ph/vegetables/,DOST-PCAARRD,PSA – Crops Production Survey (national & regional crop statistics),https://psa.gov.ph/crops-production-survey
59.3,28.7,74.8,29.76,66.85,5.63,81.26,Volcanic Loam,pineapple,PCAARRD ISP – Queen Pineapple Industry Profile,https://ispweb.pcaarrd.dost.gov.ph/queen-pineapple/,DOST-PCAARRD,PSA – Crops Production Survey (national & regional crop statistics),https://psa.gov.ph/crops-production-survey
66.3,29.8,43,19.96,59.55,6.75,65.93,Loam,garlic,PCAARRD ISP – Vegetables Industry Profile (garlic),https://ispweb.pcaarrd.dost.gov.ph/vegetables/,DOST-PCAARRD,PSA – Crops Production Survey (national & regional crop statistics),https://psa.gov.ph/crops-production-survey
18.5,17.1,28.9,32.5,60.33,6.52,71.76,Sandy Loam,mango,PCAARRD ISP – Mango Industry Profile,https://ispweb.pcaarrd.dost.gov.ph/isp-commodities/mango/,DOST-PCAARRD,PSA – Crops Production Survey (national & regional crop statistics),https://psa.gov.ph/crops-production-survey
82.4,48.7,52.8,22.15,65.23,5.53,84.97,Clay Loam,eggplant,PCAARRD ISP – Vegetables Industry Profile,https://ispweb.pcaarrd.dost.gov.ph/vegetables/,DOST-PCAARRD,PSA – Crops Production Survey (national & regional crop statistics),https://psa.gov.ph/crops-production-survey
24.3,25.3,28.9,28.8,81.74,4.9,191.82,Volcanic Loam,rubber,PCAARRD ISP – Rubber Industry Profile,https://ispweb.pcaarrd.dost.gov.ph/isp-commodities/rubber/,DOST-PCAARRD,PSA – Crops Production Survey (national & regional crop statistics),https://psa.gov.ph/crops-production-survey
78.8,44.6,53.5,25.74,70,5.74,114.26,Clay Loam,eggplant,PCAARRD ISP – Vegetables Industry Profile,https://ispweb.pcaarrd.dost.gov.ph/vegetables/,DOST-PCAARRD,PSA – Crops Production Survey (national & regional crop statistics),https://psa.gov.ph/crops-production-survey
51.7,32.2,73.9,29.39,56.83,6.17,134.72,Sandy,cassava,Department of Agriculture – Official Portal,https://www.da.gov.ph/,Department of Agriculture,PSA – Crops Production Survey (national & regional crop statistics),https://psa.gov.ph/crops-production-survey
79.3,36.6,45.2,24.24,66.72,6.17,67.12,Sandy Loam,garlic,PCAARRD ISP – Vegetables Industry Profile (garlic),https://ispweb.pcaarrd.dost.gov.ph/vegetables/,DOST-PCAARRD,PSA – Crops Production Survey (national & regional crop statistics),https://psa.gov.ph/crops-production-survey
91.3,40.2,42.9,25.34,78.19,6.31,182.89,Clay,rice,PCAARRD ISP – Rice Industry Profile,https://ispweb.pcaarrd.dost.gov.ph/isp-commodities/rice/,DOST-PCAARRD,PSA – Crops Production Survey (national & regional crop statistics),https://psa.gov.ph/crops-production-survey
41.9,46.6,39.1,30.97,78.54,6.07,115.39,Loam,ampalaya,PCAARRD ISP – Vegetables Industry Profile,https://ispweb.pcaarrd.dost.gov.ph/vegetables/,DOST-PCAARRD,PSA – Crops Production Survey (national & regional crop statistics),https://psa.gov.ph/crops-production-survey
79.1,45.8,41.1,25.25,84.48,6.99,291.33,Clay Loam,rice,PCAARRD ISP – Rice Industry Profile,https://ispweb.pcaarrd.dost.gov.ph/isp-commodities/rice/,DOST-PCAARRD,PSA – Crops Production Survey (national & regional crop statistics),https://psa.gov.ph/crops-production-survey
24.7,19.2,25.2,27.82,52.65,5.58,64.7,Loam,mango,PCAARRD ISP – Mango Industry Profile,https://ispweb.pcaarrd.dost.gov.ph/isp-commodities/mango/,DOST-PCAARRD,PSA – Crops Production Survey (national & regional crop statistics),https://psa.gov.ph/crops-production-survey
90.5,45.4,69.3,24.65,61.82,6.75,70.78,Sandy Loam,tomato,PCAARRD ISP – Vegetables Industry Profile,https://ispweb.pcaarrd.dost.gov.ph/vegetables/,DOST-PCAARRD,PSA – Crops Production Survey (national & regional crop statistics),https://psa.gov.ph/crops-production-survey
91.1,41.3,39.4,24.74,60.53,6.77,67.68,Loam,onion,PCAARRD ISP – Vegetables Industry Profile (onion),https://ispweb.pcaarrd.dost.gov.ph/vegetables/,DOST-PCAARRD,PSA – Crops Production Survey (national & regional crop statistics),https://psa.gov.ph/crops-production-survey
18.1,7,34,24.75,94.74,7.84,157.15,Volcanic Loam,coconut,PCAARRD ISP – Coconut Industry Profile,https://ispweb.pcaarrd.dost.gov.ph/isp-commodities/coconut/,DOST-PCAARRD,PSA – Crops Production Survey (national & regional crop statistics),https://psa.gov.ph/crops-production-survey
76.5,55.8,75.7,25.38,64.77,6.21,45.81,Sandy Loam,tomato,PCAARRD ISP – Vegetables Industry Profile,https://ispweb.pcaarrd.dost.gov.ph/vegetables/,DOST-PCAARRD,PSA – Crops Production Survey (national & regional crop statistics),https://psa.gov.ph/crops-production-survey
103.4,90.3,47,28.85,84.92,5.68,112.04,Loam,banana,PCAARRD ISP – Banana Industry Profile,https://ispweb.pcaarrd.dost.gov.ph/isp-commodities/banana/,DOST-PCAARRD,PSA – Crops Production Survey (national & regional crop statistics),https://psa.gov.ph/crops-production-survey
74.2,49,78.9,23.11,65.32,6.16,54.1,Sandy Loam,tomato,PCAARRD ISP – Vegetables Industry Profile,https://ispweb.pcaarrd.dost.gov.ph/vegetables/,DOST-PCAARRD,PSA – Crops Production Survey (national & regional crop statistics),https://psa.gov.ph/crops-production-survey
62.2,46.8,78.3,21.4,64.17,5.99,72.51,Sandy Loam,tomato,PCAARRD ISP – Vegetables Industry Profile,https://ispweb.pcaarrd.dost.gov.ph/vegetables/,DOST-PCAARRD,PSA – Crops Production Survey (national & regional crop statistics),https://psa.gov.ph/crops-production-survey
22.9,40.5,21.1,26.3,64.42,6.48,49.69,Sandy Loam,mungbean,PCAARRD ISP – Legumes Industry Profile,https://ispweb.pcaarrd.dost.gov.ph/legumes/,DOST-PCAARRD,PSA – Crops Production Survey (national & regional crop statistics),https://psa.gov.ph/crops-production-survey
84.9,42.3,49.6,21.51,60.2,6.22,46.68,Sandy Loam,onion,PCAARRD ISP – Vegetables Industry Profile (onion),https://ispweb.pcaarrd.dost.gov.ph/vegetables/,DOST-PCAARRD,PSA – Crops Production Survey (national & regional crop statistics),https://psa.gov.ph/crops-production-survey
84.6,31.8,57.9,29.55,77.77,5.66,235.39,Loam,cacao,PCAARRD ISP – Cacao Industry Profile,https://ispweb.pcaarrd.dost.gov.ph/isp-commodities/cacao/,DOST-PCAARRD,PSA – Crops Production Survey (national & regional crop statistics),https://psa.gov.ph/crops-production-survey
15.9,35,36.4,26.03,66.34,5.9,60.54,Sandy Loam,peanut,PCAARRD ISP – Legumes Industry Profile,https://ispweb.pcaarrd.dost.gov.ph/legumes/,DOST-PCAARRD,PSA – Crops Production Survey (national & regional crop statistics),https://psa.gov.ph/crops-production-survey
51.6,61.4,48.7,25.99,76.64,6.18,188.32,Loam,papaya,Department of Agriculture – Official Portal,https://www.da.gov.ph/,Department of Agriculture,PSA – Crops Production Survey (national & regional crop statistics),https://psa.gov.ph/crops-production-survey
92.5,42.8,24.3,27.53,66.81,6.9,62.59,Loam,corn,DA – Philippine Yellow Corn Industry Roadmap,https://www.da.gov.ph/wp-content/uploads/2023/05/Philippine-Yellow-Corn-Industry-Roadmap.pdf,Department of Agriculture,PSA – Crops Production Survey (national & regional crop statistics),https://psa.gov.ph/crops-production-survey
104,40.4,43.5,27.05,84.29,6.9,274.96,Clay,rice,PCAARRD ISP – Rice Industry Profile,https://ispweb.pcaarrd.dost.gov.ph/isp-commodities/rice/,DOST-PCAARRD,PSA – Crops Production Survey (national & regional crop statistics),https://psa.gov.ph/crops-production-survey
91.5,57.4,23.2,28.11,72.26,5.5,113.12,Loam,corn,DA – Philippine Yellow Corn Industry Roadmap,https://www.da.gov.ph/wp-content/uploads/2023/05/Philippine-Yellow-Corn-Industry-Roadmap.pdf,Department of Agriculture,PSA – Crops Production Survey (national & regional crop statistics),https://psa.gov.ph/crops-production-survey
22.6,11.1,32,31.61,83.2,7.16,200.55,Volcanic Loam,coconut,PCAARRD ISP – Coconut Industry Profile,https://ispweb.pcaarrd.dost.gov.ph/isp-commodities/coconut/,DOST-PCAARRD,PSA – Crops Production Survey (national & regional crop statistics),https://psa.gov.ph/crops-production-survey
68.2,47.5,47.2,25.15,71.04,6.79,91.64,Loam,eggplant,PCAARRD ISP – Vegetables Industry Profile,https://ispweb.pcaarrd.dost.gov.ph/vegetables/,DOST-PCAARRD,PSA – Crops Production Survey (national & regional crop statistics),https://psa.gov.ph/crops-production-survey
79.6,56.2,44,31.66,77.04,6.57,216.32,Clay,rice,PCAARRD ISP – Rice Industry Profile,https://ispweb.pcaarrd.dost.gov.ph/isp-commodities/rice/,DOST-PCAARRD,PSA – Crops Production Survey (national & regional crop statistics),https://psa.gov.ph/crops-production-survey
50.9,28.1,72.4,26.34,67.05,5.07,118.55,Volcanic Loam,pineapple,PCAARRD ISP – Queen Pineapple Industry Profile,https://ispweb.pcaarrd.dost.gov.ph/queen-pineapple/,DOST-PCAARRD,PSA – Crops Production Survey (national & regional crop statistics),https://psa.gov.ph/crops-production-survey
85,53.9,39.8,25.38,87.13,6.51,188.75,Clay,rice,PCAARRD ISP – Rice Industry Profile,https://ispweb.pcaarrd.dost.gov.ph/isp-commodities/rice/,DOST-PCAARRD,PSA – Crops Production Survey (national & regional crop statistics),https://psa.gov.ph/crops-production-survey
62.9,42.6,76.5,24.87,68.8,6.66,41.92,Sandy Loam,tomato,PCAARRD ISP – Vegetables Industry Profile,https://ispweb.pcaarrd.dost.gov.ph/vegetables/,DOST-PCAARRD,PSA – Crops Production Survey (national & regional crop statistics),https://psa.gov.ph/crops-production-survey
59.7,33.7,42.8,27.96,70.2,6.13,95.14,Loam,ampalaya,PCAARRD ISP – Vegetables Industry Profile,https://ispweb.pcaarrd.dost.gov.ph/vegetables/,DOST-PCAARRD,PSA – Crops Production Survey (national & regional crop statistics),https://psa.gov.ph/crops-production-survey
80.8,40.7,44.5,21.69,58.26,7.03,62.44,Sandy Loam,onion,PCAARRD ISP – Vegetables Industry Profile (onion),https://ispweb.pcaarrd.dost.gov.ph/vegetables/,DOST-PCAARRD,PSA – Crops Production Survey (national & regional crop statistics),https://psa.gov.ph/crops-production-survey
55.2,32.7,80,30.07,59,5.52,43.36,Loam,tobacco,Department of Agriculture – Official Portal,https://www.da.gov.ph/,Department of Agriculture,PSA – Crops Production Survey (national & regional crop statistics),https://psa.gov.ph/crops-production-survey
76.5,44.2,55,26.15,68.24,6.16,91.77,Clay Loam,eggplant,PCAARRD ISP – Vegetables Industry Profile,https://ispweb.pcaarrd.dost.gov.ph/vegetables/,DOST-PCAARRD,PSA – Crops Production Survey (national & regional crop statistics),https://psa.gov.ph/crops-production-survey
85.3,53.3,22.5,27.82,60.25,7.65,94.7,Sandy Loam,corn,DA – Philippine Yellow Corn Industry Roadmap,https://www.da.gov.ph/wp-content/uploads/2023/05/Philippine-Yellow-Corn-Industry-Roadmap.pdf,Department of Agriculture,PSA – Crops Production Survey (national & regional crop statistics),https://psa.gov.ph/crops-production-survey
94.6,53.8,21.9,29.43,64.67,6.69,110.64,Loam,corn,DA – Philippine Yellow Corn Industry Roadmap,https://www.da.gov.ph/wp-content/uploads/2023/05/Philippine-Yellow-Corn-Industry-Roadmap.pdf,Department of Agriculture,PSA – Crops Production Survey (national & regional crop statistics),https://psa.gov.ph/crops-production-survey
87.2,46,50.3,29.48,87.55,5.88,199.31,Loam,cacao,PCAARRD ISP – Cacao Industry Profile,https://ispweb.pcaarrd.dost.gov.ph/isp-commodities/cacao/,DOST-PCAARRD,PSA – Crops Production Survey (national & regional crop statistics),https://psa.gov.ph/crops-production-survey
92.1,24.4,28.1,24.04,66.76,6.21,162.24,Volcanic Loam,coffee,PCAARRD ISP – Coffee Industry Profile,https://ispweb.pcaarrd.dost.gov.ph/isp-commodities/coffee/,DOST-PCAARRD,PSA – Crops Production Survey (national & regional crop statistics),https://psa.gov.ph/crops-production-survey
97.1,42.6,23.6,26.26,67.21,6.51,67.01,Loam,corn,DA – Philippine Yellow Corn Industry Roadmap,https://www.da.gov.ph/wp-content/uploads/2023/05/Philippine-Yellow-Corn-Industry-Roadmap.pdf,Department of Agriculture,PSA – Crops Production Survey (national & regional crop statistics),https://psa.gov.ph/crops-production-survey
77.3,58.3,40.8,28.16,89.6,5.97,172.37,Clay,rice,PCAARRD ISP – Rice Industry Profile,https://ispweb.pcaarrd.dost.gov.ph/isp-commodities/rice/,DOST-PCAARRD,PSA – Crops Production Survey (national & regional crop statistics),https://psa.gov.ph/crops-production-survey
60.4,51.7,81.5,20.88,74.37,6.21,95.79,Sandy Loam,tomato,PCAARRD ISP – Vegetables Industry Profile,https://ispweb.pcaarrd.dost.gov.ph/vegetables/,DOST-PCAARRD,PSA – Crops Production Survey (national & regional crop statistics),https://psa.gov.ph/crops-production-survey
86.1,37.1,56.5,24.96,59.39,6.55,68.64,Loam,garlic,PCAARRD ISP – Vegetables Industry Profile (garlic),https://ispweb.pcaarrd.dost.gov.ph/vegetables/,DOST-PCAARRD,PSA – Crops Production Survey (national & regional crop statistics),https://psa.gov.ph/crops-production-survey
110.6,16.9,28.3,23.66,71.73,4.95,150.44,Volcanic Loam,coffee,PCAARRD ISP – Coffee Industry Profile,https://ispweb.pcaarrd.dost.gov.ph/isp-commodities/coffee/,DOST-PCAARRD,PSA – Crops Production Survey (national & regional crop statistics),https://psa.gov.ph/crops-production-survey
44,26.7,71.7,26.05,70.61,4.91,129.93,Sandy Loam,pineapple,PCAARRD ISP – Queen Pineapple Industry Profile,https://ispweb.pcaarrd.dost.gov.ph/queen-pineapple/,DOST-PCAARRD,PSA – Crops Production Survey (national & regional crop statistics),https://psa.gov.ph/crops-production-survey
56.4,21.4,73.9,29.19,59.45,5.45,143.1,Sandy Loam,cassava,Department of Agriculture – Official Portal,https://www.da.gov.ph/,Department of Agriculture,PSA – Crops Production Survey (national & regional crop statistics),https://psa.gov.ph/crops-production-survey
41.8,63.1,46,31.87,81.73,5.8,201.69,Sandy Loam,papaya,Department of Agriculture – Official Portal,https://www.da.gov.ph/,Department of Agriculture,PSA – Crops Production Survey (national & regional crop statistics),https://psa.gov.ph/crops-production-survey
78.5,32.1,83.1,24.82,92.81,6.04,241.74,Volcanic Loam,abaca,PCAARRD ISP – Abaca Industry Profile,https://ispweb.pcaarrd.dost.gov.ph/isp-commodities/abaca/,DOST-PCAARRD,PSA – Crops Production Survey (national & regional crop statistics),https://psa.gov.ph/crops-production-survey
86,40.5,59.5,22.49,65.26,6.27,40.02,Sandy Loam,onion,PCAARRD ISP – Vegetables Industry Profile (onion),https://ispweb.pcaarrd.dost.gov.ph/vegetables/,DOST-PCAARRD,PSA – Crops Production Survey (national & regional crop statistics),https://psa.gov.ph/crops-production-survey
93.8,46.6,20.2,30.63,62.87,5.89,95.78,Sandy Loam,corn,DA – Philippine Yellow Corn Industry Roadmap,https://www.da.gov.ph/wp-content/uploads/2023/05/Philippine-Yellow-Corn-Industry-Roadmap.pdf,Department of Agriculture,PSA – Crops Production Survey (national & regional crop statistics),https://psa.gov.ph/crops-production-survey
18.7,11.1,34.7,30.87,88.38,5.22,237.49,Sandy,coconut,PCAARRD ISP – Coconut Industry Profile,https://ispweb.pcaarrd.dost.gov.ph/isp-commodities/coconut/,DOST-PCAARRD,PSA – Crops Production Survey (national & regional crop statistics),https://psa.gov.ph/crops-production-survey
22.7,47.3,28.2,30.33,67.35,6.81,61.33,Loam,mungbean,PCAARRD ISP – Legumes Industry Profile,https://ispweb.pcaarrd.dost.gov.ph/legumes/,DOST-PCAARRD,PSA – Crops Production Survey (national & regional crop statistics),https://psa.gov.ph/crops-production-survey
116.7,48.5,54.4,29.68,61.3,6.62,171.22,Loam,sugarcane,PCAARRD ISP – Sugarcane Industry Profile,https://ispweb.pcaarrd.dost.gov.ph/sugarcane/,DOST-PCAARRD,PSA – Crops Production Survey (national & regional crop statistics),https://psa.gov.ph/crops-production-survey
57,32.8,33.9,30.9,62.48,6.07,62.87,Sandy Loam,okra,PCAARRD ISP – Vegetables Industry Profile,https://ispweb.pcaarrd.dost.gov.ph/vegetables/,DOST-PCAARRD,PSA – Crops Production Survey (national & regional crop statistics),https://psa.gov.ph/crops-production-survey
63.8,43.6,50.9,32.35,83.49,6.71,220.04,Clay Loam,cacao,PCAARRD ISP – Cacao Industry Profile,https://ispweb.pcaarrd.dost.gov.ph/isp-commodities/cacao/,DOST-PCAARRD,PSA – Crops Production Survey (national & regional crop statistics),https://psa.gov.ph/crops-production-survey
25,41.2,28.9,29.59,61.12,6.49,83.89,Sandy Loam,mungbean,PCAARRD ISP – Legumes Industry Profile,https://ispweb.pcaarrd.dost.gov.ph/legumes/,DOST-PCAARRD,PSA – Crops Production Survey (national & regional crop statistics),https://psa.gov.ph/crops-production-survey
41.9,37,44.5,28.84,60.29,6.37,57.32,Sandy Loam,okra,PCAARRD ISP – Vegetables Industry Profile,https://ispweb.pcaarrd.dost.gov.ph/vegetables/,DOST-PCAARRD,PSA – Crops Production Survey (national & regional crop statistics),https://psa.gov.ph/crops-production-survey
91.6,50.8,42.2,29.32,84.78,7.09,280.06,Clay Loam,rice,PCAARRD ISP – Rice Industry Profile,https://ispweb.pcaarrd.dost.gov.ph/isp-commodities/rice/,DOST-PCAARRD,PSA – Crops Production Survey (national & regional crop statistics),https://psa.gov.ph/crops-production-survey
48.7,46,46.1,30.58,61.5,6.52,100.84,Sandy Loam,okra,PCAARRD ISP – Vegetables Industry Profile,https://ispweb.pcaarrd.dost.gov.ph/vegetables/,DOST-PCAARRD,PSA – Crops Production Survey (national & regional crop statistics),https://psa.gov.ph/crops-production-survey
64.8,30.3,59.1,27.74,76.97,6.91,221.13,Loam,cacao,PCAARRD ISP – Cacao Industry Profile,https://ispweb.pcaarrd.dost.gov.ph/isp-commodities/cacao/,DOST-PCAARRD,PSA – Crops Production Survey (national & regional crop statistics),https://psa.gov.ph/crops-production-survey
91.6,23.9,30.9,21.59,60.01,5.16,160.76,Volcanic Loam,coffee,PCAARRD ISP – Coffee Industry Profile,https://ispweb.pcaarrd.dost.gov.ph/isp-commodities/coffee/,DOST-PCAARRD,PSA – Crops Production Survey (national & regional crop statistics),https://psa.gov.ph/crops-production-survey
58.4,34.7,50.5,26.1,79.85,6.32,104.56,Loam,ampalaya,PCAARRD ISP – Vegetables Industry Profile,https://ispweb.pcaarrd.dost.gov.ph/vegetables/,DOST-PCAARRD,PSA – Crops Production Survey (national & regional crop statistics),https://psa.gov.ph/crops-production-survey
15.6,17.2,19.9,26.51,81.86,6.45,123.44,Loam,calamansi,Department of Agriculture – Official Portal,https://www.da.gov.ph/,Department of Agriculture,PSA – Crops Production Survey (national & regional crop statistics),https://psa.gov.ph/crops-production-survey
89.7,45.7,23.6,27.86,72.06,6.7,113.24,Loam,corn,DA – Philippine Yellow Corn Industry Roadmap,https://www.da.gov.ph/wp-content/uploads/2023/05/Philippine-Yellow-Corn-Industry-Roadmap.pdf,Department of Agriculture,PSA – Crops Production Survey (national & regional crop statistics),https://psa.gov.ph/crops-production-survey
134.6,44.4,47.7,26.31,64.1,5.79,125.15,Clay Loam,sugarcane,PCAARRD ISP – Sugarcane Industry Profile,https://ispweb.pcaarrd.dost.gov.ph/sugarcane/,DOST-PCAARRD,PSA – Crops Production Survey (national & regional crop statistics),https://psa.gov.ph/crops-production-survey
119.8,42.4,45.2,27.94,76.16,6.08,268.86,Silty Clay Loam,rice,PCAARRD ISP – Rice Industry Profile,https://ispweb.pcaarrd.dost.gov.ph/isp-commodities/rice/,DOST-PCAARRD,PSA – Crops Production Survey (national & regional crop statistics),https://psa.gov.ph/crops-production-survey
46.3,20.6,85.6,27.45,65.87,5.52,124.8,Volcanic Loam,pineapple,PCAARRD ISP – Queen Pineapple Industry Profile,https://ispweb.pcaarrd.dost.gov.ph/queen-pineapple/,DOST-PCAARRD,PSA – Crops Production Survey (national & regional crop statistics),https://psa.gov.ph/crops-production-survey
16.2,17.8,16.2,29.84,74.29,6.14,111.67,Clay Loam,calamansi,Department of Agriculture – Official Portal,https://www.da.gov.ph/,Department of Agriculture,PSA – Crops Production Survey (national & regional crop statistics),https://psa.gov.ph/crops-production-survey
48.1,44,43.8,26.28,78.65,6.11,71.11,Loam,ampalaya,PCAARRD ISP – Vegetables Industry Profile,https://ispweb.pcaarrd.dost.gov.ph/vegetables/,DOST-PCAARRD,PSA – Crops Production Survey (national & regional crop statistics),https://psa.gov.ph/crops-production-survey
24.2,40.2,35.3,26.07,63.52,6.75,53.77,Sandy Loam,peanut,PCAARRD ISP – Legumes Industry Profile,https://ispweb.pcaarrd.dost.gov.ph/legumes/,DOST-PCAARRD,PSA – Crops Production Survey (national & regional crop statistics),https://psa.gov.ph/crops-production-survey
72.5,36,86.3,28.35,85.83,5.18,220.6,Loam,abaca,PCAARRD ISP – Abaca Industry Profile,https://ispweb.pcaarrd.dost.gov.ph/isp-commodities/abaca/,DOST-PCAARRD,PSA – Crops Production Survey (national & regional crop statistics),https://psa.gov.ph/crops-production-survey
16.6,41.9,21,28.43,74.45,6.79,44.72,Sandy Loam,mungbean,PCAARRD ISP – Legumes Industry Profile,https://ispweb.pcaarrd.dost.gov.ph/legumes/,DOST-PCAARRD,PSA – Crops Production Survey (national & regional crop statistics),https://psa.gov.ph/crops-production-survey
49.8,23.8,73,28.14,54.05,5.7,61.39,Loam,tobacco,Department of Agriculture – Official Portal,https://www.da.gov.ph/,Department of Agriculture,PSA – Crops Production Survey (national & regional crop statistics),https://psa.gov.ph/crops-production-survey
76.6,40.1,49.4,25.16,53.92,6.49,69.74,Sandy Loam,onion,PCAARRD ISP – Vegetables Industry Profile (onion),https://ispweb.pcaarrd.dost.gov.ph/vegetables/,DOST-PCAARRD,PSA – Crops Production Survey (national & regional crop statistics),https://psa.gov.ph/crops-production-survey
79.4,48,48.9,21.82,63.98,6.34,36.08,Loam,onion,PCAARRD ISP – Vegetables Industry Profile (onion),https://ispweb.pcaarrd.dost.gov.ph/vegetables/,DOST-PCAARRD,PSA – Crops Production Survey (national & regional crop statistics),https://psa.gov.ph/crops-production-survey
108.6,28.3,25.1,21.93,70.47,6.05,175.64,Clay Loam,coffee,PCAARRD ISP – Coffee Industry Profile,https://ispweb.pcaarrd.dost.gov.ph/isp-commodities/coffee/,DOST-PCAARRD,PSA – Crops Production Survey (national & regional crop statistics),https://psa.gov.ph/crops-production-survey
68.7,18.5,61.9,29.99,93.15,5.8,290.73,Volcanic Loam,abaca,PCAARRD ISP – Abaca Industry Profile,https://ispweb.pcaarrd.dost.gov.ph/isp-commodities/abaca/,DOST-PCAARRD,PSA – Crops Production Survey (national & regional crop statistics),https://psa.gov.ph/crops-production-survey
94.3,88,53.4,29.25,88.04,5.74,102.72,Volcanic Loam,banana,PCAARRD ISP – Banana Industry Profile,https://ispweb.pcaarrd.dost.gov.ph/isp-commodities/banana/,DOST-PCAARRD,PSA – Crops Production Survey (national & regional crop statistics),https://psa.gov.ph/crops-production-survey
18.1,5.8,29.3,28.21,84.6,5.19,223.58,Volcanic Loam,coconut,PCAARRD ISP – Coconut Industry Profile,https://ispweb.pcaarrd.dost.gov.ph/isp-commodities/coconut/,DOST-PCAARRD,PSA – Crops Production Survey (national & regional crop statistics),https://psa.gov.ph/crops-production-survey
71.3,48.9,48.8,25.97,56.86,6.27,49.92,Sandy Loam,garlic,PCAARRD ISP – Vegetables Industry Profile (garlic),https://ispweb.pcaarrd.dost.gov.ph/vegetables/,DOST-PCAARRD,PSA – Crops Production Survey (national & regional crop statistics),https://psa.gov.ph/crops-production-survey
24,7.7,28.5,31.4,81.65,5.39,173.96,Sandy Loam,coconut,PCAARRD ISP – Coconut Industry Profile,https://ispweb.pcaarrd.dost.gov.ph/isp-commodities/coconut/,DOST-PCAARRD,PSA – Crops Production Survey (national & regional crop statistics),https://psa.gov.ph/crops-production-survey
21.7,42.3,26.9,25.3,71.45,6.12,72.22,Loam,mungbean,PCAARRD ISP – Legumes Industry Profile,https://ispweb.pcaarrd.dost.gov.ph/legumes/,DOST-PCAARRD,PSA – Crops Production Survey (national & regional crop statistics),https://psa.gov.ph/crops-production-survey
49.5,41.6,33.6,27.89,75.38,6.44,55.09,Sandy Loam,okra,PCAARRD ISP – Vegetables Industry Profile,https://ispweb.pcaarrd.dost.gov.ph/vegetables/,DOST-PCAARRD,PSA – Crops Production Survey (national & regional crop statistics),https://psa.gov.ph/crops-production-survey
85.6,42.6,21.2,26.17,65.46,7.16,104.43,Sandy Loam,corn,DA – Philippine Yellow Corn Industry Roadmap,https://www.da.gov.ph/wp-content/uploads/2023/05/Philippine-Yellow-Corn-Industry-Roadmap.pdf,Department of Agriculture,PSA – Crops Production Survey (national & regional crop statistics),https://psa.gov.ph/crops-production-survey
98.9,43.2,50.5,25.6,77.67,6.99,164.14,Clay Loam,sugarcane,PCAARRD ISP – Sugarcane Industry Profile,https://ispweb.pcaarrd.dost.gov.ph/sugarcane/,DOST-PCAARRD,PSA – Crops Production Survey (national & regional crop statistics),https://psa.gov.ph/crops-production-survey
22.5,22.3,32,27.38,57.16,7.14,71.36,Sandy Loam,mango,PCAARRD ISP – Mango Industry Profile,https://ispweb.pcaarrd.dost.gov.ph/isp-commodities/mango/,DOST-PCAARRD,PSA – Crops Production Survey (national & regional crop statistics),https://psa.gov.ph/crops-production-survey
24,9.7,34.6,27.18,83.72,5.04,196.63,Volcanic Loam,coconut,PCAARRD ISP – Coconut Industry Profile,https://ispweb.pcaarrd.dost.gov.ph/isp-commodities/coconut/,DOST-PCAARRD,PSA – Crops Production Survey (national & regional crop statistics),https://psa.gov.ph/crops-production-survey
82.8,45,60.3,25.84,62.85,6.98,56.81,Sandy Loam,garlic,PCAARRD ISP – Vegetables Industry Profile (garlic),https://ispweb.pcaarrd.dost.gov.ph/vegetables/,DOST-PCAARRD,PSA – Crops Production Survey (national & regional crop statistics),https://psa.gov.ph/crops-production-survey
85.9,44.7,85.1,26.27,76.18,5.92,100.34,Loam,tomato,PCAARRD ISP – Vegetables Industry Profile,https://ispweb.pcaarrd.dost.gov.ph/vegetables/,DOST-PCAARRD,PSA – Crops Production Survey (national & regional crop statistics),https://psa.gov.ph/crops-production-survey
35.8,27.5,28.2,29.3,81.89,4.96,219.22,Clay Loam,rubber,PCAARRD ISP – Rubber Industry Profile,https://ispweb.pcaarrd.dost.gov.ph/isp-commodities/rubber/,DOST-PCAARRD,PSA – Crops Production Survey (national & regional crop statistics),https://psa.gov.ph/crops-production-survey
103.4,41.3,45,28.36,90.54,5.56,155.14,Silty Clay Loam,rice,PCAARRD ISP – Rice Industry Profile,https://ispweb.pcaarrd.dost.gov.ph/isp-commodities/rice/,DOST-PCAARRD,PSA – Crops Production Survey (national & regional crop statistics),https://psa.gov.ph/crops-production-survey
48.9,24.1,88.7,26.85,57.33,6.5,65.09,Loam,tobacco,Department of Agriculture – Official Portal,https://www.da.gov.ph/,Department of Agriculture,PSA – Crops Production Survey (national & regional crop statistics),https://psa.gov.ph/crops-production-survey
112.9,57.4,44.3,26.43,78.3,6.59,262.86,Clay Loam,rice,PCAARRD ISP – Rice Industry Profile,https://ispweb.pcaarrd.dost.gov.ph/isp-commodities/rice/,DOST-PCAARRD,PSA – Crops Production Survey (national & regional crop statistics),https://psa.gov.ph/crops-production-survey
60.4,33.1,49.5,19.91,69.22,6.17,69.63,Loam,garlic,PCAARRD ISP – Vegetables Industry Profile (garlic),https://ispweb.pcaarrd.dost.gov.ph/vegetables/,DOST-PCAARRD,PSA – Crops Production Survey (national & regional crop statistics),https://psa.gov.ph/crops-production-survey
83.8,38,57.1,21.63,56.95,6.11,70.02,Sandy Loam,onion,PCAARRD ISP – Vegetables Industry Profile (onion),https://ispweb.pcaarrd.dost.gov.ph/vegetables/,DOST-PCAARRD,PSA – Crops Production Survey (national & regional crop statistics),https://psa.gov.ph/crops-production-survey
131.3,59.7,55.5,27.34,62.14,5.89,110.7,Sandy Loam,sugarcane,PCAARRD ISP – Sugarcane Industry Profile,https://ispweb.pcaarrd.dost.gov.ph/sugarcane/,DOST-PCAARRD,PSA – Crops Production Survey (national & regional crop statistics),https://psa.gov.ph/crops-production-survey
75.3,57.7,43.4,28.79,76.21,6.4,111.94,Clay Loam,eggplant,PCAARRD ISP – Vegetables Industry Profile,https://ispweb.pcaarrd.dost.gov.ph/vegetables/,DOST-PCAARRD,PSA – Crops Production Survey (national & regional crop statistics),https://psa.gov.ph/crops-production-survey
96.3,22.3,30.4,25.76,77.33,6.33,171.82,Clay Loam,coffee,PCAARRD ISP – Coffee Industry Profile,https://ispweb.pcaarrd.dost.gov.ph/isp-commodities/coffee/,DOST-PCAARRD,PSA – Crops Production Survey (national & regional crop statistics),https://psa.gov.ph/crops-production-survey
42.5,45,35.8,28.23,68.44,6.43,93.54,Clay Loam,ampalaya,PCAARRD ISP – Vegetables Industry Profile,https://ispweb.pcaarrd.dost.gov.ph/vegetables/,DOST-PCAARRD,PSA – Crops Production Survey (national & regional crop statistics),https://psa.gov.ph/crops-production-survey
29.5,26.1,20.7,30.32,86.54,5.05,210.67,Clay Loam,rubber,PCAARRD ISP – Rubber Industry Profile,https://ispweb.pcaarrd.dost.gov.ph/isp-commodities/rubber/,DOST-PCAARRD,PSA – Crops Production Survey (national & regional crop statistics),https://psa.gov.ph/crops-production-survey
99.1,52,44.9,30.28,82.42,6.9,276.92,Clay Loam,rice,PCAARRD ISP – Rice Industry Profile,https://ispweb.pcaarrd.dost.gov.ph/isp-commodities/rice/,DOST-PCAARRD,PSA – Crops Production Survey (national & regional crop statistics),https://psa.gov.ph/crops-production-survey
56,55.1,54.1,32.17,71.03,6.77,116.7,Loam,papaya,Department of Agriculture – Official Portal,https://www.da.gov.ph/,Department of Agriculture,PSA – Crops Production Survey (national & regional crop statistics),https://psa.gov.ph/crops-production-survey
46.3,26.7,83.4,26.85,70.68,6.72,60.11,Loam,sweet_potato,PCAARRD ISP – Sweetpotato Industry Profile,https://ispweb.pcaarrd.dost.gov.ph/sweetpotato/,DOST-PCAARRD,PSA – Crops Production Survey (national & regional crop statistics),https://psa.gov.ph/crops-production-survey
37.3,37.3,71.2,26.07,62.44,5.59,85.79,Loam,sweet_potato,PCAARRD ISP – Sweetpotato Industry Profile,https://ispweb.pcaarrd.dost.gov.ph/sweetpotato/,DOST-PCAARRD,PSA – Crops Production Survey (national & regional crop statistics),https://psa.gov.ph/crops-production-survey
58.2,40.8,44.1,27.51,74.98,6.09,66.01,Loam,ampalaya,PCAARRD ISP – Vegetables Industry Profile,https://ispweb.pcaarrd.dost.gov.ph/vegetables/,DOST-PCAARRD,PSA – Crops Production Survey (national & regional crop statistics),https://psa.gov.ph/crops-production-survey
81.2,40.1,40.9,30.55,83.48,5.61,194.27,Silty Clay Loam,rice,PCAARRD ISP – Rice Industry Profile,https://ispweb.pcaarrd.dost.gov.ph/isp-commodities/rice/,DOST-PCAARRD,PSA – Crops Production Survey (national & regional crop statistics),https://psa.gov.ph/crops-production-survey
84.3,51.9,47.3,23.99,75.92,6.51,102.69,Clay Loam,eggplant,PCAARRD ISP – Vegetables Industry Profile,https://ispweb.pcaarrd.dost.gov.ph/vegetables/,DOST-PCAARRD,PSA – Crops Production Survey (national & regional crop statistics),https://psa.gov.ph/crops-production-survey
52.6,34.9,49.5,26.55,72.76,6.64,73.03,Loam,ampalaya,PCAARRD ISP – Vegetables Industry Profile,https://ispweb.pcaarrd.dost.gov.ph/vegetables/,DOST-PCAARRD,PSA – Crops Production Survey (national & regional crop statistics),https://psa.gov.ph/crops-production-survey
20,23.9,31.2,32.12,53.85,7.14,66.14,Loam,mango,PCAARRD ISP – Mango Industry Profile,https://ispweb.pcaarrd.dost.gov.ph/isp-commodities/mango/,DOST-PCAARRD,PSA – Crops Production Survey (national & regional crop statistics),https://psa.gov.ph/crops-production-survey
16,10.1,19.3,32.65,82.47,5.53,124.89,Loam,calamansi,Department of Agriculture – Official Portal,https://www.da.gov.ph/,Department of Agriculture,PSA – Crops Production Survey (national & regional crop statistics),https://psa.gov.ph/crops-production-survey
65.6,47.4,45.4,26.9,66.04,6.56,61.05,Sandy Loam,garlic,PCAARRD ISP – Vegetables Industry Profile (garlic),https://ispweb.pcaarrd.dost.gov.ph/vegetables/,DOST-PCAARRD,PSA – Crops Production Survey (national & regional crop statistics),https://psa.gov.ph/crops-production-survey
39.4,21.9,84.3,30.76,65.82,5.85,145.53,Sandy Loam,cassava,Department of Agriculture – Official Portal,https://www.da.gov.ph/,Department of Agriculture,PSA – Crops Production Survey (national & regional crop statistics),https://psa.gov.ph/crops-production-survey
60.7,42.5,52.3,25.92,67.52,5.59,84.17,Loam,eggplant,PCAARRD ISP – Vegetables Industry Profile,https://ispweb.pcaarrd.dost.gov.ph/vegetables/,DOST-PCAARRD,PSA – Crops Production Survey (national & regional crop statistics),https://psa.gov.ph/crops-production-survey
94.3,18.9,32.1,25.82,67.38,5.31,164.36,Clay Loam,coffee,PCAARRD ISP – Coffee Industry Profile,https://ispweb.pcaarrd.dost.gov.ph/isp-commodities/coffee/,DOST-PCAARRD,PSA – Crops Production Survey (national & regional crop statistics),https://psa.gov.ph/crops-production-survey
73.7,41.7,49.5,21.53,56.22,6.42,32.15,Sandy Loam,garlic,PCAARRD ISP – Vegetables Industry Profile (garlic),https://ispweb.pcaarrd.dost.gov.ph/vegetables/,DOST-PCAARRD,PSA – Crops Production Survey (national & regional crop statistics),https://psa.gov.ph/crops-production-survey
75.5,32.5,56.6,20.54,65.22,6.39,60.02,Loam,garlic,PCAARRD ISP – Vegetables Industry Profile (garlic),https://ispweb.pcaarrd.dost.gov.ph/vegetables/,DOST-PCAARRD,PSA – Crops Production Survey (national & regional crop statistics),https://psa.gov.ph/crops-production-survey
56.3,22.2,85.2,25.52,76.89,4.56,126.28,Sandy Loam,pineapple,PCAARRD ISP – Queen Pineapple Industry Profile,https://ispweb.pcaarrd.dost.gov.ph/queen-pineapple/,DOST-PCAARRD,PSA – Crops Production Survey (national & regional crop statistics),https://psa.gov.ph/crops-production-survey
63.7,41.5,43.2,30.44,75.03,6.1,220.77,Loam,cacao,PCAARRD ISP – Cacao Industry Profile,https://ispweb.pcaarrd.dost.gov.ph/isp-commodities/cacao/,DOST-PCAARRD,PSA – Crops Production Survey (national & regional crop statistics),https://psa.gov.ph/crops-production-survey
109.5,45.9,43.5,28.72,64.75,6.64,164.75,Loam,sugarcane,PCAARRD ISP – Sugarcane Industry Profile,https://ispweb.pcaarrd.dost.gov.ph/sugarcane/,DOST-PCAARRD,PSA – Crops Production Survey (national & regional crop statistics),https://psa.gov.ph/crops-production-survey
115.9,82.3,51.3,25.03,83.55,5.8,127.53,Loam,banana,PCAARRD ISP – Banana Industry Profile,https://ispweb.pcaarrd.dost.gov.ph/isp-commodities/banana/,DOST-PCAARRD,PSA – Crops Production Survey (national & regional crop statistics),https://psa.gov.ph/crops-production-survey
66,43.6,46.1,24.27,68.07,6.46,54.35,Loam,garlic,PCAARRD ISP – Vegetables Industry Profile (garlic),https://ispweb.pcaarrd.dost.gov.ph/vegetables/,DOST-PCAARRD,PSA – Crops Production Survey (national & regional crop statistics),https://psa.gov.ph/crops-production-survey
21.4,18.6,22,30.31,71.31,6.01,129.7,Sandy Loam,calamansi,Department of Agriculture – Official Portal,https://www.da.gov.ph/,Department of Agriculture,PSA – Crops Production Survey (national & regional crop statistics),https://psa.gov.ph/crops-production-survey
86.5,46.7,24.2,28.68,61.37,5.56,80.05,Clay Loam,corn,DA – Philippine Yellow Corn Industry Roadmap,https://www.da.gov.ph/wp-content/uploads/2023/05/Philippine-Yellow-Corn-Industry-Roadmap.pdf,Department of Agriculture,PSA – Crops Production Survey (national & regional crop statistics),https://psa.gov.ph/crops-production-survey
55.3,44.3,48.1,29.63,68.75,6.06,71.24,Loam,okra,PCAARRD ISP – Vegetables Industry Profile,https://ispweb.pcaarrd.dost.gov.ph/vegetables/,DOST-PCAARRD,PSA – Crops Production Survey (national & regional crop statistics),https://psa.gov.ph/crops-production-survey
66,31.2,84,25.99,67.6,6.55,49.53,Sandy Loam,tobacco,Department of Agriculture – Official Portal,https://www.da.gov.ph/,Department of Agriculture,PSA – Crops Production Survey (national & regional crop statistics),https://psa.gov.ph/crops-production-survey
15.3,19.7,32.3,30.27,60.85,6.29,99.85,Clay Loam,mango,PCAARRD ISP – Mango Industry Profile,https://ispweb.pcaarrd.dost.gov.ph/isp-commodities/mango/,DOST-PCAARRD,PSA – Crops Production Survey (national & regional crop statistics),https://psa.gov.ph/crops-production-survey
22.3,13.6,24.7,25.55,71.12,5.99,164.27,Loam,calamansi,Department of Agriculture – Official Portal,https://www.da.gov.ph/,Department of Agriculture,PSA – Crops Production Survey (national & regional crop statistics),https://psa.gov.ph/crops-production-survey
63,38.6,57.3,24.5,83.03,6.43,245.34,Loam,cacao,PCAARRD ISP – Cacao Industry Profile,https://ispweb.pcaarrd.dost.gov.ph/isp-commodities/cacao/,DOST-PCAARRD,PSA – Crops Production Survey (national & regional crop statistics),https://psa.gov.ph/crops-production-survey
20.3,36.7,47.6,30.24,60.56,6.4,84.36,Sandy Loam,peanut,PCAARRD ISP – Legumes Industry Profile,https://ispweb.pcaarrd.dost.gov.ph/legumes/,DOST-PCAARRD,PSA – Crops Production Survey (national & regional crop statistics),https://psa.gov.ph/crops-production-survey
113.1,52,41.1,31.57,86.54,6.22,228.74,Silty Clay Loam,rice,PCAARRD ISP – Rice Industry Profile,https://ispweb.pcaarrd.dost.gov.ph/isp-commodities/rice/,DOST-PCAARRD,PSA – Crops Production Survey (national & regional crop statistics),https://psa.gov.ph/crops-production-survey
23.1,43.2,21.9,31.59,63.8,6.8,59.09,Loam,mungbean,PCAARRD ISP – Legumes Industry Profile,https://ispweb.pcaarrd.dost.gov.ph/legumes/,DOST-PCAARRD,PSA – Crops Production Survey (national & regional crop statistics),https://psa.gov.ph/crops-production-survey
69.8,37.8,56.4,27.67,82.79,6.77,157.21,Loam,cacao,PCAARRD ISP – Cacao Industry Profile,https://ispweb.pcaarrd.dost.gov.ph/isp-commodities/cacao/,DOST-PCAARRD,PSA – Crops Production Survey (national & regional crop statistics),https://psa.gov.ph/crops-production-survey
23.1,13.5,19.3,27.85,69.58,6.08,111.55,Loam,calamansi,Department of Agriculture – Official Portal,https://www.da.gov.ph/,Department of Agriculture,PSA – Crops Production Survey (national & regional crop statistics),https://psa.gov.ph/crops-production-survey
29.5,44.1,43.7,27.88,56.35,6.63,98.51,Sandy Loam,peanut,PCAARRD ISP – Legumes Industry Profile,https://ispweb.pcaarrd.dost.gov.ph/legumes/,DOST-PCAARRD,PSA – Crops Production Survey (national & regional crop statistics),https://psa.gov.ph/crops-production-survey
17.8,12.4,24.9,31.76,81.42,7.06,231.83,Sandy Loam,coconut,PCAARRD ISP – Coconut Industry Profile,https://ispweb.pcaarrd.dost.gov.ph/isp-commodities/coconut/,DOST-PCAARRD,PSA – Crops Production Survey (national & regional crop statistics),https://psa.gov.ph/crops-production-survey
84.1,52.4,22.1,25.35,67.69,5.96,113.56,Clay Loam,corn,DA – Philippine Yellow Corn Industry Roadmap,https://www.da.gov.ph/wp-content/uploads/2023/05/Philippine-Yellow-Corn-Industry-Roadmap.pdf,Department of Agriculture,PSA – Crops Production Survey (national & regional crop statistics),https://psa.gov.ph/crops-production-survey
56.7,25.6,72.1,28.46,72.82,6.76,99.97,Sandy Loam,cassava,Department of Agriculture – Official Portal,https://www.da.gov.ph/,Department of Agriculture,PSA – Crops Production Survey (national & regional crop statistics),https://psa.gov.ph/crops-production-survey
92.8,90.8,54.1,30.51,88.46,6.33,174.71,Loam,banana,PCAARRD ISP – Banana Industry Profile,https://ispweb.pcaarrd.dost.gov.ph/isp-commodities/banana/,DOST-PCAARRD,PSA – Crops Production Survey (national & regional crop statistics),https://psa.gov.ph/crops-production-survey
57.2,61.3,50.1,26.24,73.44,5.64,115.3,Sandy Loam,papaya,Department of Agriculture – Official Portal,https://www.da.gov.ph/,Department of Agriculture,PSA – Crops Production Survey (national & regional crop statistics),https://psa.gov.ph/crops-production-survey
51.5,33.2,87.8,22.67,62.08,5.59,58.87,Loam,sweet_potato,PCAARRD ISP – Sweetpotato Industry Profile,https://ispweb.pcaarrd.dost.gov.ph/sweetpotato/,DOST-PCAARRD,PSA – Crops Production Survey (national & regional crop statistics),https://psa.gov.ph/crops-production-survey
43.3,28.9,85.2,24.9,67.96,6.04,62.16,Loam,tobacco,Department of Agriculture – Official Portal,https://www.da.gov.ph/,Department of Agriculture,PSA – Crops Production Survey (national & regional crop statistics),https://psa.gov.ph/crops-production-survey
78.2,34.8,47.1,24.57,61.29,6.17,44.76,Loam,garlic,PCAARRD ISP – Vegetables Industry Profile (garlic),https://ispweb.pcaarrd.dost.gov.ph/vegetables/,DOST-PCAARRD,PSA – Crops Production Survey (national & regional crop statistics),https://psa.gov.ph/crops-production-survey
14.5,30.1,42.6,30.26,57.58,6.69,94.76,Sandy,peanut,PCAARRD ISP – Legumes Industry Profile,https://ispweb.pcaarrd.dost.gov.ph/legumes/,DOST-PCAARRD,PSA – Crops Production Survey (national & regional crop statistics),https://psa.gov.ph/crops-production-survey
19,35.7,37,23.7,65.77,6.42,78.81,Sandy Loam,peanut,PCAARRD ISP – Legumes Industry Profile,https://ispweb.pcaarrd.dost.gov.ph/legumes/,DOST-PCAARRD,PSA – Crops Production Survey (national & regional crop statistics),https://psa.gov.ph/crops-production-survey
65.9,31.1,59.1,25.09,65.64,6.22,56.49,Loam,onion,PCAARRD ISP – Vegetables Industry Profile (onion),https://ispweb.pcaarrd.dost.gov.ph/vegetables/,DOST-PCAARRD,PSA – Crops Production Survey (national & regional crop statistics),https://psa.gov.ph/crops-production-survey
53,40.8,40.8,30.05,69.22,5.96,75.15,Loam,ampalaya,PCAARRD ISP – Vegetables Industry Profile,https://ispweb.pcaarrd.dost.gov.ph/vegetables/,DOST-PCAARRD,PSA – Crops Production Survey (national & regional crop statistics),https://psa.gov.ph/crops-production-survey
116.3,56.5,43.2,31.11,82.3,5.97,214.78,Clay,rice,PCAARRD ISP – Rice Industry Profile,https://ispweb.pcaarrd.dost.gov.ph/isp-commodities/rice/,DOST-PCAARRD,PSA – Crops Production Survey (national & regional crop statistics),https://psa.gov.ph/crops-production-survey
124.7,50.2,51.1,25.69,74.37,6.22,122.15,Sandy Loam,sugarcane,PCAARRD ISP – Sugarcane Industry Profile,https://ispweb.pcaarrd.dost.gov.ph/sugarcane/,DOST-PCAARRD,PSA – Crops Production Survey (national & regional crop statistics),https://psa.gov.ph/crops-production-survey
96,17.8,30.3,23.66,78.51,5.91,232.68,Volcanic Loam,coffee,PCAARRD ISP – Coffee Industry Profile,https://ispweb.pcaarrd.dost.gov.ph/isp-commodities/coffee/,DOST-PCAARRD,PSA – Crops Production Survey (national & regional crop statistics),https://psa.gov.ph/crops-production-survey
24.8,5.9,25,29.89,89.59,8.02,242.09,Sandy Loam,coconut,PCAARRD ISP – Coconut Industry Profile,https://ispweb.pcaarrd.dost.gov.ph/isp-commodities/coconut/,DOST-PCAARRD,PSA – Crops Production Survey (national & regional crop statistics),https://psa.gov.ph/crops-production-survey
59.8,34,43.4,30.97,85.71,5.81,238.97,Loam,cacao,PCAARRD ISP – Cacao Industry Profile,https://ispweb.pcaarrd.dost.gov.ph/isp-commodities/cacao/,DOST-PCAARRD,PSA – Crops Production Survey (national & regional crop statistics),https://psa.gov.ph/crops-production-survey
58.5,30.5,30.3,30.85,60.9,6.19,57.71,Sandy Loam,okra,PCAARRD ISP – Vegetables Industry Profile,https://ispweb.pcaarrd.dost.gov.ph/vegetables/,DOST-PCAARRD,PSA – Crops Production Survey (national & regional crop statistics),https://psa.gov.ph/crops-production-survey
103.8,90.9,47.9,32.62,83.02,5.99,162.72,Loam,banana,PCAARRD ISP – Banana Industry Profile,https://ispweb.pcaarrd.dost.gov.ph/isp-commodities/banana/,DOST-PCAARRD,PSA – Crops Production Survey (national & regional crop statistics),https://psa.gov.ph/crops-production-survey
19.6,13,20.3,24.46,70.12,5.88,170.82,Loam,calamansi,Department of Agriculture – Official Portal,https://www.da.gov.ph/,Department of Agriculture,PSA – Crops Production Survey (national & regional crop statistics),https://psa.gov.ph/crops-production-survey
28.3,18.1,25.9,24.99,76.47,5.44,162.18,Volcanic Loam,rubber,PCAARRD ISP – Rubber Industry Profile,https://ispweb.pcaarrd.dost.gov.ph/isp-commodities/rubber/,DOST-PCAARRD,PSA – Crops Production Survey (national & regional crop statistics),https://psa.gov.ph/crops-production-survey
68,58.4,87.8,24.98,73.49,5.83,102.43,Sandy Loam,tomato,PCAARRD ISP – Vegetables Industry Profile,https://ispweb.pcaarrd.dost.gov.ph/vegetables/,DOST-PCAARRD,PSA – Crops Production Survey (national & regional crop statistics),https://psa.gov.ph/crops-production-survey
76.9,34.7,75.8,24.41,83.83,6.51,276.44,Volcanic Loam,abaca,PCAARRD ISP – Abaca Industry Profile,https://ispweb.pcaarrd.dost.gov.ph/isp-commodities/abaca/,DOST-PCAARRD,PSA – Crops Production Survey (national & regional crop statistics),https://psa.gov.ph/crops-production-survey
79.7,36.6,88.6,27.61,85.06,6.39,245.99,Loam,abaca,PCAARRD ISP – Abaca Industry Profile,https://ispweb.pcaarrd.dost.gov.ph/isp-commodities/abaca/,DOST-PCAARRD,PSA – Crops Production Survey (national & regional crop statistics),https://psa.gov.ph/crops-production-survey
93.7,23.8,31.1,23.54,62.2,6.19,236.69,Volcanic Loam,coffee,PCAARRD ISP – Coffee Industry Profile,https://ispweb.pcaarrd.dost.gov.ph/isp-commodities/coffee/,DOST-PCAARRD,PSA – Crops Production Survey (national & regional crop statistics),https://psa.gov.ph/crops-production-survey
51,45.8,45.8,27.68,69.51,6.35,100.48,Loam,ampalaya,PCAARRD ISP – Vegetables Industry Profile,https://ispweb.pcaarrd.dost.gov.ph/vegetables/,DOST-PCAARRD,PSA – Crops Production Survey (national & regional crop statistics),https://psa.gov.ph/crops-production-survey
124.4,39.6,42.7,34.01,78.28,7,176.49,Loam,sugarcane,PCAARRD ISP – Sugarcane Industry Profile,https://ispweb.pcaarrd.dost.gov.ph/sugarcane/,DOST-PCAARRD,PSA – Crops Production Survey (national & regional crop statistics),https://psa.gov.ph/crops-production-survey
40.4,35.1,48.5,31.88,74.98,6.43,108.57,Clay Loam,ampalaya,PCAARRD ISP – Vegetables Industry Profile,https://ispweb.pcaarrd.dost.gov.ph/vegetables/,DOST-PCAARRD,PSA – Crops Production Survey (national & regional crop statistics),https://psa.gov.ph/crops-production-survey
17.5,39.1,46.5,29.39,64.33,6.02,75.62,Sandy Loam,peanut,PCAARRD ISP – Legumes Industry Profile,https://ispweb.pcaarrd.dost.gov.ph/legumes/,DOST-PCAARRD,PSA – Crops Production Survey (national & regional crop statistics),https://psa.gov.ph/crops-production-survey
37.8,27.1,66.7,25.78,74.35,5.6,81.72,Sandy Loam,sweet_potato,PCAARRD ISP – Sweetpotato Industry Profile,https://ispweb.pcaarrd.dost.gov.ph/sweetpotato/,DOST-PCAARRD,PSA – Crops Production Survey (national & regional crop statistics),https://psa.gov.ph/crops-production-survey
85.9,34.1,75.3,25.26,93.57,5.3,212.74,Clay Loam,abaca,PCAARRD ISP – Abaca Industry Profile,https://ispweb.pcaarrd.dost.gov.ph/isp-commodities/abaca/,DOST-PCAARRD,PSA – Crops Production Survey (national & regional crop statistics),https://psa.gov.ph/crops-production-survey
53.9,24.8,73.7,26.17,76.46,4.82,87.84,Clay Loam,pineapple,PCAARRD ISP – Queen Pineapple Industry Profile,https://ispweb.pcaarrd.dost.gov.ph/queen-pineapple/,DOST-PCAARRD,PSA – Crops Production Survey (national & regional crop statistics),https://psa.gov.ph/crops-production-survey
101.6,23.4,27.4,25.48,74.25,6.57,240.87,Volcanic Loam,coffee,PCAARRD ISP – Coffee Industry Profile,https://ispweb.pcaarrd.dost.gov.ph/isp-commodities/coffee/,DOST-PCAARRD,PSA – Crops Production Survey (national & regional crop statistics),https://psa.gov.ph/crops-production-survey
95.2,54.6,40.3,30.01,89.96,7.01,278.61,Silty Clay Loam,rice,PCAARRD ISP – Rice Industry Profile,https://ispweb.pcaarrd.dost.gov.ph/isp-commodities/rice/,DOST-PCAARRD,PSA – Crops Production Survey (national & regional crop statistics),https://psa.gov.ph/crops-production-survey
68,35.1,40.9,30.21,89.2,6.14,234.05,Clay Loam,cacao,PCAARRD ISP – Cacao Industry Profile,https://ispweb.pcaarrd.dost.gov.ph/isp-commodities/cacao/,DOST-PCAARRD,PSA – Crops Production Survey (national & regional crop statistics),https://psa.gov.ph/crops-production-survey
106.4,24.2,33.8,26.91,70.97,5.56,164.16,Volcanic Loam,coffee,PCAARRD ISP – Coffee Industry Profile,https://ispweb.pcaarrd.dost.gov.ph/isp-commodities/coffee/,DOST-PCAARRD,PSA – Crops Production Survey (national & regional crop statistics),https://psa.gov.ph/crops-production-survey
40.8,30.9,77.8,28.62,67.03,5.88,122.91,Sandy Loam,pineapple,PCAARRD ISP – Queen Pineapple Industry Profile,https://ispweb.pcaarrd.dost.gov.ph/queen-pineapple/,DOST-PCAARRD,PSA – Crops Production Survey (national & regional crop statistics),https://psa.gov.ph/crops-production-survey
18,41.7,45.3,29,61.18,6.43,73.24,Sandy,peanut,PCAARRD ISP – Legumes Industry Profile,https://ispweb.pcaarrd.dost.gov.ph/legumes/,DOST-PCAARRD,PSA – Crops Production Survey (national & regional crop statistics),https://psa.gov.ph/crops-production-survey
22.8,35.9,29.7,32.75,62.54,6.4,41.64,Loam,mungbean,PCAARRD ISP – Legumes Industry Profile,https://ispweb.pcaarrd.dost.gov.ph/legumes/,DOST-PCAARRD,PSA – Crops Production Survey (national & regional crop statistics),https://psa.gov.ph/crops-production-survey
19.1,20.4,26,27.35,62.47,6.92,68.04,Loam,mango,PCAARRD ISP – Mango Industry Profile,https://ispweb.pcaarrd.dost.gov.ph/isp-commodities/mango/,DOST-PCAARRD,PSA – Crops Production Survey (national & regional crop statistics),https://psa.gov.ph/crops-production-survey
85.9,38.9,53.3,21.22,63.39,6.06,36.3,Loam,onion,PCAARRD ISP – Vegetables Industry Profile (onion),https://ispweb.pcaarrd.dost.gov.ph/vegetables/,DOST-PCAARRD,PSA – Crops Production Survey (national & regional crop statistics),https://psa.gov.ph/crops-production-survey
47.3,49.1,48.1,31.28,86.6,6.07,133.16,Clay Loam,papaya,Department of Agriculture – Official Portal,https://www.da.gov.ph/,Department of Agriculture,PSA – Crops Production Survey (national & regional crop statistics),https://psa.gov.ph/crops-production-survey
49.7,62.3,50.6,27.75,82.48,5.95,137.32,Loam,papaya,Department of Agriculture – Official Portal,https://www.da.gov.ph/,Department of Agriculture,PSA – Crops Production Survey (national & regional crop statistics),https://psa.gov.ph/crops-production-survey
24.7,32.4,24.7,29.81,68.31,6.97,39.59,Loam,mungbean,PCAARRD ISP – Legumes Industry Profile,https://ispweb.pcaarrd.dost.gov.ph/legumes/,DOST-PCAARRD,PSA – Crops Production Survey (national & regional crop statistics),https://psa.gov.ph/crops-production-survey
46.7,29,66.7,22.98,73.49,6.52,63.4,Sandy Loam,sweet_potato,PCAARRD ISP – Sweetpotato Industry Profile,https://ispweb.pcaarrd.dost.gov.ph/sweetpotato/,DOST-PCAARRD,PSA – Crops Production Survey (national & regional crop statistics),https://psa.gov.ph/crops-production-survey
56,32.9,65.8,30.57,71.11,6.37,65.02,Sandy Loam,cassava,Department of Agriculture – Official Portal,https://www.da.gov.ph/,Department of Agriculture,PSA – Crops Production Survey (national & regional crop statistics),https://psa.gov.ph/crops-production-survey
102.4,98.6,50.4,27.25,89.31,5.59,134.35,Clay Loam,banana,PCAARRD ISP – Banana Industry Profile,https://ispweb.pcaarrd.dost.gov.ph/isp-commodities/banana/,DOST-PCAARRD,PSA – Crops Production Survey (national & regional crop statistics),https://psa.gov.ph/crops-production-survey
15.8,23.6,27.3,34.38,50.87,7.03,64.74,Sandy Loam,mango,PCAARRD ISP – Mango Industry Profile,https://ispweb.pcaarrd.dost.gov.ph/isp-commodities/mango/,DOST-PCAARRD,PSA – Crops Production Survey (national & regional crop statistics),https://psa.gov.ph/crops-production-survey
60.6,47.8,40.5,25.68,73.3,6.33,114.16,Loam,eggplant,PCAARRD ISP – Vegetables Industry Profile,https://ispweb.pcaarrd.dost.gov.ph/vegetables/,DOST-PCAARRD,PSA – Crops Production Survey (national & regional crop statistics),https://psa.gov.ph/crops-production-survey
59.5,43.1,46,26.92,61.98,6.91,45.36,Sandy Loam,garlic,PCAARRD ISP – Vegetables Industry Profile (garlic),https://ispweb.pcaarrd.dost.gov.ph/vegetables/,DOST-PCAARRD,PSA – Crops Production Survey (national & regional crop statistics),https://psa.gov.ph/crops-production-survey
100.8,83.6,45.4,29.25,88,6.51,135.97,Clay Loam,banana,PCAARRD ISP – Banana Industry Profile,https://ispweb.pcaarrd.dost.gov.ph/isp-commodities/banana/,DOST-PCAARRD,PSA – Crops Production Survey (national & regional crop statistics),https://psa.gov.ph/crops-production-survey
67.7,29.6,88.7,28.68,82.61,5.59,258.07,Clay Loam,abaca,PCAARRD ISP – Abaca Industry Profile,https://ispweb.pcaarrd.dost.gov.ph/isp-commodities/abaca/,DOST-PCAARRD,PSA – Crops Production Survey (national & regional crop statistics),https://psa.gov.ph/crops-production-survey
100,24.3,25.4,22.01,80.28,5.56,176.91,Volcanic Loam,coffee,PCAARRD ISP – Coffee Industry Profile,https://ispweb.pcaarrd.dost.gov.ph/isp-commodities/coffee/,DOST-PCAARRD,PSA – Crops Production Survey (national & regional crop statistics),https://psa.gov.ph/crops-production-survey
93,19.3,33.8,20.01,74.18,5.24,236.09,Volcanic Loam,coffee,PCAARRD ISP – Coffee Industry Profile,https://ispweb.pcaarrd.dost.gov.ph/isp-commodities/coffee/,DOST-PCAARRD,PSA – Crops Production Survey (national & regional crop statistics),https://psa.gov.ph/crops-production-survey
16.8,32.9,27.2,31.41,69.48,6.84,62.21,Sandy Loam,mungbean,PCAARRD ISP – Legumes Industry Profile,https://ispweb.pcaarrd.dost.gov.ph/legumes/,DOST-PCAARRD,PSA – Crops Production Survey (national & regional crop statistics),https://psa.gov.ph/crops-production-survey
48.2,22.9,83.9,27.23,56.24,6.08,133.47,Sandy,cassava,Department of Agriculture – Official Portal,https://www.da.gov.ph/,Department of Agriculture,PSA – Crops Production Survey (national & regional crop statistics),https://psa.gov.ph/crops-production-survey
74.7,29.7,85.4,27.35,92.7,5.52,281.92,Clay Loam,abaca,PCAARRD ISP – Abaca Industry Profile,https://ispweb.pcaarrd.dost.gov.ph/isp-commodities/abaca/,DOST-PCAARRD,PSA – Crops Production Survey (national & regional crop statistics),https://psa.gov.ph/crops-production-survey
112.8,43.6,54.6,25.33,75.57,7.17,158.65,Clay Loam,sugarcane,PCAARRD ISP – Sugarcane Industry Profile,https://ispweb.pcaarrd.dost.gov.ph/sugarcane/,DOST-PCAARRD,PSA – Crops Production Survey (national & regional crop statistics),https://psa.gov.ph/crops-production-survey
21.5,15.7,32.1,32.88,64.73,6.27,76.71,Clay Loam,mango,PCAARRD ISP – Mango Industry Profile,https://ispweb.pcaarrd.dost.gov.ph/isp-commodities/mango/,DOST-PCAARRD,PSA – Crops Production Survey (national & regional crop statistics),https://psa.gov.ph/crops-production-survey
48.3,32.3,72.8,29.06,57.24,6.1,77.8,Loam,tobacco,Department of Agriculture – Official Portal,https://www.da.gov.ph/,Department of Agriculture,PSA – Crops Production Survey (national & regional crop statistics),https://psa.gov.ph/crops-production-survey
56.3,36.1,81.8,26.48,57.52,5.93,66.82,Loam,tobacco,Department of Agriculture – Official Portal,https://www.da.gov.ph/,Department of Agriculture,PSA – Crops Production Survey (national & regional crop statistics),https://psa.gov.ph/crops-production-survey
15.4,34.2,20.3,29.42,72.1,6.37,50.55,Sandy Loam,mungbean,PCAARRD ISP – Legumes Industry Profile,https://ispweb.pcaarrd.dost.gov.ph/legumes/,DOST-PCAARRD,PSA – Crops Production Survey (national & regional crop statistics),https://psa.gov.ph/crops-production-survey
86.3,57.8,76.3,21.74,60.78,6.65,46.1,Loam,tomato,PCAARRD ISP – Vegetables Industry Profile,https://ispweb.pcaarrd.dost.gov.ph/vegetables/,DOST-PCAARRD,PSA – Crops Production Survey (national & regional crop statistics),https://psa.gov.ph/crops-production-survey
40.1,46.1,49.5,27.1,82.72,5.81,138.07,Clay Loam,papaya,Department of Agriculture – Official Portal,https://www.da.gov.ph/,Department of Agriculture,PSA – Crops Production Survey (national & regional crop statistics),https://psa.gov.ph/crops-production-survey
77.8,38.9,40.8,24.9,58.54,6.23,58.66,Sandy Loam,garlic,PCAARRD ISP – Vegetables Industry Profile (garlic),https://ispweb.pcaarrd.dost.gov.ph/vegetables/,DOST-PCAARRD,PSA – Crops Production Survey (national & regional crop statistics),https://psa.gov.ph/crops-production-survey
75.3,49.9,87.7,25.27,72.2,5.5,89.8,Sandy Loam,tomato,PCAARRD ISP – Vegetables Industry Profile,https://ispweb.pcaarrd.dost.gov.ph/vegetables/,DOST-PCAARRD,PSA – Crops Production Survey (national & regional crop statistics),https://psa.gov.ph/crops-production-survey
20.6,42.8,23.6,25.91,62.24,6.18,70.7,Loam,mungbean,PCAARRD ISP – Legumes Industry Profile,https://ispweb.pcaarrd.dost.gov.ph/legumes/,DOST-PCAARRD,PSA – Crops Production Survey (national & regional crop statistics),https://psa.gov.ph/crops-production-survey
49.4,25.1,74.3,27.13,63.58,6.12,92.86,Loam,tobacco,Department of Agriculture – Official Portal,https://www.da.gov.ph/,Department of Agriculture,PSA – Crops Production Survey (national & regional crop statistics),https://psa.gov.ph/crops-production-survey
28.3,22.8,28.1,32.16,84.66,4.65,208.24,Clay Loam,rubber,PCAARRD ISP – Rubber Industry Profile,https://ispweb.pcaarrd.dost.gov.ph/isp-commodities/rubber/,DOST-PCAARRD,PSA – Crops Production Survey (national & regional crop statistics),https://psa.gov.ph/crops-production-survey
72.9,58.2,44.2,23.37,67.18,6.24,91.53,Loam,eggplant,PCAARRD ISP – Vegetables Industry Profile,https://ispweb.pcaarrd.dost.gov.ph/vegetables/,DOST-PCAARRD,PSA – Crops Production Survey (national & regional crop statistics),https://psa.gov.ph/crops-production-survey
69.6,43.1,43,26.79,67.82,5.8,75.47,Clay Loam,eggplant,PCAARRD ISP – Vegetables Industry Profile,https://ispweb.pcaarrd.dost.gov.ph/vegetables/,DOST-PCAARRD,PSA – Crops Production Survey (national & regional crop statistics),https://psa.gov.ph/crops-production-survey
88.3,53.9,63.9,23.8,73.46,5.7,50.42,Loam,tomato,PCAARRD ISP – Vegetables Industry Profile,https://ispweb.pcaarrd.dost.gov.ph/vegetables/,DOST-PCAARRD,PSA – Crops Production Survey (national & regional crop statistics),https://psa.gov.ph/crops-production-survey
46.2,55.3,51.3,28.8,81.84,6.56,150.7,Loam,papaya,Department of Agriculture – Official Portal,https://www.da.gov.ph/,Department of Agriculture,PSA – Crops Production Survey (national & regional crop statistics),https://psa.gov.ph/crops-production-survey
21.1,38.2,43.9,23.58,68.98,6.21,93.05,Sandy,peanut,PCAARRD ISP – Legumes Industry Profile,https://ispweb.pcaarrd.dost.gov.ph/legumes/,DOST-PCAARRD,PSA – Crops Production Survey (national & regional crop statistics),https://psa.gov.ph/crops-production-survey
40.7,51.5,42.9,24.28,70.38,6.54,52.35,Sandy Loam,okra,PCAARRD ISP – Vegetables Industry Profile,https://ispweb.pcaarrd.dost.gov.ph/vegetables/,DOST-PCAARRD,PSA – Crops Production Survey (national & regional crop statistics),https://psa.gov.ph/crops-production-survey
27.4,30.5,31.4,27.96,66.35,6.8,65.43,Sandy Loam,peanut,PCAARRD ISP – Legumes Industry Profile,https://ispweb.pcaarrd.dost.gov.ph/legumes/,DOST-PCAARRD,PSA – Crops Production Survey (national & regional crop statistics),https://psa.gov.ph/crops-production-survey
37.9,16.6,27.9,28.46,81.66,4.69,178.46,Loam,rubber,PCAARRD ISP – Rubber Industry Profile,https://ispweb.pcaarrd.dost.gov.ph/isp-commodities/rubber/,DOST-PCAARRD,PSA – Crops Production Survey (national & regional crop statistics),https://psa.gov.ph/crops-production-survey
65.9,23.3,60.3,23.97,63.69,5.9,52.68,Loam,tobacco,Department of Agriculture – Official Portal,https://www.da.gov.ph/,Department of Agriculture,PSA – Crops Production Survey (national & regional crop statistics),https://psa.gov.ph/crops-production-survey
18.1,36.5,43.9,30.15,61.7,6.39,59.55,Sandy,peanut,PCAARRD ISP – Legumes Industry Profile,https://ispweb.pcaarrd.dost.gov.ph/legumes/,DOST-PCAARRD,PSA – Crops Production Survey (national & regional crop statistics),https://psa.gov.ph/crops-production-survey
72.5,37,44.6,25.28,85.1,5.56,223.14,Clay Loam,cacao,PCAARRD ISP – Cacao Industry Profile,https://ispweb.pcaarrd.dost.gov.ph/isp-commodities/cacao/,DOST-PCAARRD,PSA – Crops Production Survey (national & regional crop statistics),https://psa.gov.ph/crops-production-survey
79.7,49.6,42.1,30.31,81.06,6.18,228.61,Clay,rice,PCAARRD ISP – Rice Industry Profile,https://ispweb.pcaarrd.dost.gov.ph/isp-commodities/rice/,DOST-PCAARRD,PSA – Crops Production Survey (national & regional crop statistics),https://psa.gov.ph/crops-production-survey
47.5,35.2,71.3,26.47,66.87,6.23,71.1,Sandy Loam,sweet_potato,PCAARRD ISP – Sweetpotato Industry Profile,https://ispweb.pcaarrd.dost.gov.ph/sweetpotato/,DOST-PCAARRD,PSA – Crops Production Survey (national & regional crop statistics),https://psa.gov.ph/crops-production-survey
62.2,35.7,60,32.05,82.64,6.76,164.23,Volcanic Loam,cacao,PCAARRD ISP – Cacao Industry Profile,https://ispweb.pcaarrd.dost.gov.ph/isp-commodities/cacao/,DOST-PCAARRD,PSA – Crops Production Survey (national & regional crop statistics),https://psa.gov.ph/crops-production-survey
48.4,45.3,33.9,30.53,72.76,6.17,101.89,Loam,ampalaya,PCAARRD ISP – Vegetables Industry Profile,https://ispweb.pcaarrd.dost.gov.ph/vegetables/,DOST-PCAARRD,PSA – Crops Production Survey (national & regional crop statistics),https://psa.gov.ph/crops-production-survey
15.8,19.7,34.5,33.1,66.7,7,82.07,Sandy Loam,mango,PCAARRD ISP – Mango Industry Profile,https://ispweb.pcaarrd.dost.gov.ph/isp-commodities/mango/,DOST-PCAARRD,PSA – Crops Production Survey (national & regional crop statistics),https://psa.gov.ph/crops-production-survey
62.5,43.5,43,25.97,68.92,6.11,58.66,Sandy Loam,garlic,PCAARRD ISP – Vegetables Industry Profile (garlic),https://ispweb.pcaarrd.dost.gov.ph/vegetables/,DOST-PCAARRD,PSA – Crops Production Survey (national & regional crop statistics),https://psa.gov.ph/crops-production-survey
51.3,60.5,50.5,29.25,81.48,5.92,114.72,Clay Loam,papaya,Department of Agriculture – Official Portal,https://www.da.gov.ph/,Department of Agriculture,PSA – Crops Production Survey (national & regional crop statistics),https://psa.gov.ph/crops-production-survey
98.6,57.9,42.4,28.37,83.76,6.27,208.67,Silty Clay Loam,rice,PCAARRD ISP – Rice Industry Profile,https://ispweb.pcaarrd.dost.gov.ph/isp-commodities/rice/,DOST-PCAARRD,PSA – Crops Production Survey (national & regional crop statistics),https://psa.gov.ph/crops-production-survey
91.1,41.9,22.3,30.49,67.37,5.56,78.27,Loam,corn,DA – Philippine Yellow Corn Industry Roadmap,https://www.da.gov.ph/wp-content/uploads/2023/05/Philippine-Yellow-Corn-Industry-Roadmap.pdf,Department of Agriculture,PSA – Crops Production Survey (national & regional crop statistics),https://psa.gov.ph/crops-production-survey
41.6,31,63.8,24.36,72.83,6.63,97.83,Sandy Loam,sweet_potato,PCAARRD ISP – Sweetpotato Industry Profile,https://ispweb.pcaarrd.dost.gov.ph/sweetpotato/,DOST-PCAARRD,PSA – Crops Production Survey (national & regional crop statistics),https://psa.gov.ph/crops-production-survey
59.3,35.7,70.8,25.03,85.71,6.22,291.45,Volcanic Loam,abaca,PCAARRD ISP – Abaca Industry Profile,https://ispweb.pcaarrd.dost.gov.ph/isp-commodities/abaca/,DOST-PCAARRD,PSA – Crops Production Survey (national & regional crop statistics),https://psa.gov.ph/crops-production-survey
87.4,36.4,74.4,31.5,85.86,5.55,287.12,Loam,abaca,PCAARRD ISP – Abaca Industry Profile,https://ispweb.pcaarrd.dost.gov.ph/isp-commodities/abaca/,DOST-PCAARRD,PSA – Crops Production Survey (national & regional crop statistics),https://psa.gov.ph/crops-production-survey
70.5,32.5,40.6,30.77,75.36,6.22,218.67,Loam,cacao,PCAARRD ISP – Cacao Industry Profile,https://ispweb.pcaarrd.dost.gov.ph/isp-commodities/cacao/,DOST-PCAARRD,PSA – Crops Production Survey (national & regional crop statistics),https://psa.gov.ph/crops-production-survey
61.4,58,50.2,28.07,79.06,5.63,83.17,Clay Loam,eggplant,PCAARRD ISP – Vegetables Industry Profile,https://ispweb.pcaarrd.dost.gov.ph/vegetables/,DOST-PCAARRD,PSA – Crops Production Survey (national & regional crop statistics),https://psa.gov.ph/crops-production-survey
47.6,47.6,52.1,28.32,73.08,6.75,202.55,Sandy Loam,papaya,Department of Agriculture – Official Portal,https://www.da.gov.ph/,Department of Agriculture,PSA – Crops Production Survey (national & regional crop statistics),https://psa.gov.ph/crops-production-survey
65.4,49.4,89.4,25.55,67.08,5.7,68.72,Sandy Loam,tomato,PCAARRD ISP – Vegetables Industry Profile,https://ispweb.pcaarrd.dost.gov.ph/vegetables/,DOST-PCAARRD,PSA – Crops Production Survey (national & regional crop statistics),https://psa.gov.ph/crops-production-survey
23.2,48.8,44.3,28.91,59.15,5.82,87.21,Sandy,peanut,PCAARRD ISP – Legumes Industry Profile,https://ispweb.pcaarrd.dost.gov.ph/legumes/,DOST-PCAARRD,PSA – Crops Production Survey (national & regional crop statistics),https://psa.gov.ph/crops-production-survey
56,26.9,75.6,30.14,79.16,5.13,105.31,Volcanic Loam,pineapple,PCAARRD ISP – Queen Pineapple Industry Profile,https://ispweb.pcaarrd.dost.gov.ph/queen-pineapple/,DOST-PCAARRD,PSA – Crops Production Survey (national & regional crop statistics),https://psa.gov.ph/crops-production-survey
28.9,27.4,31.1,24.97,88.31,4.85,207.66,Clay Loam,rubber,PCAARRD ISP – Rubber Industry Profile,https://ispweb.pcaarrd.dost.gov.ph/isp-commodities/rubber/,DOST-PCAARRD,PSA – Crops Production Survey (national & regional crop statistics),https://psa.gov.ph/crops-production-survey
116.3,83.6,53.1,30.99,87.36,6.51,160.49,Clay Loam,banana,PCAARRD ISP – Banana Industry Profile,https://ispweb.pcaarrd.dost.gov.ph/isp-commodities/banana/,DOST-PCAARRD,PSA – Crops Production Survey (national & regional crop statistics),https://psa.gov.ph/crops-production-survey
102.3,71.2,52.1,26.86,85.76,5.8,115.72,Loam,banana,PCAARRD ISP – Banana Industry Profile,https://ispweb.pcaarrd.dost.gov.ph/isp-commodities/banana/,DOST-PCAARRD,PSA – Crops Production Survey (national & regional crop statistics),https://psa.gov.ph/crops-production-survey
57.8,29.2,60.1,31.74,70.11,5.68,59.47,Loam,cassava,Department of Agriculture – Official Portal,https://www.da.gov.ph/,Department of Agriculture,PSA – Crops Production Survey (national & regional crop statistics),https://psa.gov.ph/crops-production-survey
23.1,43.9,29.6,25.37,70.5,6.61,46.04,Loam,mungbean,PCAARRD ISP – Legumes Industry Profile,https://ispweb.pcaarrd.dost.gov.ph/legumes/,DOST-PCAARRD,PSA – Crops Production Survey (national & regional crop statistics),https://psa.gov.ph/crops-production-survey
83.9,40.6,53.3,24.89,82.89,6.7,217.53,Loam,cacao,PCAARRD ISP – Cacao Industry Profile,https://ispweb.pcaarrd.dost.gov.ph/isp-commodities/cacao/,DOST-PCAARRD,PSA – Crops Production Survey (national & regional crop statistics),https://psa.gov.ph/crops-production-survey
81.5,42.5,46.1,26.97,77.99,6.4,205.06,Volcanic Loam,cacao,PCAARRD ISP – Cacao Industry Profile,https://ispweb.pcaarrd.dost.gov.ph/isp-commodities/cacao/,DOST-PCAARRD,PSA – Crops Production Survey (national & regional crop statistics),https://psa.gov.ph/crops-production-survey
27.3,21.9,28.7,27.1,81.95,4.96,165.26,Volcanic Loam,rubber,PCAARRD ISP – Rubber Industry Profile,https://ispweb.pcaarrd.dost.gov.ph/isp-commodities/rubber/,DOST-PCAARRD,PSA – Crops Production Survey (national & regional crop statistics),https://psa.gov.ph/crops-production-survey
125.2,42.5,54.4,25.88,63.54,5.83,111.88,Loam,sugarcane,PCAARRD ISP – Sugarcane Industry Profile,https://ispweb.pcaarrd.dost.gov.ph/sugarcane/,DOST-PCAARRD,PSA – Crops Production Survey (national & regional crop statistics),https://psa.gov.ph/crops-production-survey
45.4,36.3,31,27.36,62.34,6.07,77.69,Sandy Loam,okra,PCAARRD ISP – Vegetables Industry Profile,https://ispweb.pcaarrd.dost.gov.ph/vegetables/,DOST-PCAARRD,PSA – Crops Production Survey (national & regional crop statistics),https://psa.gov.ph/crops-production-survey
61.4,41.1,54.8,23.7,57.63,6.02,43.97,Loam,garlic,PCAARRD ISP – Vegetables Industry Profile (garlic),https://ispweb.pcaarrd.dost.gov.ph/vegetables/,DOST-PCAARRD,PSA – Crops Production Survey (national & regional crop statistics),https://psa.gov.ph/crops-production-survey
68.7,20,63.2,27.04,60.01,6.08,62.33,Sandy Loam,tobacco,Department of Agriculture – Official Portal,https://www.da.gov.ph/,Department of Agriculture,PSA – Crops Production Survey (national & regional crop statistics),https://psa.gov.ph/crops-production-survey
70.5,39.9,42.8,21.68,70.29,6.36,50.69,Sandy Loam,garlic,PCAARRD ISP – Vegetables Industry Profile (garlic),https://ispweb.pcaarrd.dost.gov.ph/vegetables/,DOST-PCAARRD,PSA – Crops Production Survey (national & regional crop statistics),https://psa.gov.ph/crops-production-survey
53,48.2,52.8,31.52,88.67,6.25,111.19,Loam,papaya,Department of Agriculture – Official Portal,https://www.da.gov.ph/,Department of Agriculture,PSA – Crops Production Survey (national & regional crop statistics),https://psa.gov.ph/crops-production-survey
21.5,21.8,33.2,35.35,62.59,6.12,68.8,Sandy Loam,mango,PCAARRD ISP – Mango Industry Profile,https://ispweb.pcaarrd.dost.gov.ph/isp-commodities/mango/,DOST-PCAARRD,PSA – Crops Production Survey (national & regional crop statistics),https://psa.gov.ph/crops-production-survey
98.7,58.1,25.2,31.08,66.67,6.23,76.4,Loam,corn,DA – Philippine Yellow Corn Industry Roadmap,https://www.da.gov.ph/wp-content/uploads/2023/05/Philippine-Yellow-Corn-Industry-Roadmap.pdf,Department of Agriculture,PSA – Crops Production Survey (national & regional crop statistics),https://psa.gov.ph/crops-production-survey
85.3,56.9,41.9,22.86,76.1,5.92,90.36,Loam,eggplant,PCAARRD ISP – Vegetables Industry Profile,https://ispweb.pcaarrd.dost.gov.ph/vegetables/,DOST-PCAARRD,PSA – Crops Production Survey (national & regional crop statistics),https://psa.gov.ph/crops-production-survey
34.6,24.6,76.2,24.23,62.84,5.88,96.27,Loam,sweet_potato,PCAARRD ISP – Sweetpotato Industry Profile,https://ispweb.pcaarrd.dost.gov.ph/sweetpotato/,DOST-PCAARRD,PSA – Crops Production Survey (national & regional crop statistics),https://psa.gov.ph/crops-production-survey
116.8,44.5,40.9,31.64,78.53,5.53,256.88,Clay,rice,PCAARRD ISP – Rice Industry Profile,https://ispweb.pcaarrd.dost.gov.ph/isp-commodities/rice/,DOST-PCAARRD,PSA – Crops Production Survey (national & regional crop statistics),https://psa.gov.ph/crops-production-survey
76.1,51.9,71.3,24.61,75.14,6.6,86.74,Sandy Loam,tomato,PCAARRD ISP – Vegetables Industry Profile,https://ispweb.pcaarrd.dost.gov.ph/vegetables/,DOST-PCAARRD,PSA – Crops Production Survey (national & regional crop statistics),https://psa.gov.ph/crops-production-survey
102.7,26.5,28.5,23.25,67.58,5.11,227.85,Volcanic Loam,coffee,PCAARRD ISP – Coffee Industry Profile,https://ispweb.pcaarrd.dost.gov.ph/isp-commodities/coffee/,DOST-PCAARRD,PSA – Crops Production Survey (national & regional crop statistics),https://psa.gov.ph/crops-production-survey
85.6,48.5,45,30.3,83.92,6.18,222.45,Clay,rice,PCAARRD ISP – Rice Industry Profile,https://ispweb.pcaarrd.dost.gov.ph/isp-commodities/rice/,DOST-PCAARRD,PSA – Crops Production Survey (national & regional crop statistics),https://psa.gov.ph/crops-production-survey
97.8,58.9,24.2,29.05,70.15,7.33,106.78,Sandy Loam,corn,DA – Philippine Yellow Corn Industry Roadmap,https://www.da.gov.ph/wp-content/uploads/2023/05/Philippine-Yellow-Corn-Industry-Roadmap.pdf,Department of Agriculture,PSA – Crops Production Survey (national & regional crop statistics),https://psa.gov.ph/crops-production-survey
25.8,48.4,30.2,27.99,60.11,6.38,78.65,Sandy Loam,peanut,PCAARRD ISP – Legumes Industry Profile,https://ispweb.pcaarrd.dost.gov.ph/legumes/,DOST-PCAARRD,PSA – Crops Production Survey (national & regional crop statistics),https://psa.gov.ph/crops-production-survey
65.6,33.7,44.7,29.07,89.54,6.92,176,Loam,cacao,PCAARRD ISP – Cacao Industry Profile,https://ispweb.pcaarrd.dost.gov.ph/isp-commodities/cacao/,DOST-PCAARRD,PSA – Crops Production Survey (national & regional crop statistics),https://psa.gov.ph/crops-production-survey
20.9,19.2,16.4,29.77,74.04,6.01,173.46,Sandy Loam,calamansi,Department of Agriculture – Official Portal,https://www.da.gov.ph/,Department of Agriculture,PSA – Crops Production Survey (national & regional crop statistics),https://psa.gov.ph/crops-production-survey
62.1,38.6,58.4,20.73,60.61,6.48,53.73,Loam,onion,PCAARRD ISP – Vegetables Industry Profile (onion),https://ispweb.pcaarrd.dost.gov.ph/vegetables/,DOST-PCAARRD,PSA – Crops Production Survey (national & regional crop statistics),https://psa.gov.ph/crops-production-survey
28.2,19.9,27.7,26.9,84.14,4.62,168.83,Volcanic Loam,rubber,PCAARRD ISP – Rubber Industry Profile,https://ispweb.pcaarrd.dost.gov.ph/isp-commodities/rubber/,DOST-PCAARRD,PSA – Crops Production Survey (national & regional crop statistics),https://psa.gov.ph/crops-production-survey
46.8,21.9,72.7,29.39,66.99,6.26,120.09,Sandy,cassava,Department of Agriculture – Official Portal,https://www.da.gov.ph/,Department of Agriculture,PSA – Crops Production Survey (national & regional crop statistics),https://psa.gov.ph/crops-production-survey
47.9,20.3,62.1,26.69,70.82,5.92,70.02,Sandy Loam,sweet_potato,PCAARRD ISP – Sweetpotato Industry Profile,https://ispweb.pcaarrd.dost.gov.ph/sweetpotato/,DOST-PCAARRD,PSA – Crops Production Survey (national & regional crop statistics),https://psa.gov.ph/crops-production-survey
19.5,40.3,24.4,31.36,75.22,6.84,47.85,Loam,mungbean,PCAARRD ISP – Legumes Industry Profile,https://ispweb.pcaarrd.dost.gov.ph/legumes/,DOST-PCAARRD,PSA – Crops Production Survey (national & regional crop statistics),https://psa.gov.ph/crops-production-survey
20.1,12.5,19.2,29.61,73.78,5.93,121.51,Sandy Loam,calamansi,Department of Agriculture – Official Portal,https://www.da.gov.ph/,Department of Agriculture,PSA – Crops Production Survey (national & regional crop statistics),https://psa.gov.ph/crops-production-survey
18.7,31.4,24.7,27.12,75.26,6.64,49.42,Sandy Loam,mungbean,PCAARRD ISP – Legumes Industry Profile,https://ispweb.pcaarrd.dost.gov.ph/legumes/,DOST-PCAARRD,PSA – Crops Production Survey (national & regional crop statistics),https://psa.gov.ph/crops-production-survey
51.2,18.9,85.2,28.98,71.57,4.72,106.6,Sandy Loam,pineapple,PCAARRD ISP – Queen Pineapple Industry Profile,https://ispweb.pcaarrd.dost.gov.ph/queen-pineapple/,DOST-PCAARRD,PSA – Crops Production Survey (national & regional crop statistics),https://psa.gov.ph/crops-production-survey
41.3,48.5,44.1,30.6,72.74,6.1,94.91,Loam,okra,PCAARRD ISP – Vegetables Industry Profile,https://ispweb.pcaarrd.dost.gov.ph/vegetables/,DOST-PCAARRD,PSA – Crops Production Survey (national & regional crop statistics),https://psa.gov.ph/crops-production-survey
105.5,44.1,51.1,27.23,71.45,6.21,179.21,Clay Loam,sugarcane,PCAARRD ISP – Sugarcane Industry Profile,https://ispweb.pcaarrd.dost.gov.ph/sugarcane/,DOST-PCAARRD,PSA – Crops Production Survey (national & regional crop statistics),https://psa.gov.ph/crops-production-survey
16.6,17.5,23.7,31.26,82.44,6.05,153.66,Loam,calamansi,Department of Agriculture – Official Portal,https://www.da.gov.ph/,Department of Agriculture,PSA – Crops Production Survey (national & regional crop statistics),https://psa.gov.ph/crops-production-survey
20.4,38.9,29.8,30.48,60.37,6.47,65.19,Loam,mungbean,PCAARRD ISP – Legumes Industry Profile,https://ispweb.pcaarrd.dost.gov.ph/legumes/,DOST-PCAARRD,PSA – Crops Production Survey (national & regional crop statistics),https://psa.gov.ph/crops-production-survey
89,48.5,87.3,27.34,63.9,5.89,44.13,Sandy Loam,tomato,PCAARRD ISP – Vegetables Industry Profile,https://ispweb.pcaarrd.dost.gov.ph/vegetables/,DOST-PCAARRD,PSA – Crops Production Survey (national & regional crop statistics),https://psa.gov.ph/crops-production-survey
55.5,32.7,39.3,31.57,66.8,6.61,60.57,Loam,okra,PCAARRD ISP – Vegetables Industry Profile,https://ispweb.pcaarrd.dost.gov.ph/vegetables/,DOST-PCAARRD,PSA – Crops Production Survey (national & regional crop statistics),https://psa.gov.ph/crops-production-survey
93.3,86.8,45.3,26.41,84.98,6.06,122.32,Clay Loam,banana,PCAARRD ISP – Banana Industry Profile,https://ispweb.pcaarrd.dost.gov.ph/isp-commodities/banana/,DOST-PCAARRD,PSA – Crops Production Survey (national & regional crop statistics),https://psa.gov.ph/crops-production-survey
59.7,44.3,40.8,27.81,60.12,6.36,33.1,Sandy Loam,onion,PCAARRD ISP – Vegetables Industry Profile (onion),https://ispweb.pcaarrd.dost.gov.ph/vegetables/,DOST-PCAARRD,PSA – Crops Production Survey (national & regional crop statistics),https://psa.gov.ph/crops-production-survey
48.3,34.8,85.4,26.72,62.53,6.72,104.13,Sandy Loam,sweet_potato,PCAARRD ISP – Sweetpotato Industry Profile,https://ispweb.pcaarrd.dost.gov.ph/sweetpotato/,DOST-PCAARRD,PSA – Crops Production Survey (national & regional crop statistics),https://psa.gov.ph/crops-production-survey
117.5,55.3,40,24.96,86.25,6.73,253.53,Silty Clay Loam,rice,PCAARRD ISP – Rice Industry Profile,https://ispweb.pcaarrd.dost.gov.ph/isp-commodities/rice/,DOST-PCAARRD,PSA – Crops Production Survey (national & regional crop statistics),https://psa.gov.ph/crops-production-survey
85.9,42.8,61.1,23.59,69.26,6.14,94.11,Loam,tomato,PCAARRD ISP – Vegetables Industry Profile,https://ispweb.pcaarrd.dost.gov.ph/vegetables/,DOST-PCAARRD,PSA – Crops Production Survey (national & regional crop statistics),https://psa.gov.ph/crops-production-survey
24.3,42.6,44,24.46,64.94,5.9,99.93,Sandy Loam,peanut,PCAARRD ISP – Legumes Industry Profile,https://ispweb.pcaarrd.dost.gov.ph/legumes/,DOST-PCAARRD,PSA – Crops Production Survey (national & regional crop statistics),https://psa.gov.ph/crops-production-survey
19.9,10.7,21.9,24.83,82.61,5.58,181.5,Sandy Loam,calamansi,Department of Agriculture – Official Portal,https://www.da.gov.ph/,Department of Agriculture,PSA – Crops Production Survey (national & regional crop statistics),https://psa.gov.ph/crops-production-survey
97.8,17.7,32.3,22.42,61.64,5.17,217.6,Clay Loam,coffee,PCAARRD ISP – Coffee Industry Profile,https://ispweb.pcaarrd.dost.gov.ph/isp-commodities/coffee/,DOST-PCAARRD,PSA – Crops Production Survey (national & regional crop statistics),https://psa.gov.ph/crops-production-survey
83.3,38.8,87,26.47,82.41,5.66,259.83,Volcanic Loam,abaca,PCAARRD ISP – Abaca Industry Profile,https://ispweb.pcaarrd.dost.gov.ph/isp-commodities/abaca/,DOST-PCAARRD,PSA – Crops Production Survey (national & regional crop statistics),https://psa.gov.ph/crops-production-survey
76,44.5,51,28.47,78.16,6.67,120.91,Clay Loam,eggplant,PCAARRD ISP – Vegetables Industry Profile,https://ispweb.pcaarrd.dost.gov.ph/vegetables/,DOST-PCAARRD,PSA – Crops Production Survey (national & regional crop statistics),https://psa.gov.ph/crops-production-survey
100,51.2,24.3,28.87,72.72,7.36,71.47,Sandy Loam,corn,DA – Philippine Yellow Corn Industry Roadmap,https://www.da.gov.ph/wp-content/uploads/2023/05/Philippine-Yellow-Corn-Industry-Roadmap.pdf,Department of Agriculture,PSA – Crops Production Survey (national & regional crop statistics),https://psa.gov.ph/crops-production-survey
45.1,29.9,72.9,29.45,57.61,5.72,79.35,Sandy Loam,tobacco,Department of Agriculture – Official Portal,https://www.da.gov.ph/,Department of Agriculture,PSA – Crops Production Survey (national & regional crop statistics),https://psa.gov.ph/crops-production-survey
61.6,37.1,42,25.17,65.63,6.57,69.43,Sandy Loam,okra,PCAARRD ISP – Vegetables Industry Profile,https://ispweb.pcaarrd.dost.gov.ph/vegetables/,DOST-PCAARRD,PSA – Crops Production Survey (national & regional crop statistics),https://psa.gov.ph/crops-production-survey
37.6,27.7,63.8,22.91,64.31,5.62,78.05,Sandy Loam,sweet_potato,PCAARRD ISP – Sweetpotato Industry Profile,https://ispweb.pcaarrd.dost.gov.ph/sweetpotato/,DOST-PCAARRD,PSA – Crops Production Survey (national & regional crop statistics),https://psa.gov.ph/crops-production-survey
80,40.6,73.1,21.92,65.11,6.45,94.64,Loam,tomato,PCAARRD ISP – Vegetables Industry Profile,https://ispweb.pcaarrd.dost.gov.ph/vegetables/,DOST-PCAARRD,PSA – Crops Production Survey (national & regional crop statistics),https://psa.gov.ph/crops-production-survey
26.1,34.8,38.5,28.82,58.42,6.3,60.41,Sandy Loam,peanut,PCAARRD ISP – Legumes Industry Profile,https://ispweb.pcaarrd.dost.gov.ph/legumes/,DOST-PCAARRD,PSA – Crops Production Survey (national & regional crop statistics),https://psa.gov.ph/crops-production-survey
50.6,63.9,50.3,24.81,84.4,6.72,102.58,Sandy Loam,papaya,Department of Agriculture – Official Portal,https://www.da.gov.ph/,Department of Agriculture,PSA – Crops Production Survey (national & regional crop statistics),https://psa.gov.ph/crops-production-survey
85.1,37.4,72.6,24.53,92.52,6.24,243.96,Clay Loam,abaca,PCAARRD ISP – Abaca Industry Profile,https://ispweb.pcaarrd.dost.gov.ph/isp-commodities/abaca/,DOST-PCAARRD,PSA – Crops Production Survey (national & regional crop statistics),https://psa.gov.ph/crops-production-survey
136.6,52.3,50.5,34.69,58.51,5.82,156.78,Loam,sugarcane,PCAARRD ISP – Sugarcane Industry Profile,https://ispweb.pcaarrd.dost.gov.ph/sugarcane/,DOST-PCAARRD,PSA – Crops Production Survey (national & regional crop statistics),https://psa.gov.ph/crops-production-survey
81.4,35.7,63.4,29.58,93.13,5.83,219.5,Clay Loam,abaca,PCAARRD ISP – Abaca Industry Profile,https://ispweb.pcaarrd.dost.gov.ph/isp-commodities/abaca/,DOST-PCAARRD,PSA – Crops Production Survey (national & regional crop statistics),https://psa.gov.ph/crops-production-survey
59.2,19.7,74.9,30.74,72.7,5.44,88.92,Loam,cassava,Department of Agriculture – Official Portal,https://www.da.gov.ph/,Department of Agriculture,PSA – Crops Production Survey (national & regional crop statistics),https://psa.gov.ph/crops-production-survey
44.7,25.9,91.3,25.87,70.89,6.54,55.26,Sandy Loam,cassava,Department of Agriculture – Official Portal,https://www.da.gov.ph/,Department of Agriculture,PSA – Crops Production Survey (national & regional crop statistics),https://psa.gov.ph/crops-production-survey
48.4,22.7,84,26.81,64.55,5.12,137.32,Volcanic Loam,pineapple,PCAARRD ISP – Queen Pineapple Industry Profile,https://ispweb.pcaarrd.dost.gov.ph/queen-pineapple/,DOST-PCAARRD,PSA – Crops Production Survey (national & regional crop statistics),https://psa.gov.ph/crops-production-survey
103.9,18.8,28.8,22.9,75.26,6.05,249.83,Volcanic Loam,coffee,PCAARRD ISP – Coffee Industry Profile,https://ispweb.pcaarrd.dost.gov.ph/isp-commodities/coffee/,DOST-PCAARRD,PSA – Crops Production Survey (national & regional crop statistics),https://psa.gov.ph/crops-production-survey
16.1,17.7,35.2,31.92,65.84,6.38,73.73,Sandy Loam,mango,PCAARRD ISP – Mango Industry Profile,https://ispweb.pcaarrd.dost.gov.ph/isp-commodities/mango/,DOST-PCAARRD,PSA – Crops Production Survey (national & regional crop statistics),https://psa.gov.ph/crops-production-survey
18.2,10.3,31.1,29.98,94.23,8.12,239.78,Sandy,coconut,PCAARRD ISP – Coconut Industry Profile,https://ispweb.pcaarrd.dost.gov.ph/isp-commodities/coconut/,DOST-PCAARRD,PSA – Crops Production Survey (national & regional crop statistics),https://psa.gov.ph/crops-production-survey
100.2,20.7,31.8,24.88,60.43,5.26,162.93,Clay Loam,coffee,PCAARRD ISP – Coffee Industry Profile,https://ispweb.pcaarrd.dost.gov.ph/isp-commodities/coffee/,DOST-PCAARRD,PSA – Crops Production Survey (national & regional crop statistics),https://psa.gov.ph/crops-production-survey
34.1,24.8,23.7,27.06,89.58,5.33,208.28,Loam,rubber,PCAARRD ISP – Rubber Industry Profile,https://ispweb.pcaarrd.dost.gov.ph/isp-commodities/rubber/,DOST-PCAARRD,PSA – Crops Production Survey (national & regional crop statistics),https://psa.gov.ph/crops-production-survey
42.4,31.7,69.8,23.3,66.37,6.21,111.56,Loam,sweet_potato,PCAARRD ISP – Sweetpotato Industry Profile,https://ispweb.pcaarrd.dost.gov.ph/sweetpotato/,DOST-PCAARRD,PSA – Crops Production Survey (national & regional crop statistics),https://psa.gov.ph/crops-production-survey
34.5,38.2,77.3,22.72,67.02,6.8,78.11,Sandy Loam,sweet_potato,PCAARRD ISP – Sweetpotato Industry Profile,https://ispweb.pcaarrd.dost.gov.ph/sweetpotato/,DOST-PCAARRD,PSA – Crops Production Survey (national & regional crop statistics),https://psa.gov.ph/crops-production-survey
88.6,43,41.5,26.6,59.21,6.91,53.05,Loam,garlic,PCAARRD ISP – Vegetables Industry Profile (garlic),https://ispweb.pcaarrd.dost.gov.ph/vegetables/,DOST-PCAARRD,PSA – Crops Production Survey (national & regional crop statistics),https://psa.gov.ph/crops-production-survey
51.4,53.7,51.4,31.83,71.47,6.47,142.64,Loam,papaya,Department of Agriculture – Official Portal,https://www.da.gov.ph/,Department of Agriculture,PSA – Crops Production Survey (national & regional crop statistics),https://psa.gov.ph/crops-production-survey
75,34.7,52.4,26.35,65.62,6.11,45.91,Sandy Loam,onion,PCAARRD ISP – Vegetables Industry Profile (onion),https://ispweb.pcaarrd.dost.gov.ph/vegetables/,DOST-PCAARRD,PSA – Crops Production Survey (national & regional crop statistics),https://psa.gov.ph/crops-production-survey
63.7,39.8,77.1,30.55,93.9,6.05,196.73,Clay Loam,abaca,PCAARRD ISP – Abaca Industry Profile,https://ispweb.pcaarrd.dost.gov.ph/isp-commodities/abaca/,DOST-PCAARRD,PSA – Crops Production Survey (national & regional crop statistics),https://psa.gov.ph/crops-production-survey
21.2,47.8,32.1,27.32,58.49,6.01,96.66,Sandy,peanut,PCAARRD ISP – Legumes Industry Profile,https://ispweb.pcaarrd.dost.gov.ph/legumes/,DOST-PCAARRD,PSA – Crops Production Survey (national & regional crop statistics),https://psa.gov.ph/crops-production-survey
51,39.5,67.4,32.03,63.58,6.12,72.66,Sandy Loam,cassava,Department of Agriculture – Official Portal,https://www.da.gov.ph/,Department of Agriculture,PSA – Crops Production Survey (national & regional crop statistics),https://psa.gov.ph/crops-production-survey
47.3,33.6,47.1,27.49,65.23,6.55,75.74,Loam,ampalaya,PCAARRD ISP – Vegetables Industry Profile,https://ispweb.pcaarrd.dost.gov.ph/vegetables/,DOST-PCAARRD,PSA – Crops Production Survey (national & regional crop statistics),https://psa.gov.ph/crops-production-survey
83.2,43.7,22.4,30.28,72.26,6.04,66.07,Clay Loam,corn,DA – Philippine Yellow Corn Industry Roadmap,https://www.da.gov.ph/wp-content/uploads/2023/05/Philippine-Yellow-Corn-Industry-Roadmap.pdf,Department of Agriculture,PSA – Crops Production Survey (national & regional crop statistics),https://psa.gov.ph/crops-production-survey
46.7,41.4,67.2,26.79,57.75,5.23,107.12,Loam,cassava,Department of Agriculture – Official Portal,https://www.da.gov.ph/,Department of Agriculture,PSA – Crops Production Survey (national & regional crop statistics),https://psa.gov.ph/crops-production-survey
58.3,27.9,75.6,28.34,72.24,5.04,82.1,Volcanic Loam,pineapple,PCAARRD ISP – Queen Pineapple Industry Profile,https://ispweb.pcaarrd.dost.gov.ph/queen-pineapple/,DOST-PCAARRD,PSA – Crops Production Survey (national & regional crop statistics),https://psa.gov.ph/crops-production-survey
40.1,35,87.2,25.93,71.33,6.11,78.11,Sandy Loam,sweet_potato,PCAARRD ISP – Sweetpotato Industry Profile,https://ispweb.pcaarrd.dost.gov.ph/sweetpotato/,DOST-PCAARRD,PSA – Crops Production Survey (national & regional crop statistics),https://psa.gov.ph/crops-production-survey
44.2,39.5,63.4,24.77,62.37,6.49,104.61,Loam,sweet_potato,PCAARRD ISP – Sweetpotato Industry Profile,https://ispweb.pcaarrd.dost.gov.ph/sweetpotato/,DOST-PCAARRD,PSA – Crops Production Survey (national & regional crop statistics),https://psa.gov.ph/crops-production-survey
64.5,57.2,80.5,25.58,61.78,6.83,60.11,Sandy Loam,tomato,PCAARRD ISP – Vegetables Industry Profile,https://ispweb.pcaarrd.dost.gov.ph/vegetables/,DOST-PCAARRD,PSA – Crops Production Survey (national & regional crop statistics),https://psa.gov.ph/crops-production-survey
82.7,51.1,75.3,22.82,63.71,5.54,53.21,Loam,tomato,PCAARRD ISP – Vegetables Industry Profile,https://ispweb.pcaarrd.dost.gov.ph/vegetables/,DOST-PCAARRD,PSA – Crops Production Survey (national & regional crop statistics),https://psa.gov.ph/crops-production-survey
82.1,56,38.7,26.38,70.49,5.97,70.48,Clay Loam,eggplant,PCAARRD ISP – Vegetables Industry Profile,https://ispweb.pcaarrd.dost.gov.ph/vegetables/,DOST-PCAARRD,PSA – Crops Production Survey (national & regional crop statistics),https://psa.gov.ph/crops-production-survey
60.7,42.6,42.4,31.91,82.66,6.85,232.62,Loam,cacao,PCAARRD ISP – Cacao Industry Profile,https://ispweb.pcaarrd.dost.gov.ph/isp-commodities/cacao/,DOST-PCAARRD,PSA – Crops Production Survey (national & regional crop statistics),https://psa.gov.ph/crops-production-survey
67.1,22.1,81.4,26.28,91.6,6.38,263.46,Clay Loam,abaca,PCAARRD ISP – Abaca Industry Profile,https://ispweb.pcaarrd.dost.gov.ph/isp-commodities/abaca/,DOST-PCAARRD,PSA – Crops Production Survey (national & regional crop statistics),https://psa.gov.ph/crops-production-survey
46.7,33.9,60,27.19,73.68,6.49,97.64,Loam,cassava,Department of Agriculture – Official Portal,https://www.da.gov.ph/,Department of Agriculture,PSA – Crops Production Survey (national & regional crop statistics),https://psa.gov.ph/crops-production-survey
21.2,14,23.9,24.89,79.15,5.88,122.64,Loam,calamansi,Department of Agriculture – Official Portal,https://www.da.gov.ph/,Department of Agriculture,PSA – Crops Production Survey (national & regional crop statistics),https://psa.gov.ph/crops-production-survey
58,60.8,50.8,30.31,86.53,6.24,163.19,Loam,papaya,Department of Agriculture – Official Portal,https://www.da.gov.ph/,Department of Agriculture,PSA – Crops Production Survey (national & regional crop statistics),https://psa.gov.ph/crops-production-survey
59.5,36.4,50.7,26.85,66.9,6.37,50.85,Loam,garlic,PCAARRD ISP – Vegetables Industry Profile (garlic),https://ispweb.pcaarrd.dost.gov.ph/vegetables/,DOST-PCAARRD,PSA – Crops Production Survey (national & regional crop statistics),https://psa.gov.ph/crops-production-survey
83.6,37.1,43.8,30.55,81.08,5.86,162.91,Loam,cacao,PCAARRD ISP – Cacao Industry Profile,https://ispweb.pcaarrd.dost.gov.ph/isp-commodities/cacao/,DOST-PCAARRD,PSA – Crops Production Survey (national & regional crop statistics),https://psa.gov.ph/crops-production-survey
85.2,51.7,24.1,31.61,73.91,5.81,71.16,Sandy Loam,corn,DA – Philippine Yellow Corn Industry Roadmap,https://www.da.gov.ph/wp-content/uploads/2023/05/Philippine-Yellow-Corn-Industry-Roadmap.pdf,Department of Agriculture,PSA – Crops Production Survey (national & regional crop statistics),https://psa.gov.ph/crops-production-survey
32.3,25.2,24.7,30.52,84.77,4.93,240.35,Loam,rubber,PCAARRD ISP – Rubber Industry Profile,https://ispweb.pcaarrd.dost.gov.ph/isp-commodities/rubber/,DOST-PCAARRD,PSA – Crops Production Survey (national & regional crop statistics),https://psa.gov.ph/crops-production-survey
69.7,33.3,48.1,28.34,56.42,6.32,34.99,Sandy Loam,onion,PCAARRD ISP – Vegetables Industry Profile (onion),https://ispweb.pcaarrd.dost.gov.ph/vegetables/,DOST-PCAARRD,PSA – Crops Production Survey (national & regional crop statistics),https://psa.gov.ph/crops-production-survey
69.7,39.4,45.7,31.44,87.05,6.42,238.51,Loam,cacao,PCAARRD ISP – Cacao Industry Profile,https://ispweb.pcaarrd.dost.gov.ph/isp-commodities/cacao/,DOST-PCAARRD,PSA – Crops Production Survey (national & regional crop statistics),https://psa.gov.ph/crops-production-survey
83.6,45.9,75.6,25.2,65.19,6.39,59.73,Loam,tomato,PCAARRD ISP – Vegetables Industry Profile,https://ispweb.pcaarrd.dost.gov.ph/vegetables/,DOST-PCAARRD,PSA – Crops Production Survey (national & regional crop statistics),https://psa.gov.ph/crops-production-survey
80.6,44.4,59.2,26.93,67.11,6.62,111.87,Loam,eggplant,PCAARRD ISP – Vegetables Industry Profile,https://ispweb.pcaarrd.dost.gov.ph/vegetables/,DOST-PCAARRD,PSA – Crops Production Survey (national & regional crop statistics),https://psa.gov.ph/crops-production-survey
101.9,16.8,31.9,22.06,76.11,5.03,233.76,Volcanic Loam,coffee,PCAARRD ISP – Coffee Industry Profile,https://ispweb.pcaarrd.dost.gov.ph/isp-commodities/coffee/,DOST-PCAARRD,PSA – Crops Production Survey (national & regional crop statistics),https://psa.gov.ph/crops-production-survey
96.8,20.7,34.4,25.97,66.15,5.14,163.06,Clay Loam,coffee,PCAARRD ISP – Coffee Industry Profile,https://ispweb.pcaarrd.dost.gov.ph/isp-commodities/coffee/,DOST-PCAARRD,PSA – Crops Production Survey (national & regional crop statistics),https://psa.gov.ph/crops-production-survey
50.1,35.6,86.2,30.19,64.14,5.97,84.24,Sandy Loam,tobacco,Department of Agriculture – Official Portal,https://www.da.gov.ph/,Department of Agriculture,PSA – Crops Production Survey (national & regional crop statistics),https://psa.gov.ph/crops-production-survey
107.2,42.1,59.9,30.11,66.94,7.31,177.88,Clay Loam,sugarcane,PCAARRD ISP – Sugarcane Industry Profile,https://ispweb.pcaarrd.dost.gov.ph/sugarcane/,DOST-PCAARRD,PSA – Crops Production Survey (national & regional crop statistics),https://psa.gov.ph/crops-production-survey
21.2,6.9,24.9,28.84,87.38,6.95,146.87,Sandy Loam,coconut,PCAARRD ISP – Coconut Industry Profile,https://ispweb.pcaarrd.dost.gov.ph/isp-commodities/coconut/,DOST-PCAARRD,PSA – Crops Production Survey (national & regional crop statistics),https://psa.gov.ph/crops-production-survey
95.8,54.9,44.5,31.49,77.57,5.64,144.45,Clay Loam,rice,PCAARRD ISP – Rice Industry Profile,https://ispweb.pcaarrd.dost.gov.ph/isp-commodities/rice/,DOST-PCAARRD,PSA – Crops Production Survey (national & regional crop statistics),https://psa.gov.ph/crops-production-survey
28,42.3,37.2,29.35,55.06,5.69,69.17,Sandy Loam,peanut,PCAARRD ISP – Legumes Industry Profile,https://ispweb.pcaarrd.dost.gov.ph/legumes/,DOST-PCAARRD,PSA – Crops Production Survey (national & regional crop statistics),https://psa.gov.ph/crops-production-survey
100.7,48.6,54,27.64,79.04,5.6,190.43,Clay Loam,sugarcane,PCAARRD ISP – Sugarcane Industry Profile,https://ispweb.pcaarrd.dost.gov.ph/sugarcane/,DOST-PCAARRD,PSA – Crops Production Survey (national & regional crop statistics),https://psa.gov.ph/crops-production-survey
107.1,89.4,54.2,28.36,74.68,6.58,170.7,Volcanic Loam,banana,PCAARRD ISP – Banana Industry Profile,https://ispweb.pcaarrd.dost.gov.ph/isp-commodities/banana/,DOST-PCAARRD,PSA – Crops Production Survey (national & regional crop statistics),https://psa.gov.ph/crops-production-survey
90.7,46.7,51.4,21.58,62.53,6.27,48.72,Sandy Loam,garlic,PCAARRD ISP – Vegetables Industry Profile (garlic),https://ispweb.pcaarrd.dost.gov.ph/vegetables/,DOST-PCAARRD,PSA – Crops Production Survey (national & regional crop statistics),https://psa.gov.ph/crops-production-survey
98,46.1,24.3,28.6,72.19,6.84,87.71,Sandy Loam,corn,DA – Philippine Yellow Corn Industry Roadmap,https://www.da.gov.ph/wp-content/uploads/2023/05/Philippine-Yellow-Corn-Industry-Roadmap.pdf,Department of Agriculture,PSA – Crops Production Survey (national & regional crop statistics),https://psa.gov.ph/crops-production-survey
59.8,30.1,70.8,32,61.69,6.86,90.68,Sandy,cassava,Department of Agriculture – Official Portal,https://www.da.gov.ph/,Department of Agriculture,PSA – Crops Production Survey (national & regional crop statistics),https://psa.gov.ph/crops-production-survey
52.3,21.5,68.2,23.24,63.03,5.85,88.78,Loam,tobacco,Department of Agriculture – Official Portal,https://www.da.gov.ph/,Department of Agriculture,PSA – Crops Production Survey (national & regional crop statistics),https://psa.gov.ph/crops-production-survey
49.6,56.7,55.6,31.28,85.31,6.54,121.4,Loam,papaya,Department of Agriculture – Official Portal,https://www.da.gov.ph/,Department of Agriculture,PSA – Crops Production Survey (national & regional crop statistics),https://psa.gov.ph/crops-production-survey
22.4,46.5,25.7,26.31,61.04,6.17,71.58,Sandy Loam,mungbean,PCAARRD ISP – Legumes Industry Profile,https://ispweb.pcaarrd.dost.gov.ph/legumes/,DOST-PCAARRD,PSA – Crops Production Survey (national & regional crop statistics),https://psa.gov.ph/crops-production-survey
49.1,49.5,47.5,29,87.27,6.19,155.77,Loam,papaya,Department of Agriculture – Official Portal,https://www.da.gov.ph/,Department of Agriculture,PSA – Crops Production Survey (national & regional crop statistics),https://psa.gov.ph/crops-production-survey
46,22.1,58.8,24.49,73.24,4.61,103.34,Volcanic Loam,pineapple,PCAARRD ISP – Queen Pineapple Industry Profile,https://ispweb.pcaarrd.dost.gov.ph/queen-pineapple/,DOST-PCAARRD,PSA – Crops Production Survey (national & regional crop statistics),https://psa.gov.ph/crops-production-survey
110.1,43.5,40.5,24.83,87.13,6.16,194.19,Clay Loam,rice,PCAARRD ISP – Rice Industry Profile,https://ispweb.pcaarrd.dost.gov.ph/isp-commodities/rice/,DOST-PCAARRD,PSA – Crops Production Survey (national & regional crop statistics),https://psa.gov.ph/crops-production-survey
16.7,42.3,44,28.69,65.11,5.69,55.83,Sandy Loam,peanut,PCAARRD ISP – Legumes Industry Profile,https://ispweb.pcaarrd.dost.gov.ph/legumes/,DOST-PCAARRD,PSA – Crops Production Survey (national & regional crop statistics),https://psa.gov.ph/crops-production-survey
21.2,14.2,19.9,26.35,71.29,6.07,141.78,Loam,calamansi,Department of Agriculture – Official Portal,https://www.da.gov.ph/,Department of Agriculture,PSA – Crops Production Survey (national & regional crop statistics),https://psa.gov.ph/crops-production-survey
88.9,34.6,42.7,23.84,79.58,5.41,217.44,Clay Loam,cacao,PCAARRD ISP – Cacao Industry Profile,https://ispweb.pcaarrd.dost.gov.ph/isp-commodities/cacao/,DOST-PCAARRD,PSA – Crops Production Survey (national & regional crop statistics),https://psa.gov.ph/crops-production-survey
80.2,46,49,24.44,78.63,5.68,209.11,Clay Loam,cacao,PCAARRD ISP – Cacao Industry Profile,https://ispweb.pcaarrd.dost.gov.ph/isp-commodities/cacao/,DOST-PCAARRD,PSA – Crops Production Survey (national & regional crop statistics),https://psa.gov.ph/crops-production-survey
16.9,11.6,26.4,27.01,90.36,6.67,210.79,Sandy Loam,coconut,PCAARRD ISP – Coconut Industry Profile,https://ispweb.pcaarrd.dost.gov.ph/isp-commodities/coconut/,DOST-PCAARRD,PSA – Crops Production Survey (national & regional crop statistics),https://psa.gov.ph/crops-production-survey
22.2,5.6,26.4,31.47,82.91,5.61,142.23,Volcanic Loam,coconut,PCAARRD ISP – Coconut Industry Profile,https://ispweb.pcaarrd.dost.gov.ph/isp-commodities/coconut/,DOST-PCAARRD,PSA – Crops Production Survey (national & regional crop statistics),https://psa.gov.ph/crops-production-survey
74.7,42.4,71,23.81,69.31,5.78,97.52,Sandy Loam,tomato,PCAARRD ISP – Vegetables Industry Profile,https://ispweb.pcaarrd.dost.gov.ph/vegetables/,DOST-PCAARRD,PSA – Crops Production Survey (national & regional crop statistics),https://psa.gov.ph/crops-production-survey
46.3,48,30.2,30.35,70.41,6.31,75,Clay Loam,ampalaya,PCAARRD ISP – Vegetables Industry Profile,https://ispweb.pcaarrd.dost.gov.ph/vegetables/,DOST-PCAARRD,PSA – Crops Production Survey (national & regional crop statistics),https://psa.gov.ph/crops-production-survey
15.2,50.3,22.1,26.14,72.5,6.21,57.02,Sandy Loam,mungbean,PCAARRD ISP – Legumes Industry Profile,https://ispweb.pcaarrd.dost.gov.ph/legumes/,DOST-PCAARRD,PSA – Crops Production Survey (national & regional crop statistics),https://psa.gov.ph/crops-production-survey
22.4,17.9,17,29.31,81.37,5.98,173.22,Loam,calamansi,Department of Agriculture – Official Portal,https://www.da.gov.ph/,Department of Agriculture,PSA – Crops Production Survey (national & regional crop statistics),https://psa.gov.ph/crops-production-survey
86.3,39.3,41.3,27.73,75,6.78,245.47,Clay,rice,PCAARRD ISP – Rice Industry Profile,https://ispweb.pcaarrd.dost.gov.ph/isp-commodities/rice/,DOST-PCAARRD,PSA – Crops Production Survey (national & regional crop statistics),https://psa.gov.ph/crops-production-survey
37,29.6,34.8,24.78,75.43,4.68,233.85,Clay Loam,rubber,PCAARRD ISP – Rubber Industry Profile,https://ispweb.pcaarrd.dost.gov.ph/isp-commodities/rubber/,DOST-PCAARRD,PSA – Crops Production Survey (national & regional crop statistics),https://psa.gov.ph/crops-production-survey
29.7,32.5,33.6,27.65,55.12,5.63,66.99,Sandy Loam,peanut,PCAARRD ISP – Legumes Industry Profile,https://ispweb.pcaarrd.dost.gov.ph/legumes/,DOST-PCAARRD,PSA – Crops Production Survey (national & regional crop statistics),https://psa.gov.ph/crops-production-survey
15.1,21.7,33.1,34.16,61,6.25,67.52,Clay Loam,mango,PCAARRD ISP – Mango Industry Profile,https://ispweb.pcaarrd.dost.gov.ph/isp-commodities/mango/,DOST-PCAARRD,PSA – Crops Production Survey (national & regional crop statistics),https://psa.gov.ph/crops-production-survey
21.7,21.9,28.7,24.62,83.26,4.66,223.3,Clay Loam,rubber,PCAARRD ISP – Rubber Industry Profile,https://ispweb.pcaarrd.dost.gov.ph/isp-commodities/rubber/,DOST-PCAARRD,PSA – Crops Production Survey (national & regional crop statistics),https://psa.gov.ph/crops-production-survey
57.6,30,75.4,25.96,58.62,6.19,52.66,Sandy Loam,tobacco,Department of Agriculture – Official Portal,https://www.da.gov.ph/,Department of Agriculture,PSA – Crops Production Survey (national & regional crop statistics),https://psa.gov.ph/crops-production-survey
90.9,29.9,59.2,27.09,62.28,6.52,59.6,Loam,garlic,PCAARRD ISP – Vegetables Industry Profile (garlic),https://ispweb.pcaarrd.dost.gov.ph/vegetables/,DOST-PCAARRD,PSA – Crops Production Survey (national & regional crop statistics),https://psa.gov.ph/crops-production-survey
61,35.8,66.8,29.86,82.25,5.59,273.78,Volcanic Loam,abaca,PCAARRD ISP – Abaca Industry Profile,https://ispweb.pcaarrd.dost.gov.ph/isp-commodities/abaca/,DOST-PCAARRD,PSA – Crops Production Survey (national & regional crop statistics),https://psa.gov.ph/crops-production-survey
79.5,40.8,85.7,26.45,70.38,5.9,71.51,Loam,tomato,PCAARRD ISP – Vegetables Industry Profile,https://ispweb.pcaarrd.dost.gov.ph/vegetables/,DOST-PCAARRD,PSA – Crops Production Survey (national & regional crop statistics),https://psa.gov.ph/crops-production-survey
40.6,33.2,76.4,26.68,66.85,6.79,104.89,Sandy Loam,sweet_potato,PCAARRD ISP – Sweetpotato Industry Profile,https://ispweb.pcaarrd.dost.gov.ph/sweetpotato/,DOST-PCAARRD,PSA – Crops Production Survey (national & regional crop statistics),https://psa.gov.ph/crops-production-survey
58.8,44.3,48.5,25.86,72.07,6.38,105.64,Clay Loam,ampalaya,PCAARRD ISP – Vegetables Industry Profile,https://ispweb.pcaarrd.dost.gov.ph/vegetables/,DOST-PCAARRD,PSA – Crops Production Survey (national & regional crop statistics),https://psa.gov.ph/crops-production-survey
100.1,27.2,31,22.95,64.71,6.33,202.68,Volcanic Loam,coffee,PCAARRD ISP – Coffee Industry Profile,https://ispweb.pcaarrd.dost.gov.ph/isp-commodities/coffee/,DOST-PCAARRD,PSA – Crops Production Survey (national & regional crop statistics),https://psa.gov.ph/crops-production-survey
87.4,59.9,24.4,29.41,68.59,6.4,78.75,Clay Loam,corn,DA – Philippine Yellow Corn Industry Roadmap,https://www.da.gov.ph/wp-content/uploads/2023/05/Philippine-Yellow-Corn-Industry-Roadmap.pdf,Department of Agriculture,PSA – Crops Production Survey (national & regional crop statistics),https://psa.gov.ph/crops-production-survey
88.1,29.5,65.8,30.63,79.99,5.2,231.68,Volcanic Loam,abaca,PCAARRD ISP – Abaca Industry Profile,https://ispweb.pcaarrd.dost.gov.ph/isp-commodities/abaca/,DOST-PCAARRD,PSA – Crops Production Survey (national & regional crop statistics),https://psa.gov.ph/crops-production-survey
106.6,57.8,61.2,32.67,73.64,6.88,165.71,Clay Loam,sugarcane,PCAARRD ISP – Sugarcane Industry Profile,https://ispweb.pcaarrd.dost.gov.ph/sugarcane/,DOST-PCAARRD,PSA – Crops Production Survey (national & regional crop statistics),https://psa.gov.ph/crops-production-survey
16,11.9,19.2,25.76,81.66,5.71,119.78,Sandy Loam,calamansi,Department of Agriculture – Official Portal,https://www.da.gov.ph/,Department of Agriculture,PSA – Crops Production Survey (national & regional crop statistics),https://psa.gov.ph/crops-production-survey
74.3,54,58.3,26.38,71.39,5.93,62.11,Clay Loam,eggplant,PCAARRD ISP – Vegetables Industry Profile,https://ispweb.pcaarrd.dost.gov.ph/vegetables/,DOST-PCAARRD,PSA – Crops Production Survey (national & regional crop statistics),https://psa.gov.ph/crops-production-survey
24.9,17.6,27.9,30.69,69.53,7.4,68.31,Sandy Loam,mango,PCAARRD ISP – Mango Industry Profile,https://ispweb.pcaarrd.dost.gov.ph/isp-commodities/mango/,DOST-PCAARRD,PSA – Crops Production Survey (national & regional crop statistics),https://psa.gov.ph/crops-production-survey
90.9,29,32.1,22.68,72.93,6.28,166.28,Clay Loam,coffee,PCAARRD ISP – Coffee Industry Profile,https://ispweb.pcaarrd.dost.gov.ph/isp-commodities/coffee/,DOST-PCAARRD,PSA – Crops Production Survey (national & regional crop statistics),https://psa.gov.ph/crops-production-survey
61.1,33.6,57.8,29.9,59.48,5.98,56.2,Sandy Loam,tobacco,Department of Agriculture – Official Portal,https://www.da.gov.ph/,Department of Agriculture,PSA – Crops Production Survey (national & regional crop statistics),https://psa.gov.ph/crops-production-survey
66.6,35.3,49.3,25.72,65.53,6.23,67.16,Loam,onion,PCAARRD ISP – Vegetables Industry Profile (onion),https://ispweb.pcaarrd.dost.gov.ph/vegetables/,DOST-PCAARRD,PSA – Crops Production Survey (national & regional crop statistics),https://psa.gov.ph/crops-production-survey
95.3,18.3,34.1,23.13,64.35,5.28,241.05,Volcanic Loam,coffee,PCAARRD ISP – Coffee Industry Profile,https://ispweb.pcaarrd.dost.gov.ph/isp-commodities/coffee/,DOST-PCAARRD,PSA – Crops Production Survey (national & regional crop statistics),https://psa.gov.ph/crops-production-survey
84.1,44.2,51.8,24.61,56.31,6.18,51.72,Loam,onion,PCAARRD ISP – Vegetables Industry Profile (onion),https://ispweb.pcaarrd.dost.gov.ph/vegetables/,DOST-PCAARRD,PSA – Crops Production Survey (national & regional crop statistics),https://psa.gov.ph/crops-production-survey
21.2,28.8,21.5,29.12,64.64,6.4,54.32,Loam,mungbean,PCAARRD ISP – Legumes Industry Profile,https://ispweb.pcaarrd.dost.gov.ph/legumes/,DOST-PCAARRD,PSA – Crops Production Survey (national & regional crop statistics),https://psa.gov.ph/crops-production-survey
136.3,43.5,44.6,26.46,74.53,7.05,177.69,Sandy Loam,sugarcane,PCAARRD ISP – Sugarcane Industry Profile,https://ispweb.pcaarrd.dost.gov.ph/sugarcane/,DOST-PCAARRD,PSA – Crops Production Survey (national & regional crop statistics),https://psa.gov.ph/crops-production-survey
45.3,34.1,84.6,25.13,63.05,5.35,144.05,Sandy,cassava,Department of Agriculture – Official Portal,https://www.da.gov.ph/,Department of Agriculture,PSA – Crops Production Survey (national & regional crop statistics),https://psa.gov.ph/crops-production-survey
72.5,43.3,79.6,27.05,62.17,6.16,97.43,Sandy Loam,tomato,PCAARRD ISP – Vegetables Industry Profile,https://ispweb.pcaarrd.dost.gov.ph/vegetables/,DOST-PCAARRD,PSA – Crops Production Survey (national & regional crop statistics),https://psa.gov.ph/crops-production-survey
43.6,31.2,40.4,30.35,73.5,6,62.99,Loam,okra,PCAARRD ISP – Vegetables Industry Profile,https://ispweb.pcaarrd.dost.gov.ph/vegetables/,DOST-PCAARRD,PSA – Crops Production Survey (national & regional crop statistics),https://psa.gov.ph/crops-production-survey
82.6,49.6,88.7,26.32,73.07,6.13,56.02,Loam,tomato,PCAARRD ISP – Vegetables Industry Profile,https://ispweb.pcaarrd.dost.gov.ph/vegetables/,DOST-PCAARRD,PSA – Crops Production Survey (national & regional crop statistics),https://psa.gov.ph/crops-production-survey
60.5,32.7,51.2,27.68,88.98,6.27,219.72,Loam,cacao,PCAARRD ISP – Cacao Industry Profile,https://ispweb.pcaarrd.dost.gov.ph/isp-commodities/cacao/,DOST-PCAARRD,PSA – Crops Production Survey (national & regional crop statistics),https://psa.gov.ph/crops-production-survey
83.7,36.5,45.3,24.85,60.82,6.06,70.84,Sandy Loam,garlic,PCAARRD ISP – Vegetables Industry Profile (garlic),https://ispweb.pcaarrd.dost.gov.ph/vegetables/,DOST-PCAARRD,PSA – Crops Production Survey (national & regional crop statistics),https://psa.gov.ph/crops-production-survey
57.4,60.7,45.1,23.86,81.47,6.08,179.28,Sandy Loam,papaya,Department of Agriculture – Official Portal,https://www.da.gov.ph/,Department of Agriculture,PSA – Crops Production Survey (national & regional crop statistics),https://psa.gov.ph/crops-production-survey
17.5,22.3,35,32.72,54.64,6.79,90.16,Loam,mango,PCAARRD ISP – Mango Industry Profile,https://ispweb.pcaarrd.dost.gov.ph/isp-commodities/mango/,DOST-PCAARRD,PSA – Crops Production Survey (national & regional crop statistics),https://psa.gov.ph/crops-production-survey
94.8,56.8,21.2,31.18,63.61,7.37,91.16,Loam,corn,DA – Philippine Yellow Corn Industry Roadmap,https://www.da.gov.ph/wp-content/uploads/2023/05/Philippine-Yellow-Corn-Industry-Roadmap.pdf,Department of Agriculture,PSA – Crops Production Survey (national & regional crop statistics),https://psa.gov.ph/crops-production-survey
115.2,55,46.6,27.01,77.69,7.43,127.55,Sandy Loam,sugarcane,PCAARRD ISP – Sugarcane Industry Profile,https://ispweb.pcaarrd.dost.gov.ph/sugarcane/,DOST-PCAARRD,PSA – Crops Production Survey (national & regional crop statistics),https://psa.gov.ph/crops-production-survey
36.1,24.8,27,23.82,89.93,4.84,193.65,Clay Loam,rubber,PCAARRD ISP – Rubber Industry Profile,https://ispweb.pcaarrd.dost.gov.ph/isp-commodities/rubber/,DOST-PCAARRD,PSA – Crops Production Survey (national & regional crop statistics),https://psa.gov.ph/crops-production-survey
44.1,48.4,49.2,25.11,70.55,6.83,93.1,Sandy Loam,okra,PCAARRD ISP – Vegetables Industry Profile,https://ispweb.pcaarrd.dost.gov.ph/vegetables/,DOST-PCAARRD,PSA – Crops Production Survey (national & regional crop statistics),https://psa.gov.ph/crops-production-survey
79.2,36.2,79.6,24.64,90.32,6.11,230.64,Clay Loam,abaca,PCAARRD ISP – Abaca Industry Profile,https://ispweb.pcaarrd.dost.gov.ph/isp-commodities/abaca/,DOST-PCAARRD,PSA – Crops Production Survey (national & regional crop statistics),https://psa.gov.ph/crops-production-survey
15.4,23.3,30.4,33.83,57.41,6.17,87.81,Loam,mango,PCAARRD ISP – Mango Industry Profile,https://ispweb.pcaarrd.dost.gov.ph/isp-commodities/mango/,DOST-PCAARRD,PSA – Crops Production Survey (national & regional crop statistics),https://psa.gov.ph/crops-production-survey
20.9,20.7,21.6,29.34,78.3,5.09,239.13,Volcanic Loam,rubber,PCAARRD ISP – Rubber Industry Profile,https://ispweb.pcaarrd.dost.gov.ph/isp-commodities/rubber/,DOST-PCAARRD,PSA – Crops Production Survey (national & regional crop statistics),https://psa.gov.ph/crops-production-survey
81.7,50.5,40.7,26.39,76.33,6.16,176.51,Silty Clay Loam,rice,PCAARRD ISP – Rice Industry Profile,https://ispweb.pcaarrd.dost.gov.ph/isp-commodities/rice/,DOST-PCAARRD,PSA – Crops Production Survey (national & regional crop statistics),https://psa.gov.ph/crops-production-survey
85.3,44.2,43.5,27.49,90.38,6.08,243.5,Clay Loam,cacao,PCAARRD ISP – Cacao Industry Profile,https://ispweb.pcaarrd.dost.gov.ph/isp-commodities/cacao/,DOST-PCAARRD,PSA – Crops Production Survey (national & regional crop statistics),https://psa.gov.ph/crops-production-survey
95.5,15.8,30.7,23.09,79.41,6.33,195.81,Clay Loam,coffee,PCAARRD ISP – Coffee Industry Profile,https://ispweb.pcaarrd.dost.gov.ph/isp-commodities/coffee/,DOST-PCAARRD,PSA – Crops Production Survey (national & regional crop statistics),https://psa.gov.ph/crops-production-survey
22.2,26.3,28.7,27.02,89.21,5.7,143.63,Volcanic Loam,rubber,PCAARRD ISP – Rubber Industry Profile,https://ispweb.pcaarrd.dost.gov.ph/isp-commodities/rubber/,DOST-PCAARRD,PSA – Crops Production Survey (national & regional crop statistics),https://psa.gov.ph/crops-production-survey
107.3,22,27.4,27.36,65.16,5.1,151.19,Clay Loam,coffee,PCAARRD ISP – Coffee Industry Profile,https://ispweb.pcaarrd.dost.gov.ph/isp-commodities/coffee/,DOST-PCAARRD,PSA – Crops Production Survey (national & regional crop statistics),https://psa.gov.ph/crops-production-survey
133.8,52.2,59.4,34.6,67.09,7.45,104.72,Clay Loam,sugarcane,PCAARRD ISP – Sugarcane Industry Profile,https://ispweb.pcaarrd.dost.gov.ph/sugarcane/,DOST-PCAARRD,PSA – Crops Production Survey (national & regional crop statistics),https://psa.gov.ph/crops-production-survey
28.2,39.8,36.6,24.14,62.17,6.43,57.38,Sandy Loam,peanut,PCAARRD ISP – Legumes Industry Profile,https://ispweb.pcaarrd.dost.gov.ph/legumes/,DOST-PCAARRD,PSA – Crops Production Survey (national & regional crop statistics),https://psa.gov.ph/crops-production-survey
56.4,51,51.7,25.02,78.86,6.55,131.17,Sandy Loam,papaya,Department of Agriculture – Official Portal,https://www.da.gov.ph/,Department of Agriculture,PSA – Crops Production Survey (national & regional crop statistics),https://psa.gov.ph/crops-production-survey
16.8,45,21.6,26.62,61.68,6.49,40.74,Loam,mungbean,PCAARRD ISP – Legumes Industry Profile,https://ispweb.pcaarrd.dost.gov.ph/legumes/,DOST-PCAARRD,PSA – Crops Production Survey (national & regional crop statistics),https://psa.gov.ph/crops-production-survey
43.7,29.3,40.4,26.43,69.92,5.99,95.81,Sandy Loam,okra,PCAARRD ISP – Vegetables Industry Profile,https://ispweb.pcaarrd.dost.gov.ph/vegetables/,DOST-PCAARRD,PSA – Crops Production Survey (national & regional crop statistics),https://psa.gov.ph/crops-production-survey
110.5,59.4,42.6,31.67,74.75,7,263.49,Silty Clay Loam,rice,PCAARRD ISP – Rice Industry Profile,https://ispweb.pcaarrd.dost.gov.ph/isp-commodities/rice/,DOST-PCAARRD,PSA – Crops Production Survey (national & regional crop statistics),https://psa.gov.ph/crops-production-survey
111.4,86.9,45.3,31.21,90.08,6.84,173.4,Loam,banana,PCAARRD ISP – Banana Industry Profile,https://ispweb.pcaarrd.dost.gov.ph/isp-commodities/banana/,DOST-PCAARRD,PSA – Crops Production Survey (national & regional crop statistics),https://psa.gov.ph/crops-production-survey
17.5,11.8,33.7,28.35,90.72,5.07,198.5,Sandy,coconut,PCAARRD ISP – Coconut Industry Profile,https://ispweb.pcaarrd.dost.gov.ph/isp-commodities/coconut/,DOST-PCAARRD,PSA – Crops Production Survey (national & regional crop statistics),https://psa.gov.ph/crops-production-survey
38,25.3,22,31.52,89.66,5.59,242.84,Loam,rubber,PCAARRD ISP – Rubber Industry Profile,https://ispweb.pcaarrd.dost.gov.ph/isp-commodities/rubber/,DOST-PCAARRD,PSA – Crops Production Survey (national & regional crop statistics),https://psa.gov.ph/crops-production-survey
51.6,33.1,74.6,27.29,53.19,5.88,65.85,Sandy Loam,cassava,Department of Agriculture – Official Portal,https://www.da.gov.ph/,Department of Agriculture,PSA – Crops Production Survey (national & regional crop statistics),https://psa.gov.ph/crops-production-survey
22,14,16.1,30.93,78.08,5.88,154.17,Clay Loam,calamansi,Department of Agriculture – Official Portal,https://www.da.gov.ph/,Department of Agriculture,PSA – Crops Production Survey (national & regional crop statistics),https://psa.gov.ph/crops-production-survey
38.6,34.5,75.7,27.47,74.63,6.04,65.37,Sandy Loam,sweet_potato,PCAARRD ISP – Sweetpotato Industry Profile,https://ispweb.pcaarrd.dost.gov.ph/sweetpotato/,DOST-PCAARRD,PSA – Crops Production Survey (national & regional crop statistics),https://psa.gov.ph/crops-production-survey
65.5,53.4,55.8,27.38,76.8,5.85,109.85,Clay Loam,eggplant,PCAARRD ISP – Vegetables Industry Profile,https://ispweb.pcaarrd.dost.gov.ph/vegetables/,DOST-PCAARRD,PSA – Crops Production Survey (national & regional crop statistics),https://psa.gov.ph/crops-production-survey
46.6,41,46.7,30.16,62.5,5.99,61.88,Loam,okra,PCAARRD ISP – Vegetables Industry Profile,https://ispweb.pcaarrd.dost.gov.ph/vegetables/,DOST-PCAARRD,PSA – Crops Production Survey (national & regional crop statistics),https://psa.gov.ph/crops-production-survey
20.6,17.7,22.3,29.75,83.42,5.72,176.47,Clay Loam,calamansi,Department of Agriculture – Official Portal,https://www.da.gov.ph/,Department of Agriculture,PSA – Crops Production Survey (national & regional crop statistics),https://psa.gov.ph/crops-production-survey
49.2,29.8,70.7,22.04,62.87,6.3,42.78,Sandy Loam,tobacco,Department of Agriculture – Official Portal,https://www.da.gov.ph/,Department of Agriculture,PSA – Crops Production Survey (national & regional crop statistics),https://psa.gov.ph/crops-production-survey
51.2,37.6,77.8,24.2,62.53,5.85,43.9,Loam,tobacco,Department of Agriculture – Official Portal,https://www.da.gov.ph/,Department of Agriculture,PSA – Crops Production Survey (national & regional crop statistics),https://psa.gov.ph/crops-production-survey
79.9,48.3,54.9,27.83,78.69,6.15,95.96,Clay Loam,eggplant,PCAARRD ISP – Vegetables Industry Profile,https://ispweb.pcaarrd.dost.gov.ph/vegetables/,DOST-PCAARRD,PSA – Crops Production Survey (national & regional crop statistics),https://psa.gov.ph/crops-production-survey
17.1,25,32.7,29.3,53.74,7.49,67.39,Loam,mango,PCAARRD ISP – Mango Industry Profile,https://ispweb.pcaarrd.dost.gov.ph/isp-commodities/mango/,DOST-PCAARRD,PSA – Crops Production Survey (national & regional crop statistics),https://psa.gov.ph/crops-production-survey
78.4,33.7,56.3,21.62,64.45,6.07,42.36,Sandy Loam,onion,PCAARRD ISP – Vegetables Industry Profile (onion),https://ispweb.pcaarrd.dost.gov.ph/vegetables/,DOST-PCAARRD,PSA – Crops Production Survey (national & regional crop statistics),https://psa.gov.ph/crops-production-survey
45.7,56.1,51.6,25.18,73.95,5.47,170.02,Loam,papaya,Department of Agriculture – Official Portal,https://www.da.gov.ph/,Department of Agriculture,PSA – Crops Production Survey (national & regional crop statistics),https://psa.gov.ph/crops-production-survey
62.1,49.8,81.6,24.05,69.75,5.93,96.03,Sandy Loam,tomato,PCAARRD ISP – Vegetables Industry Profile,https://ispweb.pcaarrd.dost.gov.ph/vegetables/,DOST-PCAARRD,PSA – Crops Production Survey (national & regional crop statistics),https://psa.gov.ph/crops-production-survey
34.6,29.2,25.2,31.38,76.57,5.39,166.22,Clay Loam,rubber,PCAARRD ISP – Rubber Industry Profile,https://ispweb.pcaarrd.dost.gov.ph/isp-commodities/rubber/,DOST-PCAARRD,PSA – Crops Production Survey (national & regional crop statistics),https://psa.gov.ph/crops-production-survey
28.8,17.4,31,28.78,80.45,5.7,212.69,Loam,rubber,PCAARRD ISP – Rubber Industry Profile,https://ispweb.pcaarrd.dost.gov.ph/isp-commodities/rubber/,DOST-PCAARRD,PSA – Crops Production Survey (national & regional crop statistics),https://psa.gov.ph/crops-production-survey
22.1,23.6,27.2,28.73,61.73,7.18,64.7,Clay Loam,mango,PCAARRD ISP – Mango Industry Profile,https://ispweb.pcaarrd.dost.gov.ph/isp-commodities/mango/,DOST-PCAARRD,PSA – Crops Production Survey (national & regional crop statistics),https://psa.gov.ph/crops-production-survey
64.2,42.2,40.5,27.45,57.43,6.25,35.25,Loam,onion,PCAARRD ISP – Vegetables Industry Profile (onion),https://ispweb.pcaarrd.dost.gov.ph/vegetables/,DOST-PCAARRD,PSA – Crops Production Survey (national & regional crop statistics),https://psa.gov.ph/crops-production-survey
56.5,45.6,37.5,29.7,73.18,6.64,92.18,Sandy Loam,okra,PCAARRD ISP – Vegetables Industry Profile,https://ispweb.pcaarrd.dost.gov.ph/vegetables/,DOST-PCAARRD,PSA – Crops Production Survey (national & regional crop statistics),https://psa.gov.ph/crops-production-survey
91,43.2,42.4,28.65,81.44,7.02,177.88,Clay Loam,cacao,PCAARRD ISP – Cacao Industry Profile,https://ispweb.pcaarrd.dost.gov.ph/isp-commodities/cacao/,DOST-PCAARRD,PSA – Crops Production Survey (national & regional crop statistics),https://psa.gov.ph/crops-production-survey
68.8,43.9,47.2,26.03,75.85,6.53,82.34,Clay Loam,eggplant,PCAARRD ISP – Vegetables Industry Profile,https://ispweb.pcaarrd.dost.gov.ph/vegetables/,DOST-PCAARRD,PSA – Crops Production Survey (national & regional crop statistics),https://psa.gov.ph/crops-production-survey
83.3,49.7,24.4,25.54,61.19,7,101.64,Sandy Loam,corn,DA – Philippine Yellow Corn Industry Roadmap,https://www.da.gov.ph/wp-content/uploads/2023/05/Philippine-Yellow-Corn-Industry-Roadmap.pdf,Department of Agriculture,PSA – Crops Production Survey (national & regional crop statistics),https://psa.gov.ph/crops-production-survey
70.5,34.4,40.9,27.55,89.42,6.33,237.09,Clay Loam,cacao,PCAARRD ISP – Cacao Industry Profile,https://ispweb.pcaarrd.dost.gov.ph/isp-commodities/cacao/,DOST-PCAARRD,PSA – Crops Production Survey (national & regional crop statistics),https://psa.gov.ph/crops-production-survey
138.3,56.5,44.3,28.66,80.19,6.07,111.64,Clay Loam,sugarcane,PCAARRD ISP – Sugarcane Industry Profile,https://ispweb.pcaarrd.dost.gov.ph/sugarcane/,DOST-PCAARRD,PSA – Crops Production Survey (national & regional crop statistics),https://psa.gov.ph/crops-production-survey
18.5,13.1,31.3,28.91,92.93,6.14,197.37,Sandy,coconut,PCAARRD ISP – Coconut Industry Profile,https://ispweb.pcaarrd.dost.gov.ph/isp-commodities/coconut/,DOST-PCAARRD,PSA – Crops Production Survey (national & regional crop statistics),https://psa.gov.ph/crops-production-survey
49,43,34.9,31.14,72.26,6.55,105.33,Clay Loam,ampalaya,PCAARRD ISP – Vegetables Industry Profile,https://ispweb.pcaarrd.dost.gov.ph/vegetables/,DOST-PCAARRD,PSA – Crops Production Survey (national & regional crop statistics),https://psa.gov.ph/crops-production-survey
112.9,97.6,49,27.75,89.59,6.55,170.74,Loam,banana,PCAARRD ISP – Banana Industry Profile,https://ispweb.pcaarrd.dost.gov.ph/isp-commodities/banana/,DOST-PCAARRD,PSA – Crops Production Survey (national & regional crop statistics),https://psa.gov.ph/crops-production-survey
38.8,17,26.8,30.37,88.19,4.97,203.81,Loam,rubber,PCAARRD ISP – Rubber Industry Profile,https://ispweb.pcaarrd.dost.gov.ph/isp-commodities/rubber/,DOST-PCAARRD,PSA – Crops Production Survey (national & regional crop statistics),https://psa.gov.ph/crops-production-survey
44,32.9,81.5,31.91,65.99,7.17,129.33,Sandy,cassava,Department of Agriculture – Official Portal,https://www.da.gov.ph/,Department of Agriculture,PSA – Crops Production Survey (national & regional crop statistics),https://psa.gov.ph/crops-production-survey
52.5,20.1,65.6,24.77,66.79,5.56,120.82,Sandy Loam,pineapple,PCAARRD ISP – Queen Pineapple Industry Profile,https://ispweb.pcaarrd.dost.gov.ph/queen-pineapple/,DOST-PCAARRD,PSA – Crops Production Survey (national & regional crop statistics),https://psa.gov.ph/crops-production-survey
22.2,38,24,31.28,62.49,6.6,59.95,Loam,mungbean,PCAARRD ISP – Legumes Industry Profile,https://ispweb.pcaarrd.dost.gov.ph/legumes/,DOST-PCAARRD,PSA – Crops Production Survey (national & regional crop statistics),https://psa.gov.ph/crops-production-survey
40.9,36.5,88.9,26.57,62.1,7.04,93.35,Loam,cassava,Department of Agriculture – Official Portal,https://www.da.gov.ph/,Department of Agriculture,PSA – Crops Production Survey (national & regional crop statistics),https://psa.gov.ph/crops-production-survey
98.6,21.2,31.1,26.7,73.28,5.75,142.24,Clay Loam,coffee,PCAARRD ISP – Coffee Industry Profile,https://ispweb.pcaarrd.dost.gov.ph/isp-commodities/coffee/,DOST-PCAARRD,PSA – Crops Production Survey (national & regional crop statistics),https://psa.gov.ph/crops-production-survey
59.9,33.9,71.4,22.49,60.48,5.98,73.83,Sandy Loam,tobacco,Department of Agriculture – Official Portal,https://www.da.gov.ph/,Department of Agriculture,PSA – Crops Production Survey (national & regional crop statistics),https://psa.gov.ph/crops-production-survey
112.5,61,48,26.51,72.77,5.91,130.94,Loam,sugarcane,PCAARRD ISP – Sugarcane Industry Profile,https://ispweb.pcaarrd.dost.gov.ph/sugarcane/,DOST-PCAARRD,PSA – Crops Production Survey (national & regional crop statistics),https://psa.gov.ph/crops-production-survey
36.6,24.1,23.8,29.48,87.04,4.91,228.19,Loam,rubber,PCAARRD ISP – Rubber Industry Profile,https://ispweb.pcaarrd.dost.gov.ph/isp-commodities/rubber/,DOST-PCAARRD,PSA – Crops Production Survey (national & regional crop statistics),https://psa.gov.ph/crops-production-survey
92.5,24.6,33.2,23.62,62.28,5.77,200.97,Volcanic Loam,coffee,PCAARRD ISP – Coffee Industry Profile,https://ispweb.pcaarrd.dost.gov.ph/isp-commodities/coffee/,DOST-PCAARRD,PSA – Crops Production Survey (national & regional crop statistics),https://psa.gov.ph/crops-production-survey
54.4,59.1,54.2,31.61,87.6,6.75,142.22,Sandy Loam,papaya,Department of Agriculture – Official Portal,https://www.da.gov.ph/,Department of Agriculture,PSA – Crops Production Survey (national & regional crop statistics),https://psa.gov.ph/crops-production-survey
27.3,30.2,32.7,26.49,59.27,6.05,86.4,Sandy,peanut,PCAARRD ISP – Legumes Industry Profile,https://ispweb.pcaarrd.dost.gov.ph/legumes/,DOST-PCAARRD,PSA – Crops Production Survey (national & regional crop statistics),https://psa.gov.ph/crops-production-survey
20.7,46.7,44.7,26.03,61.51,6.71,68.61,Sandy,peanut,PCAARRD ISP – Legumes Industry Profile,https://ispweb.pcaarrd.dost.gov.ph/legumes/,DOST-PCAARRD,PSA – Crops Production Survey (national & regional crop statistics),https://psa.gov.ph/crops-production-survey
65.3,40.4,44.7,28.99,78.99,7.01,192.63,Loam,cacao,PCAARRD ISP – Cacao Industry Profile,https://ispweb.pcaarrd.dost.gov.ph/isp-commodities/cacao/,DOST-PCAARRD,PSA – Crops Production Survey (national & regional crop statistics),https://psa.gov.ph/crops-production-survey
36.2,26.8,63.2,23.65,63.92,6.15,103.9,Loam,sweet_potato,PCAARRD ISP – Sweetpotato Industry Profile,https://ispweb.pcaarrd.dost.gov.ph/sweetpotato/,DOST-PCAARRD,PSA – Crops Production Survey (national & regional crop statistics),https://psa.gov.ph/crops-production-survey
23.5,17,17.9,27.2,76.63,5.67,120.44,Clay Loam,calamansi,Department of Agriculture – Official Portal,https://www.da.gov.ph/,Department of Agriculture,PSA – Crops Production Survey (national & regional crop statistics),https://psa.gov.ph/crops-production-survey
53.8,48.9,46.9,32.01,67.72,6.51,89.47,Clay Loam,ampalaya,PCAARRD ISP – Vegetables Industry Profile,https://ispweb.pcaarrd.dost.gov.ph/vegetables/,DOST-PCAARRD,PSA – Crops Production Survey (national & regional crop statistics),https://psa.gov.ph/crops-production-survey
43.4,27.9,89.1,24.5,71.2,5.02,125.59,Clay Loam,pineapple,PCAARRD ISP – Queen Pineapple Industry Profile,https://ispweb.pcaarrd.dost.gov.ph/queen-pineapple/,DOST-PCAARRD,PSA – Crops Production Survey (national & regional crop statistics),https://psa.gov.ph/crops-production-survey
45.9,30.2,42.6,24.21,74.55,6.46,71.09,Loam,ampalaya,PCAARRD ISP – Vegetables Industry Profile,https://ispweb.pcaarrd.dost.gov.ph/vegetables/,DOST-PCAARRD,PSA – Crops Production Survey (national & regional crop statistics),https://psa.gov.ph/crops-production-survey
80.2,41.6,44.4,29.98,89.21,6.33,237.53,Clay Loam,rice,PCAARRD ISP – Rice Industry Profile,https://ispweb.pcaarrd.dost.gov.ph/isp-commodities/rice/,DOST-PCAARRD,PSA – Crops Production Survey (national & regional crop statistics),https://psa.gov.ph/crops-production-survey
109.5,81.2,47.7,27.01,79.39,6.72,98.91,Clay Loam,banana,PCAARRD ISP – Banana Industry Profile,https://ispweb.pcaarrd.dost.gov.ph/isp-commodities/banana/,DOST-PCAARRD,PSA – Crops Production Survey (national & regional crop statistics),https://psa.gov.ph/crops-production-survey
49.4,26.4,66.9,23.03,69.58,6.12,77.61,Loam,tobacco,Department of Agriculture – Official Portal,https://www.da.gov.ph/,Department of Agriculture,PSA – Crops Production Survey (national & regional crop statistics),https://psa.gov.ph/crops-production-survey
25.5,45.8,42,29.19,65.12,6.55,63.98,Sandy Loam,peanut,PCAARRD ISP – Legumes Industry Profile,https://ispweb.pcaarrd.dost.gov.ph/legumes/,DOST-PCAARRD,PSA – Crops Production Survey (national & regional crop statistics),https://psa.gov.ph/crops-production-survey
24.8,31.8,27.8,28.34,65.34,6.95,43.7,Sandy Loam,mungbean,PCAARRD ISP – Legumes Industry Profile,https://ispweb.pcaarrd.dost.gov.ph/legumes/,DOST-PCAARRD,PSA – Crops Production Survey (national & regional crop statistics),https://psa.gov.ph/crops-production-survey
61.6,35.2,31.9,27.94,63.68,6.71,59.43,Loam,okra,PCAARRD ISP – Vegetables Industry Profile,https://ispweb.pcaarrd.dost.gov.ph/vegetables/,DOST-PCAARRD,PSA – Crops Production Survey (national & regional crop statistics),https://psa.gov.ph/crops-production-survey
44.3,26.8,63.5,24.86,71.4,5.49,88.26,Clay Loam,pineapple,PCAARRD ISP – Queen Pineapple Industry Profile,https://ispweb.pcaarrd.dost.gov.ph/queen-pineapple/,DOST-PCAARRD,PSA – Crops Production Survey (national & regional crop statistics),https://psa.gov.ph/crops-production-survey
92.5,86.8,49.3,25.52,85.74,6.79,118.33,Volcanic Loam,banana,PCAARRD ISP – Banana Industry Profile,https://ispweb.pcaarrd.dost.gov.ph/isp-commodities/banana/,DOST-PCAARRD,PSA – Crops Production Survey (national & regional crop statistics),https://psa.gov.ph/crops-production-survey
120,47.7,43.3,26,66.22,5.79,121.71,Clay Loam,sugarcane,PCAARRD ISP – Sugarcane Industry Profile,https://ispweb.pcaarrd.dost.gov.ph/sugarcane/,DOST-PCAARRD,PSA – Crops Production Survey (national & regional crop statistics),https://psa.gov.ph/crops-production-survey
124.4,41,43.8,26.43,70.68,6.76,175.56,Clay Loam,sugarcane,PCAARRD ISP – Sugarcane Industry Profile,https://ispweb.pcaarrd.dost.gov.ph/sugarcane/,DOST-PCAARRD,PSA – Crops Production Survey (national & regional crop statistics),https://psa.gov.ph/crops-production-survey
15,8.2,34.3,24.82,81.51,5.35,245.7,Sandy Loam,coconut,PCAARRD ISP – Coconut Industry Profile,https://ispweb.pcaarrd.dost.gov.ph/isp-commodities/coconut/,DOST-PCAARRD,PSA – Crops Production Survey (national & regional crop statistics),https://psa.gov.ph/crops-production-survey
84.7,36.5,88.7,26.99,85.31,5.24,296.16,Clay Loam,abaca,PCAARRD ISP – Abaca Industry Profile,https://ispweb.pcaarrd.dost.gov.ph/isp-commodities/abaca/,DOST-PCAARRD,PSA – Crops Production Survey (national & regional crop statistics),https://psa.gov.ph/crops-production-survey
28.3,34.3,44.9,25.38,63.79,5.49,74.76,Sandy Loam,peanut,PCAARRD ISP – Legumes Industry Profile,https://ispweb.pcaarrd.dost.gov.ph/legumes/,DOST-PCAARRD,PSA – Crops Production Survey (national & regional crop statistics),https://psa.gov.ph/crops-production-survey
87.3,33.2,42.3,20.88,63.97,6.05,66.42,Sandy Loam,onion,PCAARRD ISP – Vegetables Industry Profile (onion),https://ispweb.pcaarrd.dost.gov.ph/vegetables/,DOST-PCAARRD,PSA – Crops Production Survey (national & regional crop statistics),https://psa.gov.ph/crops-production-survey
46.4,36.3,87.3,30.51,74.51,5.89,85.91,Loam,cassava,Department of Agriculture – Official Portal,https://www.da.gov.ph/,Department of Agriculture,PSA – Crops Production Survey (national & regional crop statistics),https://psa.gov.ph/crops-production-survey
75.7,22.2,67.8,27.1,89.71,4.95,213.7,Clay Loam,abaca,PCAARRD ISP – Abaca Industry Profile,https://ispweb.pcaarrd.dost.gov.ph/isp-commodities/abaca/,DOST-PCAARRD,PSA – Crops Production Survey (national & regional crop statistics),https://psa.gov.ph/crops-production-survey
56.9,39.2,34.7,29.68,67.02,6.73,118.28,Clay Loam,ampalaya,PCAARRD ISP – Vegetables Industry Profile,https://ispweb.pcaarrd.dost.gov.ph/vegetables/,DOST-PCAARRD,PSA – Crops Production Survey (national & regional crop statistics),https://psa.gov.ph/crops-production-survey
102.2,59.5,42.8,27.59,80.49,5.55,260.11,Clay Loam,rice,PCAARRD ISP – Rice Industry Profile,https://ispweb.pcaarrd.dost.gov.ph/isp-commodities/rice/,DOST-PCAARRD,PSA – Crops Production Survey (national & regional crop statistics),https://psa.gov.ph/crops-production-survey
42.2,25.9,64.2,27.23,68.61,6.01,69.18,Sandy Loam,cassava,Department of Agriculture – Official Portal,https://www.da.gov.ph/,Department of Agriculture,PSA – Crops Production Survey (national & regional crop statistics),https://psa.gov.ph/crops-production-survey
56.5,21.9,67.5,26.45,69.7,7.01,117.25,Sandy Loam,cassava,Department of Agriculture – Official Portal,https://www.da.gov.ph/,Department of Agriculture,PSA – Crops Production Survey (national & regional crop statistics),https://psa.gov.ph/crops-production-survey
46.9,24.1,79.7,26.65,57.25,5.3,83.43,Loam,cassava,Department of Agriculture – Official Portal,https://www.da.gov.ph/,Department of Agriculture,PSA – Crops Production Survey (national & regional crop statistics),https://psa.gov.ph/crops-production-survey
23.7,22.4,34.5,31.32,90.07,4.71,230.49,Volcanic Loam,rubber,PCAARRD ISP – Rubber Industry Profile,https://ispweb.pcaarrd.dost.gov.ph/isp-commodities/rubber/,DOST-PCAARRD,PSA – Crops Production Survey (national & regional crop statistics),https://psa.gov.ph/crops-production-survey
57.8,55.3,52.6,32.03,81.39,5.94,191,Clay Loam,papaya,Department of Agriculture – Official Portal,https://www.da.gov.ph/,Department of Agriculture,PSA – Crops Production Survey (national & regional crop statistics),https://psa.gov.ph/crops-production-survey
18.2,44.5,22,31.73,61.95,6.1,44.1,Sandy Loam,mungbean,PCAARRD ISP – Legumes Industry Profile,https://ispweb.pcaarrd.dost.gov.ph/legumes/,DOST-PCAARRD,PSA – Crops Production Survey (national & regional crop statistics),https://psa.gov.ph/crops-production-survey
25,19.8,29.4,32.98,58.56,5.6,76.45,Clay Loam,mango,PCAARRD ISP – Mango Industry Profile,https://ispweb.pcaarrd.dost.gov.ph/isp-commodities/mango/,DOST-PCAARRD,PSA – Crops Production Survey (national & regional crop statistics),https://psa.gov.ph/crops-production-survey
31.1,35.7,67,21.83,72.17,5.57,107.56,Loam,sweet_potato,PCAARRD ISP – Sweetpotato Industry Profile,https://ispweb.pcaarrd.dost.gov.ph/sweetpotato/,DOST-PCAARRD,PSA – Crops Production Survey (national & regional crop statistics),https://psa.gov.ph/crops-production-survey
82.1,31.5,62.2,26.23,93.76,5.54,214.58,Volcanic Loam,abaca,PCAARRD ISP – Abaca Industry Profile,https://ispweb.pcaarrd.dost.gov.ph/isp-commodities/abaca/,DOST-PCAARRD,PSA – Crops Production Survey (national & regional crop statistics),https://psa.gov.ph/crops-production-survey
66.4,40.6,55.8,28.38,78.19,5.8,80.4,Clay Loam,eggplant,PCAARRD ISP – Vegetables Industry Profile,https://ispweb.pcaarrd.dost.gov.ph/vegetables/,DOST-PCAARRD,PSA – Crops Production Survey (national & regional crop statistics),https://psa.gov.ph/crops-production-survey
48.1,32.4,29.4,29.91,65.38,6.61,98.96,Sandy Loam,okra,PCAARRD ISP – Vegetables Industry Profile,https://ispweb.pcaarrd.dost.gov.ph/vegetables/,DOST-PCAARRD,PSA – Crops Production Survey (national & regional crop statistics),https://psa.gov.ph/crops-production-survey
98.4,43.4,22.8,27.46,62.42,6.95,85.09,Loam,corn,DA – Philippine Yellow Corn Industry Roadmap,https://www.da.gov.ph/wp-content/uploads/2023/05/Philippine-Yellow-Corn-Industry-Roadmap.pdf,Department of Agriculture,PSA – Crops Production Survey (national & regional crop statistics),https://psa.gov.ph/crops-production-survey
41.7,27,72,29.86,57.27,5.95,71.82,Sandy Loam,cassava,Department of Agriculture – Official Portal,https://www.da.gov.ph/,Department of Agriculture,PSA – Crops Production Survey (national & regional crop statistics),https://psa.gov.ph/crops-production-survey
67.4,28,89.4,26.77,55.98,6.05,73.79,Loam,tobacco,Department of Agriculture – Official Portal,https://www.da.gov.ph/,Department of Agriculture,PSA – Crops Production Survey (national & regional crop statistics),https://psa.gov.ph/crops-production-survey
22.4,9.8,27.1,29.25,90.76,7.69,155.92,Sandy Loam,coconut,PCAARRD ISP – Coconut Industry Profile,https://ispweb.pcaarrd.dost.gov.ph/isp-commodities/coconut/,DOST-PCAARRD,PSA – Crops Production Survey (national & regional crop statistics),https://psa.gov.ph/crops-production-survey
20.4,17.9,25.2,27.55,75.69,5.67,241.22,Clay Loam,rubber,PCAARRD ISP – Rubber Industry Profile,https://ispweb.pcaarrd.dost.gov.ph/isp-commodities/rubber/,DOST-PCAARRD,PSA – Crops Production Survey (national & regional crop statistics),https://psa.gov.ph/crops-production-survey
94.6,18.3,26.6,25.19,63.68,5.55,227.77,Volcanic Loam,coffee,PCAARRD ISP – Coffee Industry Profile,https://ispweb.pcaarrd.dost.gov.ph/isp-commodities/coffee/,DOST-PCAARRD,PSA – Crops Production Survey (national & regional crop statistics),https://psa.gov.ph/crops-production-survey
55.2,29.1,92.5,29.67,71.34,5.65,143.07,Volcanic Loam,pineapple,PCAARRD ISP – Queen Pineapple Industry Profile,https://ispweb.pcaarrd.dost.gov.ph/queen-pineapple/,DOST-PCAARRD,PSA – Crops Production Survey (national & regional crop statistics),https://psa.gov.ph/crops-production-survey
75.1,45.5,51.7,25.88,68.86,5.96,111.16,Clay Loam,eggplant,PCAARRD ISP – Vegetables Industry Profile,https://ispweb.pcaarrd.dost.gov.ph/vegetables/,DOST-PCAARRD,PSA – Crops Production Survey (national & regional crop statistics),https://psa.gov.ph/crops-production-survey
99.7,16,29.7,26.26,73.5,6.37,191.61,Volcanic Loam,coffee,PCAARRD ISP – Coffee Industry Profile,https://ispweb.pcaarrd.dost.gov.ph/isp-commodities/coffee/,DOST-PCAARRD,PSA – Crops Production Survey (national & regional crop statistics),https://psa.gov.ph/crops-production-survey
63.9,42.3,58.8,23.42,58.82,6.55,36.58,Sandy Loam,garlic,PCAARRD ISP – Vegetables Industry Profile (garlic),https://ispweb.pcaarrd.dost.gov.ph/vegetables/,DOST-PCAARRD,PSA – Crops Production Survey (national & regional crop statistics),https://psa.gov.ph/crops-production-survey
25.2,44.5,49.9,27.09,63.55,6.26,89.55,Sandy Loam,peanut,PCAARRD ISP – Legumes Industry Profile,https://ispweb.pcaarrd.dost.gov.ph/legumes/,DOST-PCAARRD,PSA – Crops Production Survey (national & regional crop statistics),https://psa.gov.ph/crops-production-survey
17.2,34.6,42.7,25.9,67.47,5.74,56.05,Sandy,peanut,PCAARRD ISP – Legumes Industry Profile,https://ispweb.pcaarrd.dost.gov.ph/legumes/,DOST-PCAARRD,PSA – Crops Production Survey (national & regional crop statistics),https://psa.gov.ph/crops-production-survey
89.6,42.2,50.5,31.64,84.78,5.98,194.57,Clay Loam,cacao,PCAARRD ISP – Cacao Industry Profile,https://ispweb.pcaarrd.dost.gov.ph/isp-commodities/cacao/,DOST-PCAARRD,PSA – Crops Production Survey (national & regional crop statistics),https://psa.gov.ph/crops-production-survey
41.3,56.1,46.1,31.45,82.98,6.2,114.71,Loam,papaya,Department of Agriculture – Official Portal,https://www.da.gov.ph/,Department of Agriculture,PSA – Crops Production Survey (national & regional crop statistics),https://psa.gov.ph/crops-production-survey
25.4,42.9,37.7,26.47,56.85,6.76,82.61,Sandy,peanut,PCAARRD ISP – Legumes Industry Profile,https://ispweb.pcaarrd.dost.gov.ph/legumes/,DOST-PCAARRD,PSA – Crops Production Survey (national & regional crop statistics),https://psa.gov.ph/crops-production-survey
126.4,57.9,47,27.84,69.52,5.4,152.87,Clay Loam,sugarcane,PCAARRD ISP – Sugarcane Industry Profile,https://ispweb.pcaarrd.dost.gov.ph/sugarcane/,DOST-PCAARRD,PSA – Crops Production Survey (national & regional crop statistics),https://psa.gov.ph/crops-production-survey
57.2,48.4,36.9,26.33,66.81,6.63,73.12,Loam,okra,PCAARRD ISP – Vegetables Industry Profile,https://ispweb.pcaarrd.dost.gov.ph/vegetables/,DOST-PCAARRD,PSA – Crops Production Survey (national & regional crop statistics),https://psa.gov.ph/crops-production-survey
54.9,29.3,89,27.21,78.06,4.49,132.9,Sandy Loam,pineapple,PCAARRD ISP – Queen Pineapple Industry Profile,https://ispweb.pcaarrd.dost.gov.ph/queen-pineapple/,DOST-PCAARRD,PSA – Crops Production Survey (national & regional crop statistics),https://psa.gov.ph/crops-production-survey
41.4,24.9,59.8,25.76,62.19,5.87,92.36,Sandy Loam,sweet_potato,PCAARRD ISP – Sweetpotato Industry Profile,https://ispweb.pcaarrd.dost.gov.ph/sweetpotato/,DOST-PCAARRD,PSA – Crops Production Survey (national & regional crop statistics),https://psa.gov.ph/crops-production-survey
39.2,34.8,78.3,22.27,75.42,6.6,98.85,Loam,sweet_potato,PCAARRD ISP – Sweetpotato Industry Profile,https://ispweb.pcaarrd.dost.gov.ph/sweetpotato/,DOST-PCAARRD,PSA – Crops Production Survey (national & regional crop statistics),https://psa.gov.ph/crops-production-survey
46,18.9,82.3,26.64,69.87,5.61,112.65,Volcanic Loam,pineapple,PCAARRD ISP – Queen Pineapple Industry Profile,https://ispweb.pcaarrd.dost.gov.ph/queen-pineapple/,DOST-PCAARRD,PSA – Crops Production Survey (national & regional crop statistics),https://psa.gov.ph/crops-production-survey
24,22.6,25.2,27.82,62.79,5.9,94.38,Clay Loam,mango,PCAARRD ISP – Mango Industry Profile,https://ispweb.pcaarrd.dost.gov.ph/isp-commodities/mango/,DOST-PCAARRD,PSA – Crops Production Survey (national & regional crop statistics),https://psa.gov.ph/crops-production-survey
71.1,31.1,55.8,21.64,58.37,6.36,57.58,Loam,garlic,PCAARRD ISP – Vegetables Industry Profile (garlic),https://ispweb.pcaarrd.dost.gov.ph/vegetables/,DOST-PCAARRD,PSA – Crops Production Survey (national & regional crop statistics),https://psa.gov.ph/crops-production-survey
43.3,30.2,36,25.17,74.53,6.54,80.53,Loam,okra,PCAARRD ISP – Vegetables Industry Profile,https://ispweb.pcaarrd.dost.gov.ph/vegetables/,DOST-PCAARRD,PSA – Crops Production Survey (national & regional crop statistics),https://psa.gov.ph/crops-production-survey
55.2,30.6,68.9,26.41,61.13,6.25,137.25,Sandy,cassava,Department of Agriculture – Official Portal,https://www.da.gov.ph/,Department of Agriculture,PSA – Crops Production Survey (national & regional crop statistics),https://psa.gov.ph/crops-production-survey
42.4,46.5,48.2,31.27,69.89,5.68,196.07,Sandy Loam,papaya,Department of Agriculture – Official Portal,https://www.da.gov.ph/,Department of Agriculture,PSA – Crops Production Survey (national & regional crop statistics),https://psa.gov.ph/crops-production-survey
42.1,33.6,74.5,22.25,74.21,6.21,96.52,Loam,sweet_potato,PCAARRD ISP – Sweetpotato Industry Profile,https://ispweb.pcaarrd.dost.gov.ph/sweetpotato/,DOST-PCAARRD,PSA – Crops Production Survey (national & regional crop statistics),https://psa.gov.ph/crops-production-survey
55.2,36.8,65.9,25.09,67.88,5.81,73.06,Sandy Loam,tobacco,Department of Agriculture – Official Portal,https://www.da.gov.ph/,Department of Agriculture,PSA – Crops Production Survey (national & regional crop statistics),https://psa.gov.ph/crops-production-survey
80.4,43.3,20.4,30.41,71.64,7.26,87,Loam,corn,DA – Philippine Yellow Corn Industry Roadmap,https://www.da.gov.ph/wp-content/uploads/2023/05/Philippine-Yellow-Corn-Industry-Roadmap.pdf,Department of Agriculture,PSA – Crops Production Survey (national & regional crop statistics),https://psa.gov.ph/crops-production-survey
98.8,26.1,32.9,24.78,71.1,5.74,197.97,Volcanic Loam,coffee,PCAARRD ISP – Coffee Industry Profile,https://ispweb.pcaarrd.dost.gov.ph/isp-commodities/coffee/,DOST-PCAARRD,PSA – Crops Production Survey (national & regional crop statistics),https://psa.gov.ph/crops-production-survey
61.7,34.1,86.4,23.27,56.85,6.42,78.33,Loam,tobacco,Department of Agriculture – Official Portal,https://www.da.gov.ph/,Department of Agriculture,PSA – Crops Production Survey (national & regional crop statistics),https://psa.gov.ph/crops-production-survey
56.4,43.3,50.7,24.56,87.9,5.96,101.18,Sandy Loam,papaya,Department of Agriculture – Official Portal,https://www.da.gov.ph/,Department of Agriculture,PSA – Crops Production Survey (national & regional crop statistics),https://psa.gov.ph/crops-production-survey
48.5,20.4,68.2,31.69,69.73,6.91,91.69,Sandy Loam,cassava,Department of Agriculture – Official Portal,https://www.da.gov.ph/,Department of Agriculture,PSA – Crops Production Survey (national & regional crop statistics),https://psa.gov.ph/crops-production-survey
16.1,17.8,19.6,23.53,79.64,5.65,113.53,Loam,calamansi,Department of Agriculture – Official Portal,https://www.da.gov.ph/,Department of Agriculture,PSA – Crops Production Survey (national & regional crop statistics),https://psa.gov.ph/crops-production-survey
86.6,34.1,52.4,26.99,86.33,5.74,161.72,Volcanic Loam,cacao,PCAARRD ISP – Cacao Industry Profile,https://ispweb.pcaarrd.dost.gov.ph/isp-commodities/cacao/,DOST-PCAARRD,PSA – Crops Production Survey (national & regional crop statistics),https://psa.gov.ph/crops-production-survey
87,43.5,23.6,29.57,68.33,7.22,88.36,Sandy Loam,corn,DA – Philippine Yellow Corn Industry Roadmap,https://www.da.gov.ph/wp-content/uploads/2023/05/Philippine-Yellow-Corn-Industry-Roadmap.pdf,Department of Agriculture,PSA – Crops Production Survey (national & regional crop statistics),https://psa.gov.ph/crops-production-survey
24.8,14.4,31,32.23,53.01,6.19,66.23,Clay Loam,mango,PCAARRD ISP – Mango Industry Profile,https://ispweb.pcaarrd.dost.gov.ph/isp-commodities/mango/,DOST-PCAARRD,PSA – Crops Production Survey (national & regional crop statistics),https://psa.gov.ph/crops-production-survey
67.2,41,56.7,21.8,60.73,6.65,30.89,Loam,onion,PCAARRD ISP – Vegetables Industry Profile (onion),https://ispweb.pcaarrd.dost.gov.ph/vegetables/,DOST-PCAARRD,PSA – Crops Production Survey (national & regional crop statistics),https://psa.gov.ph/crops-production-survey
87.4,49,56.1,25.59,58.61,6.01,65.3,Loam,onion,PCAARRD ISP – Vegetables Industry Profile (onion),https://ispweb.pcaarrd.dost.gov.ph/vegetables/,DOST-PCAARRD,PSA – Crops Production Survey (national & regional crop statistics),https://psa.gov.ph/crops-production-survey
24.2,18.8,31.9,25.48,85.4,5.76,235.96,Clay Loam,rubber,PCAARRD ISP – Rubber Industry Profile,https://ispweb.pcaarrd.dost.gov.ph/isp-commodities/rubber/,DOST-PCAARRD,PSA – Crops Production Survey (national & regional crop statistics),https://psa.gov.ph/crops-production-survey
24.3,24.6,29.3,28.22,66.02,5.73,75.46,Clay Loam,mango,PCAARRD ISP – Mango Industry Profile,https://ispweb.pcaarrd.dost.gov.ph/isp-commodities/mango/,DOST-PCAARRD,PSA – Crops Production Survey (national & regional crop statistics),https://psa.gov.ph/crops-production-survey
91.6,98,50.7,28.88,86.3,6.62,152.2,Loam,banana,PCAARRD ISP – Banana Industry Profile,https://ispweb.pcaarrd.dost.gov.ph/isp-commodities/banana/,DOST-PCAARRD,PSA – Crops Production Survey (national & regional crop statistics),https://psa.gov.ph/crops-production-survey
17,11.8,26.9,27.72,88.01,6.18,170.08,Volcanic Loam,coconut,PCAARRD ISP – Coconut Industry Profile,https://ispweb.pcaarrd.dost.gov.ph/isp-commodities/coconut/,DOST-PCAARRD,PSA – Crops Production Survey (national & regional crop statistics),https://psa.gov.ph/crops-production-survey
111.3,49.4,44.8,30.32,86.45,6.46,244.75,Clay Loam,rice,PCAARRD ISP – Rice Industry Profile,https://ispweb.pcaarrd.dost.gov.ph/isp-commodities/rice/,DOST-PCAARRD,PSA – Crops Production Survey (national & regional crop statistics),https://psa.gov.ph/crops-production-survey
65.3,31.3,84.7,27.5,92.9,6,253.8,Clay Loam,abaca,PCAARRD ISP – Abaca Industry Profile,https://ispweb.pcaarrd.dost.gov.ph/isp-commodities/abaca/,DOST-PCAARRD,PSA – Crops Production Survey (national & regional crop statistics),https://psa.gov.ph/crops-production-survey
64.2,42.3,41.1,25.75,80.34,6.69,170.64,Clay Loam,cacao,PCAARRD ISP – Cacao Industry Profile,https://ispweb.pcaarrd.dost.gov.ph/isp-commodities/cacao/,DOST-PCAARRD,PSA – Crops Production Survey (national & regional crop statistics),https://psa.gov.ph/crops-production-survey
104.1,25,30.1,22.26,77.82,5.25,239.76,Clay Loam,coffee,PCAARRD ISP – Coffee Industry Profile,https://ispweb.pcaarrd.dost.gov.ph/isp-commodities/coffee/,DOST-PCAARRD,PSA – Crops Production Survey (national & regional crop statistics),https://psa.gov.ph/crops-production-survey
19.4,31.6,49.4,29.42,56.4,6.59,57.72,Sandy Loam,peanut,PCAARRD ISP – Legumes Industry Profile,https://ispweb.pcaarrd.dost.gov.ph/legumes/,DOST-PCAARRD,PSA – Crops Production Survey (national & regional crop statistics),https://psa.gov.ph/crops-production-survey
41.7,21,69.2,24.73,74.95,5.98,90.3,Loam,sweet_potato,PCAARRD ISP – Sweetpotato Industry Profile,https://ispweb.pcaarrd.dost.gov.ph/sweetpotato/,DOST-PCAARRD,PSA – Crops Production Survey (national & regional crop statistics),https://psa.gov.ph/crops-production-survey
95.5,55.5,42.9,26.29,82.19,6.02,178.2,Clay Loam,rice,PCAARRD ISP – Rice Industry Profile,https://ispweb.pcaarrd.dost.gov.ph/isp-commodities/rice/,DOST-PCAARRD,PSA – Crops Production Survey (national & regional crop statistics),https://psa.gov.ph/crops-production-survey
60.3,40.4,82.4,25.31,64.12,5.56,43.6,Sandy Loam,tomato,PCAARRD ISP – Vegetables Industry Profile,https://ispweb.pcaarrd.dost.gov.ph/vegetables/,DOST-PCAARRD,PSA – Crops Production Survey (national & regional crop statistics),https://psa.gov.ph/crops-production-survey
48.4,27.6,70.6,31.37,68.57,5.38,59.74,Sandy Loam,cassava,Department of Agriculture – Official Portal,https://www.da.gov.ph/,Department of Agriculture,PSA – Crops Production Survey (national & regional crop statistics),https://psa.gov.ph/crops-production-survey
70.3,41.1,53.2,25.29,82.03,6.19,175.17,Clay Loam,cacao,PCAARRD ISP – Cacao Industry Profile,https://ispweb.pcaarrd.dost.gov.ph/isp-commodities/cacao/,DOST-PCAARRD,PSA – Crops Production Survey (national & regional crop statistics),https://psa.gov.ph/crops-production-survey
24.9,24.6,33.2,33.12,66.42,6.4,91.35,Sandy Loam,mango,PCAARRD ISP – Mango Industry Profile,https://ispweb.pcaarrd.dost.gov.ph/isp-commodities/mango/,DOST-PCAARRD,PSA – Crops Production Survey (national & regional crop statistics),https://psa.gov.ph/crops-production-survey
48.2,41,30.1,24.7,70.06,6.57,59.32,Loam,ampalaya,PCAARRD ISP – Vegetables Industry Profile,https://ispweb.pcaarrd.dost.gov.ph/vegetables/,DOST-PCAARRD,PSA – Crops Production Survey (national & regional crop statistics),https://psa.gov.ph/crops-production-survey
37.6,32.6,69.6,27.44,63.33,6.37,93.84,Sandy Loam,sweet_potato,PCAARRD ISP – Sweetpotato Industry Profile,https://ispweb.pcaarrd.dost.gov.ph/sweetpotato/,DOST-PCAARRD,PSA – Crops Production Survey (national & regional crop statistics),https://psa.gov.ph/crops-production-survey
40.8,16.3,71.8,28.53,78.48,5.04,110.86,Volcanic Loam,pineapple,PCAARRD ISP – Queen Pineapple Industry Profile,https://ispweb.pcaarrd.dost.gov.ph/queen-pineapple/,DOST-PCAARRD,PSA – Crops Production Survey (national & regional crop statistics),https://psa.gov.ph/crops-production-survey
89.1,40,41.5,27.98,75.77,6.47,259.24,Clay,rice,PCAARRD ISP – Rice Industry Profile,https://ispweb.pcaarrd.dost.gov.ph/isp-commodities/rice/,DOST-PCAARRD,PSA – Crops Production Survey (national & regional crop statistics),https://psa.gov.ph/crops-production-survey
88.3,36,58.4,25.8,86.67,6.21,167.59,Loam,cacao,PCAARRD ISP – Cacao Industry Profile,https://ispweb.pcaarrd.dost.gov.ph/isp-commodities/cacao/,DOST-PCAARRD,PSA – Crops Production Survey (national & regional crop statistics),https://psa.gov.ph/crops-production-survey
47.1,45.7,44.5,31.72,86.57,5.74,121.68,Loam,papaya,Department of Agriculture – Official Portal,https://www.da.gov.ph/,Department of Agriculture,PSA – Crops Production Survey (national & regional crop statistics),https://psa.gov.ph/crops-production-survey
23.8,17.9,25.4,27.12,79.3,6.21,125.79,Clay Loam,calamansi,Department of Agriculture – Official Portal,https://www.da.gov.ph/,Department of Agriculture,PSA – Crops Production Survey (national & regional crop statistics),https://psa.gov.ph/crops-production-survey
70.5,38.7,52.8,29.38,81.12,6.51,165.15,Clay Loam,cacao,PCAARRD ISP – Cacao Industry Profile,https://ispweb.pcaarrd.dost.gov.ph/isp-commodities/cacao/,DOST-PCAARRD,PSA – Crops Production Survey (national & regional crop statistics),https://psa.gov.ph/crops-production-survey
33,40,87.4,23.56,72.44,6.8,99.14,Loam,sweet_potato,PCAARRD ISP – Sweetpotato Industry Profile,https://ispweb.pcaarrd.dost.gov.ph/sweetpotato/,DOST-PCAARRD,PSA – Crops Production Survey (national & regional crop statistics),https://psa.gov.ph/crops-production-survey
34.1,23.5,92.5,24.12,72,6.55,63.26,Sandy Loam,sweet_potato,PCAARRD ISP – Sweetpotato Industry Profile,https://ispweb.pcaarrd.dost.gov.ph/sweetpotato/,DOST-PCAARRD,PSA – Crops Production Survey (national & regional crop statistics),https://psa.gov.ph/crops-production-survey
40.8,50.6,45.6,23.67,86.26,5.56,141.31,Loam,papaya,Department of Agriculture – Official Portal,https://www.da.gov.ph/,Department of Agriculture,PSA – Crops Production Survey (national & regional crop statistics),https://psa.gov.ph/crops-production-survey
68,21.3,71.2,26.28,92.15,5.37,224.84,Loam,abaca,PCAARRD ISP – Abaca Industry Profile,https://ispweb.pcaarrd.dost.gov.ph/isp-commodities/abaca/,DOST-PCAARRD,PSA – Crops Production Survey (national & regional crop statistics),https://psa.gov.ph/crops-production-survey
94.8,94.3,51.6,26,82.02,6.14,122.69,Clay Loam,banana,PCAARRD ISP – Banana Industry Profile,https://ispweb.pcaarrd.dost.gov.ph/isp-commodities/banana/,DOST-PCAARRD,PSA – Crops Production Survey (national & regional crop statistics),https://psa.gov.ph/crops-production-survey
113.5,57.3,44.8,30.26,86.61,6.32,259.39,Clay,rice,PCAARRD ISP – Rice Industry Profile,https://ispweb.pcaarrd.dost.gov.ph/isp-commodities/rice/,DOST-PCAARRD,PSA – Crops Production Survey (national & regional crop statistics),https://psa.gov.ph/crops-production-survey
16.7,22.3,31.1,33.29,51.37,7.39,95.66,Loam,mango,PCAARRD ISP – Mango Industry Profile,https://ispweb.pcaarrd.dost.gov.ph/isp-commodities/mango/,DOST-PCAARRD,PSA – Crops Production Survey (national & regional crop statistics),https://psa.gov.ph/crops-production-survey
85.2,58.4,42.6,31.85,81.39,5.63,226.8,Clay Loam,rice,PCAARRD ISP – Rice Industry Profile,https://ispweb.pcaarrd.dost.gov.ph/isp-commodities/rice/,DOST-PCAARRD,PSA – Crops Production Survey (national & regional crop statistics),https://psa.gov.ph/crops-production-survey
46.9,32.5,86.6,27.9,59.33,6.14,49.85,Loam,tobacco,Department of Agriculture – Official Portal,https://www.da.gov.ph/,Department of Agriculture,PSA – Crops Production Survey (national & regional crop statistics),https://psa.gov.ph/crops-production-survey
47.2,15.5,64.2,27.98,68.21,5.18,82.33,Sandy Loam,pineapple,PCAARRD ISP – Queen Pineapple Industry Profile,https://ispweb.pcaarrd.dost.gov.ph/queen-pineapple/,DOST-PCAARRD,PSA – Crops Production Survey (national & regional crop statistics),https://psa.gov.ph/crops-production-survey
89.3,24.8,79.6,26.6,94.86,6.09,265.05,Loam,abaca,PCAARRD ISP – Abaca Industry Profile,https://ispweb.pcaarrd.dost.gov.ph/isp-commodities/abaca/,DOST-PCAARRD,PSA – Crops Production Survey (national & regional crop statistics),https://psa.gov.ph/crops-production-survey
16.2,11.8,17.7,26.66,76.25,5.85,115.59,Loam,calamansi,Department of Agriculture – Official Portal,https://www.da.gov.ph/,Department of Agriculture,PSA – Crops Production Survey (national & regional crop statistics),https://psa.gov.ph/crops-production-survey
21.3,12.9,18.5,30.69,84.53,5.49,116.8,Loam,calamansi,Department of Agriculture – Official Portal,https://www.da.gov.ph/,Department of Agriculture,PSA – Crops Production Survey (national & regional crop statistics),https://psa.gov.ph/crops-production-survey
55.5,31.1,68.6,26.01,72.68,4.84,126.1,Sandy Loam,pineapple,PCAARRD ISP – Queen Pineapple Industry Profile,https://ispweb.pcaarrd.dost.gov.ph/queen-pineapple/,DOST-PCAARRD,PSA – Crops Production Survey (national & regional crop statistics),https://psa.gov.ph/crops-production-survey
58.9,34.6,29.8,30.38,71.33,6.7,69.88,Loam,ampalaya,PCAARRD ISP – Vegetables Industry Profile,https://ispweb.pcaarrd.dost.gov.ph/vegetables/,DOST-PCAARRD,PSA – Crops Production Survey (national & regional crop statistics),https://psa.gov.ph/crops-production-survey
24.6,29.3,24.5,29.37,83.52,5.67,170.74,Volcanic Loam,rubber,PCAARRD ISP – Rubber Industry Profile,https://ispweb.pcaarrd.dost.gov.ph/isp-commodities/rubber/,DOST-PCAARRD,PSA – Crops Production Survey (national & regional crop statistics),https://psa.gov.ph/crops-production-survey
23.4,13.3,33.8,29.94,93.84,6.93,158.28,Sandy,coconut,PCAARRD ISP – Coconut Industry Profile,https://ispweb.pcaarrd.dost.gov.ph/isp-commodities/coconut/,DOST-PCAARRD,PSA – Crops Production Survey (national & regional crop statistics),https://psa.gov.ph/crops-production-survey
101.7,20,34.5,27.31,80.42,6.22,244.2,Clay Loam,coffee,PCAARRD ISP – Coffee Industry Profile,https://ispweb.pcaarrd.dost.gov.ph/isp-commodities/coffee/,DOST-PCAARRD,PSA – Crops Production Survey (national & regional crop statistics),https://psa.gov.ph/crops-production-survey
74.2,47.3,59.9,28.18,79.33,6.39,86.84,Loam,eggplant,PCAARRD ISP – Vegetables Industry Profile,https://ispweb.pcaarrd.dost.gov.ph/vegetables/,DOST-PCAARRD,PSA – Crops Production Survey (national & regional crop statistics),https://psa.gov.ph/crops-production-survey
84.5,54.1,23.9,30.6,61.1,5.52,72.78,Loam,corn,DA – Philippine Yellow Corn Industry Roadmap,https://www.da.gov.ph/wp-content/uploads/2023/05/Philippine-Yellow-Corn-Industry-Roadmap.pdf,Department of Agriculture,PSA – Crops Production Survey (national & regional crop statistics),https://psa.gov.ph/crops-production-survey
58.3,47.9,32.1,27.85,67.39,6.11,96.23,Sandy Loam,okra,PCAARRD ISP – Vegetables Industry Profile,https://ispweb.pcaarrd.dost.gov.ph/vegetables/,DOST-PCAARRD,PSA – Crops Production Survey (national & regional crop statistics),https://psa.gov.ph/crops-production-survey
23.9,24.4,30.1,27.88,52.69,6.07,85.37,Sandy Loam,mango,PCAARRD ISP – Mango Industry Profile,https://ispweb.pcaarrd.dost.gov.ph/isp-commodities/mango/,DOST-PCAARRD,PSA – Crops Production Survey (national & regional crop statistics),https://psa.gov.ph/crops-production-survey
26,17.8,31.8,27.85,87.33,5.53,225.48,Loam,rubber,PCAARRD ISP – Rubber Industry Profile,https://ispweb.pcaarrd.dost.gov.ph/isp-commodities/rubber/,DOST-PCAARRD,PSA – Crops Production Survey (national & regional crop statistics),https://psa.gov.ph/crops-production-survey
18.8,38.6,23.8,29.97,70.98,6.88,59.99,Sandy Loam,mungbean,PCAARRD ISP – Legumes Industry Profile,https://ispweb.pcaarrd.dost.gov.ph/legumes/,DOST-PCAARRD,PSA – Crops Production Survey (national & regional crop statistics),https://psa.gov.ph/crops-production-survey
40,19.8,82.5,26.84,70.41,6.02,111.1,Clay Loam,pineapple,PCAARRD ISP – Queen Pineapple Industry Profile,https://ispweb.pcaarrd.dost.gov.ph/queen-pineapple/,DOST-PCAARRD,PSA – Crops Production Survey (national & regional crop statistics),https://psa.gov.ph/crops-production-survey
54.5,33.2,32.2,31.5,75.92,6.26,95.35,Clay Loam,ampalaya,PCAARRD ISP – Vegetables Industry Profile,https://ispweb.pcaarrd.dost.gov.ph/vegetables/,DOST-PCAARRD,PSA – Crops Production Survey (national & regional crop statistics),https://psa.gov.ph/crops-production-survey
18.1,17.4,19.8,26.2,75.26,5.83,151,Clay Loam,calamansi,Department of Agriculture – Official Portal,https://www.da.gov.ph/,Department of Agriculture,PSA – Crops Production Survey (national & regional crop statistics),https://psa.gov.ph/crops-production-survey
89.4,46,58.9,22.92,67.2,6.27,54.22,Loam,garlic,PCAARRD ISP – Vegetables Industry Profile (garlic),https://ispweb.pcaarrd.dost.gov.ph/vegetables/,DOST-PCAARRD,PSA – Crops Production Survey (national & regional crop statistics),https://psa.gov.ph/crops-production-survey
91.8,54,23.8,27.35,63.48,5.79,83.49,Sandy Loam,corn,DA – Philippine Yellow Corn Industry Roadmap,https://www.da.gov.ph/wp-content/uploads/2023/05/Philippine-Yellow-Corn-Industry-Roadmap.pdf,Department of Agriculture,PSA – Crops Production Survey (national & regional crop statistics),https://psa.gov.ph/crops-production-survey
38.6,27.8,18.9,30.13,76.38,5.57,199.47,Volcanic Loam,rubber,PCAARRD ISP – Rubber Industry Profile,https://ispweb.pcaarrd.dost.gov.ph/isp-commodities/rubber/,DOST-PCAARRD,PSA – Crops Production Survey (national & regional crop statistics),https://psa.gov.ph/crops-production-survey
78.9,43.9,45.7,27.9,66.92,6.54,34.76,Loam,garlic,PCAARRD ISP – Vegetables Industry Profile (garlic),https://ispweb.pcaarrd.dost.gov.ph/vegetables/,DOST-PCAARRD,PSA – Crops Production Survey (national & regional crop statistics),https://psa.gov.ph/crops-production-survey
75.3,22.8,78.8,27.41,86.2,5.98,208.39,Loam,abaca,PCAARRD ISP – Abaca Industry Profile,https://ispweb.pcaarrd.dost.gov.ph/isp-commodities/abaca/,DOST-PCAARRD,PSA – Crops Production Survey (national & regional crop statistics),https://psa.gov.ph/crops-production-survey
82.4,61.6,23.7,25.1,62.31,6.33,116.57,Loam,corn,DA – Philippine Yellow Corn Industry Roadmap,https://www.da.gov.ph/wp-content/uploads/2023/05/Philippine-Yellow-Corn-Industry-Roadmap.pdf,Department of Agriculture,PSA – Crops Production Survey (national & regional crop statistics),https://psa.gov.ph/crops-production-survey
44.8,24.4,74.8,26.66,67.33,5.43,113.66,Loam,sweet_potato,PCAARRD ISP – Sweetpotato Industry Profile,https://ispweb.pcaarrd.dost.gov.ph/sweetpotato/,DOST-PCAARRD,PSA – Crops Production Survey (national & regional crop statistics),https://psa.gov.ph/crops-production-survey
77.1,28.4,70.1,26.89,82.01,5.31,231.54,Clay Loam,abaca,PCAARRD ISP – Abaca Industry Profile,https://ispweb.pcaarrd.dost.gov.ph/isp-commodities/abaca/,DOST-PCAARRD,PSA – Crops Production Survey (national & regional crop statistics),https://psa.gov.ph/crops-production-survey
17.6,24.3,30.2,34.73,58.58,5.92,98,Clay Loam,mango,PCAARRD ISP – Mango Industry Profile,https://ispweb.pcaarrd.dost.gov.ph/isp-commodities/mango/,DOST-PCAARRD,PSA – Crops Production Survey (national & regional crop statistics),https://psa.gov.ph/crops-production-survey
18.1,16,31.7,28.49,69.01,5.66,57.96,Sandy Loam,mango,PCAARRD ISP – Mango Industry Profile,https://ispweb.pcaarrd.dost.gov.ph/isp-commodities/mango/,DOST-PCAARRD,PSA – Crops Production Survey (national & regional crop statistics),https://psa.gov.ph/crops-production-survey
94.6,42.3,20.8,26.61,63.2,6.47,67.79,Sandy Loam,corn,DA – Philippine Yellow Corn Industry Roadmap,https://www.da.gov.ph/wp-content/uploads/2023/05/Philippine-Yellow-Corn-Industry-Roadmap.pdf,Department of Agriculture,PSA – Crops Production Survey (national & regional crop statistics),https://psa.gov.ph/crops-production-survey
99.1,78.5,53.6,31.37,81.83,6.54,171.02,Loam,banana,PCAARRD ISP – Banana Industry Profile,https://ispweb.pcaarrd.dost.gov.ph/isp-commodities/banana/,DOST-PCAARRD,PSA – Crops Production Survey (national & regional crop statistics),https://psa.gov.ph/crops-production-survey
51.1,38.2,70.6,31.83,71.15,6.92,72.81,Sandy,cassava,Department of Agriculture – Official Portal,https://www.da.gov.ph/,Department of Agriculture,PSA – Crops Production Survey (national & regional crop statistics),https://psa.gov.ph/crops-production-survey
63.1,20.3,62.1,22.79,68.74,5.46,82.88,Loam,tobacco,Department of Agriculture – Official Portal,https://www.da.gov.ph/,Department of Agriculture,PSA – Crops Production Survey (national & regional crop statistics),https://psa.gov.ph/crops-production-survey
51.4,29,63.4,28.65,58.83,6.08,131.93,Sandy Loam,cassava,Department of Agriculture – Official Portal,https://www.da.gov.ph/,Department of Agriculture,PSA – Crops Production Survey (national & regional crop statistics),https://psa.gov.ph/crops-production-survey
26.1,42.4,32.7,26.91,69.05,6.21,61.68,Sandy,peanut,PCAARRD ISP – Legumes Industry Profile,https://ispweb.pcaarrd.dost.gov.ph/legumes/,DOST-PCAARRD,PSA – Crops Production Survey (national & regional crop statistics),https://psa.gov.ph/crops-production-survey
103.2,48.6,42.8,28.48,77.73,6.94,157.22,Clay Loam,rice,PCAARRD ISP – Rice Industry Profile,https://ispweb.pcaarrd.dost.gov.ph/isp-commodities/rice/,DOST-PCAARRD,PSA – Crops Production Survey (national & regional crop statistics),https://psa.gov.ph/crops-production-survey
26.6,15,31.9,24.63,86.12,5.59,177.56,Volcanic Loam,rubber,PCAARRD ISP – Rubber Industry Profile,https://ispweb.pcaarrd.dost.gov.ph/isp-commodities/rubber/,DOST-PCAARRD,PSA – Crops Production Survey (national & regional crop statistics),https://psa.gov.ph/crops-production-survey
38.9,21.1,68.3,26.44,69.99,5.19,90.85,Volcanic Loam,pineapple,PCAARRD ISP – Queen Pineapple Industry Profile,https://ispweb.pcaarrd.dost.gov.ph/queen-pineapple/,DOST-PCAARRD,PSA – Crops Production Survey (national & regional crop statistics),https://psa.gov.ph/crops-production-survey
17,18.9,25.4,30.48,65.41,5.63,66.77,Clay Loam,mango,PCAARRD ISP – Mango Industry Profile,https://ispweb.pcaarrd.dost.gov.ph/isp-commodities/mango/,DOST-PCAARRD,PSA – Crops Production Survey (national & regional crop statistics),https://psa.gov.ph/crops-production-survey
74,46.5,41.4,22.3,57.05,6.45,44.65,Sandy Loam,onion,PCAARRD ISP – Vegetables Industry Profile (onion),https://ispweb.pcaarrd.dost.gov.ph/vegetables/,DOST-PCAARRD,PSA – Crops Production Survey (national & regional crop statistics),https://psa.gov.ph/crops-production-survey
79,36.2,51.8,24.82,67.19,6.94,63.46,Loam,onion,PCAARRD ISP – Vegetables Industry Profile (onion),https://ispweb.pcaarrd.dost.gov.ph/vegetables/,DOST-PCAARRD,PSA – Crops Production Survey (national & regional crop statistics),https://psa.gov.ph/crops-production-survey
81.6,55.3,79.3,23.35,67.47,5.86,61.86,Sandy Loam,tomato,PCAARRD ISP – Vegetables Industry Profile,https://ispweb.pcaarrd.dost.gov.ph/vegetables/,DOST-PCAARRD,PSA – Crops Production Survey (national & regional crop statistics),https://psa.gov.ph/crops-production-survey
81.4,21.6,82.1,27.6,92.23,6.07,261.23,Volcanic Loam,abaca,PCAARRD ISP – Abaca Industry Profile,https://ispweb.pcaarrd.dost.gov.ph/isp-commodities/abaca/,DOST-PCAARRD,PSA – Crops Production Survey (national & regional crop statistics),https://psa.gov.ph/crops-production-survey
103.4,23.8,25.8,20.48,66.39,5.24,180.12,Volcanic Loam,coffee,PCAARRD ISP – Coffee Industry Profile,https://ispweb.pcaarrd.dost.gov.ph/isp-commodities/coffee/,DOST-PCAARRD,PSA – Crops Production Survey (national & regional crop statistics),https://psa.gov.ph/crops-production-survey
23.9,8.3,29.1,28.38,93.49,7.34,180.69,Sandy Loam,coconut,PCAARRD ISP – Coconut Industry Profile,https://ispweb.pcaarrd.dost.gov.ph/isp-commodities/coconut/,DOST-PCAARRD,PSA – Crops Production Survey (national & regional crop statistics),https://psa.gov.ph/crops-production-survey
78.5,36.9,54.7,20.59,56.51,6.05,46.15,Loam,garlic,PCAARRD ISP – Vegetables Industry Profile (garlic),https://ispweb.pcaarrd.dost.gov.ph/vegetables/,DOST-PCAARRD,PSA – Crops Production Survey (national & regional crop statistics),https://psa.gov.ph/crops-production-survey
50.5,42.9,39.3,27.41,74.66,6.06,91.81,Loam,ampalaya,PCAARRD ISP – Vegetables Industry Profile,https://ispweb.pcaarrd.dost.gov.ph/vegetables/,DOST-PCAARRD,PSA – Crops Production Survey (national & regional crop statistics),https://psa.gov.ph/crops-production-survey
34.7,29.5,31.3,29.89,78.64,5.59,192.22,Volcanic Loam,rubber,PCAARRD ISP – Rubber Industry Profile,https://ispweb.pcaarrd.dost.gov.ph/isp-commodities/rubber/,DOST-PCAARRD,PSA – Crops Production Survey (national & regional crop statistics),https://psa.gov.ph/crops-production-survey
88.2,30.4,50.8,24.36,69.33,6.75,51.82,Loam,garlic,PCAARRD ISP – Vegetables Industry Profile (garlic),https://ispweb.pcaarrd.dost.gov.ph/vegetables/,DOST-PCAARRD,PSA – Crops Production Survey (national & regional crop statistics),https://psa.gov.ph/crops-production-survey
50.7,36,32.7,29.91,71.72,6.07,62.12,Sandy Loam,okra,PCAARRD ISP – Vegetables Industry Profile,https://ispweb.pcaarrd.dost.gov.ph/vegetables/,DOST-PCAARRD,PSA – Crops Production Survey (national & regional crop statistics),https://psa.gov.ph/crops-production-survey
57.5,32.7,64,26.13,66.69,6.33,131.41,Sandy Loam,cassava,Department of Agriculture – Official Portal,https://www.da.gov.ph/,Department of Agriculture,PSA – Crops Production Survey (national & regional crop statistics),https://psa.gov.ph/crops-production-survey
142.1,47.2,48.1,33.99,68.81,5.73,127.34,Clay Loam,sugarcane,PCAARRD ISP – Sugarcane Industry Profile,https://ispweb.pcaarrd.dost.gov.ph/sugarcane/,DOST-PCAARRD,PSA – Crops Production Survey (national & regional crop statistics),https://psa.gov.ph/crops-production-survey
61.8,29.5,78.3,30.52,89.26,6.47,263.89,Loam,abaca,PCAARRD ISP – Abaca Industry Profile,https://ispweb.pcaarrd.dost.gov.ph/isp-commodities/abaca/,DOST-PCAARRD,PSA – Crops Production Survey (national & regional crop statistics),https://psa.gov.ph/crops-production-survey
29.9,27.7,33,30.39,87.74,4.54,232.66,Clay Loam,rubber,PCAARRD ISP – Rubber Industry Profile,https://ispweb.pcaarrd.dost.gov.ph/isp-commodities/rubber/,DOST-PCAARRD,PSA – Crops Production Survey (national & regional crop statistics),https://psa.gov.ph/crops-production-survey
18,22.3,32.4,34.49,67.92,5.32,67.21,Clay Loam,mango,PCAARRD ISP – Mango Industry Profile,https://ispweb.pcaarrd.dost.gov.ph/isp-commodities/mango/,DOST-PCAARRD,PSA – Crops Production Survey (national & regional crop statistics),https://psa.gov.ph/crops-production-survey
50.7,39,63.6,29.33,66.34,6.24,85.67,Loam,tobacco,Department of Agriculture – Official Portal,https://www.da.gov.ph/,Department of Agriculture,PSA – Crops Production Survey (national & regional crop statistics),https://psa.gov.ph/crops-production-survey
28.6,38.1,42.5,28.05,61.85,6.7,76.78,Sandy Loam,peanut,PCAARRD ISP – Legumes Industry Profile,https://ispweb.pcaarrd.dost.gov.ph/legumes/,DOST-PCAARRD,PSA – Crops Production Survey (national & regional crop statistics),https://psa.gov.ph/crops-production-survey
34.2,20.8,76,22.61,65.95,6.19,98.42,Loam,sweet_potato,PCAARRD ISP – Sweetpotato Industry Profile,https://ispweb.pcaarrd.dost.gov.ph/sweetpotato/,DOST-PCAARRD,PSA – Crops Production Survey (national & regional crop statistics),https://psa.gov.ph/crops-production-survey
80.5,54.8,45.7,27.46,69.24,5.96,105.5,Loam,eggplant,PCAARRD ISP – Vegetables Industry Profile,https://ispweb.pcaarrd.dost.gov.ph/vegetables/,DOST-PCAARRD,PSA – Crops Production Survey (national & regional crop statistics),https://psa.gov.ph/crops-production-survey
82.2,51.3,49.7,21.53,67.66,6.89,47.17,Sandy Loam,onion,PCAARRD ISP – Vegetables Industry Profile (onion),https://ispweb.pcaarrd.dost.gov.ph/vegetables/,DOST-PCAARRD,PSA – Crops Production Survey (national & regional crop statistics),https://psa.gov.ph/crops-production-survey
70.9,47.2,81.3,23.34,61.85,6.54,67,Loam,tomato,PCAARRD ISP – Vegetables Industry Profile,https://ispweb.pcaarrd.dost.gov.ph/vegetables/,DOST-PCAARRD,PSA – Crops Production Survey (national & regional crop statistics),https://psa.gov.ph/crops-production-survey
27.7,24.9,24.6,25.45,83.25,5.33,157.52,Volcanic Loam,rubber,PCAARRD ISP – Rubber Industry Profile,https://ispweb.pcaarrd.dost.gov.ph/isp-commodities/rubber/,DOST-PCAARRD,PSA – Crops Production Survey (national & regional crop statistics),https://psa.gov.ph/crops-production-survey
17.8,31.1,22.2,27.97,61.79,6.73,72.12,Loam,mungbean,PCAARRD ISP – Legumes Industry Profile,https://ispweb.pcaarrd.dost.gov.ph/legumes/,DOST-PCAARRD,PSA – Crops Production Survey (national & regional crop statistics),https://psa.gov.ph/crops-production-survey
43,37.2,77.9,22.96,56.63,6.16,77.14,Sandy Loam,tobacco,Department of Agriculture – Official Portal,https://www.da.gov.ph/,Department of Agriculture,PSA – Crops Production Survey (national & regional crop statistics),https://psa.gov.ph/crops-production-survey
51,31.4,49.8,28.39,72.89,6.28,75.63,Sandy Loam,okra,PCAARRD ISP – Vegetables Industry Profile,https://ispweb.pcaarrd.dost.gov.ph/vegetables/,DOST-PCAARRD,PSA – Crops Production Survey (national & regional crop statistics),https://psa.gov.ph/crops-production-survey
97.4,51.2,23.3,28.97,66.52,7.57,73.07,Clay Loam,corn,DA – Philippine Yellow Corn Industry Roadmap,https://www.da.gov.ph/wp-content/uploads/2023/05/Philippine-Yellow-Corn-Industry-Roadmap.pdf,Department of Agriculture,PSA – Crops Production Survey (national & regional crop statistics),https://psa.gov.ph/crops-production-survey
46,31.5,41.8,26.64,73.19,6.42,120.9,Loam,ampalaya,PCAARRD ISP – Vegetables Industry Profile,https://ispweb.pcaarrd.dost.gov.ph/vegetables/,DOST-PCAARRD,PSA – Crops Production Survey (national & regional crop statistics),https://psa.gov.ph/crops-production-survey
63.3,25,79.6,31.59,91.43,6.54,291.39,Volcanic Loam,abaca,PCAARRD ISP – Abaca Industry Profile,https://ispweb.pcaarrd.dost.gov.ph/isp-commodities/abaca/,DOST-PCAARRD,PSA – Crops Production Survey (national & regional crop statistics),https://psa.gov.ph/crops-production-survey
27.6,20.4,28.5,24.45,79.33,5.09,210.13,Clay Loam,rubber,PCAARRD ISP – Rubber Industry Profile,https://ispweb.pcaarrd.dost.gov.ph/isp-commodities/rubber/,DOST-PCAARRD,PSA – Crops Production Survey (national & regional crop statistics),https://psa.gov.ph/crops-production-survey
90.2,41.4,44.4,28.11,82.19,6.15,182.16,Loam,cacao,PCAARRD ISP – Cacao Industry Profile,https://ispweb.pcaarrd.dost.gov.ph/isp-commodities/cacao/,DOST-PCAARRD,PSA – Crops Production Survey (national & regional crop statistics),https://psa.gov.ph/crops-production-survey
46,56.1,45.2,32.15,72.33,6.66,119.74,Loam,papaya,Department of Agriculture – Official Portal,https://www.da.gov.ph/,Department of Agriculture,PSA – Crops Production Survey (national & regional crop statistics),https://psa.gov.ph/crops-production-survey
20.6,14.7,20,27.53,77.68,5.78,167.29,Loam,calamansi,Department of Agriculture – Official Portal,https://www.da.gov.ph/,Department of Agriculture,PSA – Crops Production Survey (national & regional crop statistics),https://psa.gov.ph/crops-production-survey
112.7,57.1,43.8,29.76,85.66,6.88,221.18,Clay,rice,PCAARRD ISP – Rice Industry Profile,https://ispweb.pcaarrd.dost.gov.ph/isp-commodities/rice/,DOST-PCAARRD,PSA – Crops Production Survey (national & regional crop statistics),https://psa.gov.ph/crops-production-survey
47.4,38.1,66,28.93,59.13,6.05,43.96,Sandy Loam,tobacco,Department of Agriculture – Official Portal,https://www.da.gov.ph/,Department of Agriculture,PSA – Crops Production Survey (national & regional crop statistics),https://psa.gov.ph/crops-production-survey
21.4,12.5,27.1,28.07,85.45,6.95,232.08,Sandy,coconut,PCAARRD ISP – Coconut Industry Profile,https://ispweb.pcaarrd.dost.gov.ph/isp-commodities/coconut/,DOST-PCAARRD,PSA – Crops Production Survey (national & regional crop statistics),https://psa.gov.ph/crops-production-survey
81.5,50.2,22.1,27.95,60.91,6.92,124.24,Sandy Loam,corn,DA – Philippine Yellow Corn Industry Roadmap,https://www.da.gov.ph/wp-content/uploads/2023/05/Philippine-Yellow-Corn-Industry-Roadmap.pdf,Department of Agriculture,PSA – Crops Production Survey (national & regional crop statistics),https://psa.gov.ph/crops-production-survey
82.6,47.4,42.9,26.76,74.17,6.4,125.92,Loam,eggplant,PCAARRD ISP – Vegetables Industry Profile,https://ispweb.pcaarrd.dost.gov.ph/vegetables/,DOST-PCAARRD,PSA – Crops Production Survey (national & regional crop statistics),https://psa.gov.ph/crops-production-survey
88.8,44.8,58.9,21.92,68.26,6.4,93.17,Loam,eggplant,PCAARRD ISP – Vegetables Industry Profile,https://ispweb.pcaarrd.dost.gov.ph/vegetables/,DOST-PCAARRD,PSA – Crops Production Survey (national & regional crop statistics),https://psa.gov.ph/crops-production-survey
41.5,46.1,34.5,31.73,72.82,6.53,93.55,Loam,okra,PCAARRD ISP – Vegetables Industry Profile,https://ispweb.pcaarrd.dost.gov.ph/vegetables/,DOST-PCAARRD,PSA – Crops Production Survey (national & regional crop statistics),https://psa.gov.ph/crops-production-survey
43.2,28.2,71.3,25.33,76.18,4.76,119.26,Volcanic Loam,pineapple,PCAARRD ISP – Queen Pineapple Industry Profile,https://ispweb.pcaarrd.dost.gov.ph/queen-pineapple/,DOST-PCAARRD,PSA – Crops Production Survey (national & regional crop statistics),https://psa.gov.ph/crops-production-survey
16.1,21.2,29.9,32.2,50.64,6.1,84.5,Clay Loam,mango,PCAARRD ISP – Mango Industry Profile,https://ispweb.pcaarrd.dost.gov.ph/isp-commodities/mango/,DOST-PCAARRD,PSA – Crops Production Survey (national & regional crop statistics),https://psa.gov.ph/crops-production-survey
49,44.9,33.6,24.73,64.05,6.69,59.68,Sandy Loam,okra,PCAARRD ISP – Vegetables Industry Profile,https://ispweb.pcaarrd.dost.gov.ph/vegetables/,DOST-PCAARRD,PSA – Crops Production Survey (national & regional crop statistics),https://psa.gov.ph/crops-production-survey
71.6,30.7,45.5,27.68,63.79,6.58,34.23,Sandy Loam,onion,PCAARRD ISP – Vegetables Industry Profile (onion),https://ispweb.pcaarrd.dost.gov.ph/vegetables/,DOST-PCAARRD,PSA – Crops Production Survey (national & regional crop statistics),https://psa.gov.ph/crops-production-survey
107.9,39.6,46.7,28.04,66.15,6.32,127.94,Clay Loam,sugarcane,PCAARRD ISP – Sugarcane Industry Profile,https://ispweb.pcaarrd.dost.gov.ph/sugarcane/,DOST-PCAARRD,PSA – Crops Production Survey (national & regional crop statistics),https://psa.gov.ph/crops-production-survey
44,22.8,69.4,26.43,62.29,5.83,85.83,Loam,sweet_potato,PCAARRD ISP – Sweetpotato Industry Profile,https://ispweb.pcaarrd.dost.gov.ph/sweetpotato/,DOST-PCAARRD,PSA – Crops Production Survey (national & regional crop statistics),https://psa.gov.ph/crops-production-survey
41.3,42,32.9,24.28,70.99,6.32,67.85,Loam,okra,PCAARRD ISP – Vegetables Industry Profile,https://ispweb.pcaarrd.dost.gov.ph/vegetables/,DOST-PCAARRD,PSA – Crops Production Survey (national & regional crop statistics),https://psa.gov.ph/crops-production-survey
76.7,42.1,48.6,22.8,65.28,6.45,65.24,Sandy Loam,garlic,PCAARRD ISP – Vegetables Industry Profile (garlic),https://ispweb.pcaarrd.dost.gov.ph/vegetables/,DOST-PCAARRD,PSA – Crops Production Survey (national & regional crop statistics),https://psa.gov.ph/crops-production-survey
56.5,26.1,70.8,24.41,58.92,5.82,78.13,Sandy Loam,tobacco,Department of Agriculture – Official Portal,https://www.da.gov.ph/,Department of Agriculture,PSA – Crops Production Survey (national & regional crop statistics),https://psa.gov.ph/crops-production-survey
113.6,40.5,50.5,30.01,65.99,6.45,136.83,Loam,sugarcane,PCAARRD ISP – Sugarcane Industry Profile,https://ispweb.pcaarrd.dost.gov.ph/sugarcane/,DOST-PCAARRD,PSA – Crops Production Survey (national & regional crop statistics),https://psa.gov.ph/crops-production-survey
23,31.4,27.6,30.46,63.01,6.34,79.02,Loam,mungbean,PCAARRD ISP – Legumes Industry Profile,https://ispweb.pcaarrd.dost.gov.ph/legumes/,DOST-PCAARRD,PSA – Crops Production Survey (national & regional crop statistics),https://psa.gov.ph/crops-production-survey
76.5,32.2,46.4,24.52,64.09,6.68,65.1,Sandy Loam,garlic,PCAARRD ISP – Vegetables Industry Profile (garlic),https://ispweb.pcaarrd.dost.gov.ph/vegetables/,DOST-PCAARRD,PSA – Crops Production Survey (national & regional crop statistics),https://psa.gov.ph/crops-production-survey
60.5,29.9,58.5,25.33,88.3,5.8,169.79,Loam,cacao,PCAARRD ISP – Cacao Industry Profile,https://ispweb.pcaarrd.dost.gov.ph/isp-commodities/cacao/,DOST-PCAARRD,PSA – Crops Production Survey (national & regional crop statistics),https://psa.gov.ph/crops-production-survey
20.7,25.8,22.8,29.77,75.39,5.76,208.47,Loam,rubber,PCAARRD ISP – Rubber Industry Profile,https://ispweb.pcaarrd.dost.gov.ph/isp-commodities/rubber/,DOST-PCAARRD,PSA – Crops Production Survey (national & regional crop statistics),https://psa.gov.ph/crops-production-survey
24.7,15.1,27.2,29.67,63.05,5.86,63.75,Loam,mango,PCAARRD ISP – Mango Industry Profile,https://ispweb.pcaarrd.dost.gov.ph/isp-commodities/mango/,DOST-PCAARRD,PSA – Crops Production Survey (national & regional crop statistics),https://psa.gov.ph/crops-production-survey
57.6,23,59.7,29.25,67.11,6.33,65.45,Loam,tobacco,Department of Agriculture – Official Portal,https://www.da.gov.ph/,Department of Agriculture,PSA – Crops Production Survey (national & regional crop statistics),https://psa.gov.ph/crops-production-survey
54.5,45.4,36.2,30.18,75.32,6.63,80.35,Clay Loam,ampalaya,PCAARRD ISP – Vegetables Industry Profile,https://ispweb.pcaarrd.dost.gov.ph/vegetables/,DOST-PCAARRD,PSA – Crops Production Survey (national & regional crop statistics),https://psa.gov.ph/crops-production-survey
21.4,8.8,26.2,25.72,85.98,7.89,184.62,Sandy Loam,coconut,PCAARRD ISP – Coconut Industry Profile,https://ispweb.pcaarrd.dost.gov.ph/isp-commodities/coconut/,DOST-PCAARRD,PSA – Crops Production Survey (national & regional crop statistics),https://psa.gov.ph/crops-production-survey
40.6,39.3,33.9,30.5,74.31,6.64,78.09,Loam,okra,PCAARRD ISP – Vegetables Industry Profile,https://ispweb.pcaarrd.dost.gov.ph/vegetables/,DOST-PCAARRD,PSA – Crops Production Survey (national & regional crop statistics),https://psa.gov.ph/crops-production-survey
82.2,40.5,44.3,28.83,67.47,5.93,115.62,Clay Loam,eggplant,PCAARRD ISP – Vegetables Industry Profile,https://ispweb.pcaarrd.dost.gov.ph/vegetables/,DOST-PCAARRD,PSA – Crops Production Survey (national & regional crop statistics),https://psa.gov.ph/crops-production-survey
74.7,33.9,43.3,24.82,69.34,6.52,39.2,Sandy Loam,onion,PCAARRD ISP – Vegetables Industry Profile (onion),https://ispweb.pcaarrd.dost.gov.ph/vegetables/,DOST-PCAARRD,PSA – Crops Production Survey (national & regional crop statistics),https://psa.gov.ph/crops-production-survey
59.9,57.6,50.4,31.76,80.3,6.28,165.65,Loam,papaya,Department of Agriculture – Official Portal,https://www.da.gov.ph/,Department of Agriculture,PSA – Crops Production Survey (national & regional crop statistics),https://psa.gov.ph/crops-production-survey
14.9,17,24.7,30.69,76.73,6.53,113.35,Loam,calamansi,Department of Agriculture – Official Portal,https://www.da.gov.ph/,Department of Agriculture,PSA – Crops Production Survey (national & regional crop statistics),https://psa.gov.ph/crops-production-survey
16,24.4,28.3,35.06,55.95,7.36,77.28,Sandy Loam,mango,PCAARRD ISP – Mango Industry Profile,https://ispweb.pcaarrd.dost.gov.ph/isp-commodities/mango/,DOST-PCAARRD,PSA – Crops Production Survey (national & regional crop statistics),https://psa.gov.ph/crops-production-survey
47.5,26.4,79.2,27.57,60.01,6.29,42.28,Loam,tobacco,Department of Agriculture – Official Portal,https://www.da.gov.ph/,Department of Agriculture,PSA – Crops Production Survey (national & regional crop statistics),https://psa.gov.ph/crops-production-survey
42.9,50.3,51.4,24.58,77.82,5.53,159.43,Clay Loam,papaya,Department of Agriculture – Official Portal,https://www.da.gov.ph/,Department of Agriculture,PSA – Crops Production Survey (national & regional crop statistics),https://psa.gov.ph/crops-production-survey
132.7,41.2,54.3,27.08,68.94,5.62,116.57,Clay Loam,sugarcane,PCAARRD ISP – Sugarcane Industry Profile,https://ispweb.pcaarrd.dost.gov.ph/sugarcane/,DOST-PCAARRD,PSA – Crops Production Survey (national & regional crop statistics),https://psa.gov.ph/crops-production-survey
23.4,12.9,16.4,25.78,73.16,6.19,104.94,Clay Loam,calamansi,Department of Agriculture – Official Portal,https://www.da.gov.ph/,Department of Agriculture,PSA – Crops Production Survey (national & regional crop statistics),https://psa.gov.ph/crops-production-survey
48.4,36.1,41.2,29.54,66.11,6.76,83.84,Clay Loam,ampalaya,PCAARRD ISP – Vegetables Industry Profile,https://ispweb.pcaarrd.dost.gov.ph/vegetables/,DOST-PCAARRD,PSA – Crops Production Survey (national & regional crop statistics),https://psa.gov.ph/crops-production-survey
86,47.1,24.5,29.85,60.3,6.2,62.63,Loam,corn,DA – Philippine Yellow Corn Industry Roadmap,https://www.da.gov.ph/wp-content/uploads/2023/05/Philippine-Yellow-Corn-Industry-Roadmap.pdf,Department of Agriculture,PSA – Crops Production Survey (national & regional crop statistics),https://psa.gov.ph/crops-production-survey
91.6,59.2,62.7,25.23,68.2,6.2,80.65,Loam,tomato,PCAARRD ISP – Vegetables Industry Profile,https://ispweb.pcaarrd.dost.gov.ph/vegetables/,DOST-PCAARRD,PSA – Crops Production Survey (national & regional crop statistics),https://psa.gov.ph/crops-production-survey
53.2,51.7,52.1,28.13,79.57,6.3,190.4,Clay Loam,papaya,Department of Agriculture – Official Portal,https://www.da.gov.ph/,Department of Agriculture,PSA – Crops Production Survey (national & regional crop statistics),https://psa.gov.ph/crops-production-survey
16.7,35.6,29.6,30.82,74.79,7,45.84,Sandy Loam,mungbean,PCAARRD ISP – Legumes Industry Profile,https://ispweb.pcaarrd.dost.gov.ph/legumes/,DOST-PCAARRD,PSA – Crops Production Survey (national & regional crop statistics),https://psa.gov.ph/crops-production-survey
27.9,23.3,25.8,28.62,89.14,5.26,222.01,Loam,rubber,PCAARRD ISP – Rubber Industry Profile,https://ispweb.pcaarrd.dost.gov.ph/isp-commodities/rubber/,DOST-PCAARRD,PSA – Crops Production Survey (national & regional crop statistics),https://psa.gov.ph/crops-production-survey
16,22.2,25.6,36.27,62.93,6.13,67.68,Sandy Loam,mango,PCAARRD ISP – Mango Industry Profile,https://ispweb.pcaarrd.dost.gov.ph/isp-commodities/mango/,DOST-PCAARRD,PSA – Crops Production Survey (national & regional crop statistics),https://psa.gov.ph/crops-production-survey
51.3,41.6,42.5,24.62,67.53,6.15,80.75,Clay Loam,ampalaya,PCAARRD ISP – Vegetables Industry Profile,https://ispweb.pcaarrd.dost.gov.ph/vegetables/,DOST-PCAARRD,PSA – Crops Production Survey (national & regional crop statistics),https://psa.gov.ph/crops-production-survey
96.5,49.8,24.3,29.08,66.03,5.54,82.95,Clay Loam,corn,DA – Philippine Yellow Corn Industry Roadmap,https://www.da.gov.ph/wp-content/uploads/2023/05/Philippine-Yellow-Corn-Industry-Roadmap.pdf,Department of Agriculture,PSA – Crops Production Survey (national & regional crop statistics),https://psa.gov.ph/crops-production-survey
34.4,27.3,81.4,24.7,73.66,5.9,99.48,Sandy Loam,sweet_potato,PCAARRD ISP – Sweetpotato Industry Profile,https://ispweb.pcaarrd.dost.gov.ph/sweetpotato/,DOST-PCAARRD,PSA – Crops Production Survey (national & regional crop statistics),https://psa.gov.ph/crops-production-survey
21.1,16.4,28.1,33.76,56.6,5.56,77.82,Sandy Loam,mango,PCAARRD ISP – Mango Industry Profile,https://ispweb.pcaarrd.dost.gov.ph/isp-commodities/mango/,DOST-PCAARRD,PSA – Crops Production Survey (national & regional crop statistics),https://psa.gov.ph/crops-production-survey
74.4,39.7,55.8,26.03,68.73,6.47,42.84,Sandy Loam,onion,PCAARRD ISP – Vegetables Industry Profile (onion),https://ispweb.pcaarrd.dost.gov.ph/vegetables/,DOST-PCAARRD,PSA – Crops Production Survey (national & regional crop statistics),https://psa.gov.ph/crops-production-survey
48.9,49.4,48.8,29.6,86.39,5.81,138.19,Loam,papaya,Department of Agriculture – Official Portal,https://www.da.gov.ph/,Department of Agriculture,PSA – Crops Production Survey (national & regional crop statistics),https://psa.gov.ph/crops-production-survey
92.4,60.8,24,25.25,60.97,6.84,64.84,Sandy Loam,corn,DA – Philippine Yellow Corn Industry Roadmap,https://www.da.gov.ph/wp-content/uploads/2023/05/Philippine-Yellow-Corn-Industry-Roadmap.pdf,Department of Agriculture,PSA – Crops Production Survey (national & regional crop statistics),https://psa.gov.ph/crops-production-survey
22.3,11.8,29.7,25.53,80.11,6.21,180.99,Sandy Loam,coconut,PCAARRD ISP – Coconut Industry Profile,https://ispweb.pcaarrd.dost.gov.ph/isp-commodities/coconut/,DOST-PCAARRD,PSA – Crops Production Survey (national & regional crop statistics),https://psa.gov.ph/crops-production-survey
98.8,16.3,29.9,25.42,78.1,5.09,207.76,Clay Loam,coffee,PCAARRD ISP – Coffee Industry Profile,https://ispweb.pcaarrd.dost.gov.ph/isp-commodities/coffee/,DOST-PCAARRD,PSA – Crops Production Survey (national & regional crop statistics),https://psa.gov.ph/crops-production-survey
102.4,43,50.4,28,77.89,5.63,100.91,Sandy Loam,sugarcane,PCAARRD ISP – Sugarcane Industry Profile,https://ispweb.pcaarrd.dost.gov.ph/sugarcane/,DOST-PCAARRD,PSA – Crops Production Survey (national & regional crop statistics),https://psa.gov.ph/crops-production-survey
98,45.7,21.2,32.32,67.71,7.3,74.17,Clay Loam,corn,DA – Philippine Yellow Corn Industry Roadmap,https://www.da.gov.ph/wp-content/uploads/2023/05/Philippine-Yellow-Corn-Industry-Roadmap.pdf,Department of Agriculture,PSA – Crops Production Survey (national & regional crop statistics),https://psa.gov.ph/crops-production-survey
21.5,13.8,31.6,27.13,81.44,7.36,164.55,Volcanic Loam,coconut,PCAARRD ISP – Coconut Industry Profile,https://ispweb.pcaarrd.dost.gov.ph/isp-commodities/coconut/,DOST-PCAARRD,PSA – Crops Production Survey (national & regional crop statistics),https://psa.gov.ph/crops-production-survey
82.4,39.6,45.5,24.43,80.82,5.92,220.28,Clay Loam,cacao,PCAARRD ISP – Cacao Industry Profile,https://ispweb.pcaarrd.dost.gov.ph/isp-commodities/cacao/,DOST-PCAARRD,PSA – Crops Production Survey (national & regional crop statistics),https://psa.gov.ph/crops-production-survey
89.4,55,44.7,22.19,75.79,6.17,109.94,Loam,eggplant,PCAARRD ISP – Vegetables Industry Profile,https://ispweb.pcaarrd.dost.gov.ph/vegetables/,DOST-PCAARRD,PSA – Crops Production Survey (national & regional crop statistics),https://psa.gov.ph/crops-production-survey
55.2,40.4,28.9,24.34,73.69,6.39,103.64,Clay Loam,ampalaya,PCAARRD ISP – Vegetables Industry Profile,https://ispweb.pcaarrd.dost.gov.ph/vegetables/,DOST-PCAARRD,PSA – Crops Production Survey (national & regional crop statistics),https://psa.gov.ph/crops-production-survey
56.1,42.5,31.4,28.33,72.79,6.71,57.08,Loam,okra,PCAARRD ISP – Vegetables Industry Profile,https://ispweb.pcaarrd.dost.gov.ph/vegetables/,DOST-PCAARRD,PSA – Crops Production Survey (national & regional crop statistics),https://psa.gov.ph/crops-production-survey
48,41.6,33.6,31.75,73.11,6.53,67.69,Clay Loam,ampalaya,PCAARRD ISP – Vegetables Industry Profile,https://ispweb.pcaarrd.dost.gov.ph/vegetables/,DOST-PCAARRD,PSA – Crops Production Survey (national & regional crop statistics),https://psa.gov.ph/crops-production-survey
37.6,30.2,33.2,24.31,83.42,5.75,247.38,Clay Loam,rubber,PCAARRD ISP – Rubber Industry Profile,https://ispweb.pcaarrd.dost.gov.ph/isp-commodities/rubber/,DOST-PCAARRD,PSA – Crops Production Survey (national & regional crop statistics),https://psa.gov.ph/crops-production-survey
47.5,38.8,74.8,26.03,63.94,5.68,101.33,Sandy Loam,sweet_potato,PCAARRD ISP – Sweetpotato Industry Profile,https://ispweb.pcaarrd.dost.gov.ph/sweetpotato/,DOST-PCAARRD,PSA – Crops Production Survey (national & regional crop statistics),https://psa.gov.ph/crops-production-survey
41.6,37.3,32.2,27.99,63.91,6.4,69.83,Sandy Loam,okra,PCAARRD ISP – Vegetables Industry Profile,https://ispweb.pcaarrd.dost.gov.ph/vegetables/,DOST-PCAARRD,PSA – Crops Production Survey (national & regional crop statistics),https://psa.gov.ph/crops-production-survey
55.1,35,47.5,31.07,72.71,6.6,71.12,Loam,ampalaya,PCAARRD ISP – Vegetables Industry Profile,https://ispweb.pcaarrd.dost.gov.ph/vegetables/,DOST-PCAARRD,PSA – Crops Production Survey (national & regional crop statistics),https://psa.gov.ph/crops-production-survey
61.5,49.2,41.1,29.13,76.99,6.53,196.2,Clay Loam,cacao,PCAARRD ISP – Cacao Industry Profile,https://ispweb.pcaarrd.dost.gov.ph/isp-commodities/cacao/,DOST-PCAARRD,PSA – Crops Production Survey (national & regional crop statistics),https://psa.gov.ph/crops-production-survey
67.8,57.6,85.3,25.9,60.76,5.84,90.35,Loam,tomato,PCAARRD ISP – Vegetables Industry Profile,https://ispweb.pcaarrd.dost.gov.ph/vegetables/,DOST-PCAARRD,PSA – Crops Production Survey (national & regional crop statistics),https://psa.gov.ph/crops-production-survey
16.6,15,31.5,31.64,60.95,7.15,86.13,Clay Loam,mango,PCAARRD ISP – Mango Industry Profile,https://ispweb.pcaarrd.dost.gov.ph/isp-commodities/mango/,DOST-PCAARRD,PSA – Crops Production Survey (national & regional crop statistics),https://psa.gov.ph/crops-production-survey
100.3,56.5,43.6,31.7,86.41,6.23,176.37,Clay,rice,PCAARRD ISP – Rice Industry Profile,https://ispweb.pcaarrd.dost.gov.ph/isp-commodities/rice/,DOST-PCAARRD,PSA – Crops Production Survey (national & regional crop statistics),https://psa.gov.ph/crops-production-survey
76.9,45.3,57.1,25.28,66.39,6.59,44.18,Loam,onion,PCAARRD ISP – Vegetables Industry Profile (onion),https://ispweb.pcaarrd.dost.gov.ph/vegetables/,DOST-PCAARRD,PSA – Crops Production Survey (national & regional crop statistics),https://psa.gov.ph/crops-production-survey
22.8,23.1,25.2,35.02,64.14,5.89,68.86,Clay Loam,mango,PCAARRD ISP – Mango Industry Profile,https://ispweb.pcaarrd.dost.gov.ph/isp-commodities/mango/,DOST-PCAARRD,PSA – Crops Production Survey (national & regional crop statistics),https://psa.gov.ph/crops-production-survey
42.1,31.2,39.8,27.7,69.02,6.69,87.99,Loam,okra,PCAARRD ISP – Vegetables Industry Profile,https://ispweb.pcaarrd.dost.gov.ph/vegetables/,DOST-PCAARRD,PSA – Crops Production Survey (national & regional crop statistics),https://psa.gov.ph/crops-production-survey
22.8,36.7,48.2,25.77,63.14,6.48,49.81,Sandy,peanut,PCAARRD ISP – Legumes Industry Profile,https://ispweb.pcaarrd.dost.gov.ph/legumes/,DOST-PCAARRD,PSA – Crops Production Survey (national & regional crop statistics),https://psa.gov.ph/crops-production-survey
63.8,30.1,62.5,29.7,64.78,5.73,54.15,Loam,tobacco,Department of Agriculture – Official Portal,https://www.da.gov.ph/,Department of Agriculture,PSA – Crops Production Survey (national & regional crop statistics),https://psa.gov.ph/crops-production-survey
89.8,54.7,81.5,20.25,62.27,6.61,73.68,Loam,tomato,PCAARRD ISP – Vegetables Industry Profile,https://ispweb.pcaarrd.dost.gov.ph/vegetables/,DOST-PCAARRD,PSA – Crops Production Survey (national & regional crop statistics),https://psa.gov.ph/crops-production-survey
19.1,15.4,15.5,29.04,80.3,6,153.27,Clay Loam,calamansi,Department of Agriculture – Official Portal,https://www.da.gov.ph/,Department of Agriculture,PSA – Crops Production Survey (national & regional crop statistics),https://psa.gov.ph/crops-production-survey
30.9,35.5,60.8,26.61,68.1,6.31,76.24,Sandy Loam,sweet_potato,PCAARRD ISP – Sweetpotato Industry Profile,https://ispweb.pcaarrd.dost.gov.ph/sweetpotato/,DOST-PCAARRD,PSA – Crops Production Survey (national & regional crop statistics),https://psa.gov.ph/crops-production-survey
36.9,26.6,31.7,29.15,86.44,4.67,147.68,Loam,rubber,PCAARRD ISP – Rubber Industry Profile,https://ispweb.pcaarrd.dost.gov.ph/isp-commodities/rubber/,DOST-PCAARRD,PSA – Crops Production Survey (national & regional crop statistics),https://psa.gov.ph/crops-production-survey
54,48.8,48.1,25.19,74.37,6,55.84,Loam,okra,PCAARRD ISP – Vegetables Industry Profile,https://ispweb.pcaarrd.dost.gov.ph/vegetables/,DOST-PCAARRD,PSA – Crops Production Survey (national & regional crop statistics),https://psa.gov.ph/crops-production-survey
42.3,54.9,44.9,25.02,87.72,6.28,108.67,Loam,papaya,Department of Agriculture – Official Portal,https://www.da.gov.ph/,Department of Agriculture,PSA – Crops Production Survey (national & regional crop statistics),https://psa.gov.ph/crops-production-survey
24.4,22.9,32.7,28.91,64.09,5.95,97.66,Loam,mango,PCAARRD ISP – Mango Industry Profile,https://ispweb.pcaarrd.dost.gov.ph/isp-commodities/mango/,DOST-PCAARRD,PSA – Crops Production Survey (national & regional crop statistics),https://psa.gov.ph/crops-production-survey
16.5,22.3,27.6,27.56,62.48,7.14,71.94,Clay Loam,mango,PCAARRD ISP – Mango Industry Profile,https://ispweb.pcaarrd.dost.gov.ph/isp-commodities/mango/,DOST-PCAARRD,PSA – Crops Production Survey (national & regional crop statistics),https://psa.gov.ph/crops-production-survey
18.9,36.2,42.6,24.48,62,5.62,67.75,Sandy Loam,peanut,PCAARRD ISP – Legumes Industry Profile,https://ispweb.pcaarrd.dost.gov.ph/legumes/,DOST-PCAARRD,PSA – Crops Production Survey (national & regional crop statistics),https://psa.gov.ph/crops-production-survey
92.1,86.2,49.6,27.18,85.88,6.04,134.82,Loam,banana,PCAARRD ISP – Banana Industry Profile,https://ispweb.pcaarrd.dost.gov.ph/isp-commodities/banana/,DOST-PCAARRD,PSA – Crops Production Survey (national & regional crop statistics),https://psa.gov.ph/crops-production-survey
21.9,17,27.3,34.61,58.04,6.1,74.8,Sandy Loam,mango,PCAARRD ISP – Mango Industry Profile,https://ispweb.pcaarrd.dost.gov.ph/isp-commodities/mango/,DOST-PCAARRD,PSA – Crops Production Survey (national & regional crop statistics),https://psa.gov.ph/crops-production-survey
84.2,56.4,48.7,29.33,72.22,6.82,63.38,Clay Loam,eggplant,PCAARRD ISP – Vegetables Industry Profile,https://ispweb.pcaarrd.dost.gov.ph/vegetables/,DOST-PCAARRD,PSA – Crops Production Survey (national & regional crop statistics),https://psa.gov.ph/crops-production-survey
65.3,56.7,42.6,24.44,67.83,6.15,87.78,Clay Loam,eggplant,PCAARRD ISP – Vegetables Industry Profile,https://ispweb.pcaarrd.dost.gov.ph/vegetables/,DOST-PCAARRD,PSA – Crops Production Survey (national & regional crop statistics),https://psa.gov.ph/crops-production-survey
96,28,24.8,23.65,61.55,6.25,222.38,Volcanic Loam,coffee,PCAARRD ISP – Coffee Industry Profile,https://ispweb.pcaarrd.dost.gov.ph/isp-commodities/coffee/,DOST-PCAARRD,PSA – Crops Production Survey (national & regional crop statistics),https://psa.gov.ph/crops-production-survey
24.8,40,30.1,28.88,68.42,6.36,97.29,Sandy,peanut,PCAARRD ISP – Legumes Industry Profile,https://ispweb.pcaarrd.dost.gov.ph/legumes/,DOST-PCAARRD,PSA – Crops Production Survey (national & regional crop statistics),https://psa.gov.ph/crops-production-survey
52.1,45.7,33,28.85,65.77,6.25,88.14,Clay Loam,ampalaya,PCAARRD ISP – Vegetables Industry Profile,https://ispweb.pcaarrd.dost.gov.ph/vegetables/,DOST-PCAARRD,PSA – Crops Production Survey (national & regional crop statistics),https://psa.gov.ph/crops-production-survey
70.6,21.9,66,23.77,88.27,6.16,245.61,Volcanic Loam,abaca,PCAARRD ISP – Abaca Industry Profile,https://ispweb.pcaarrd.dost.gov.ph/isp-commodities/abaca/,DOST-PCAARRD,PSA – Crops Production Survey (national & regional crop statistics),https://psa.gov.ph/crops-production-survey
17.3,49,30.6,30.92,69.78,6.74,60.57,Loam,mungbean,PCAARRD ISP – Legumes Industry Profile,https://ispweb.pcaarrd.dost.gov.ph/legumes/,DOST-PCAARRD,PSA – Crops Production Survey (national & regional crop statistics),https://psa.gov.ph/crops-production-survey
70.7,56,47.1,22.46,72.31,6.19,120.93,Loam,eggplant,PCAARRD ISP – Vegetables Industry Profile,https://ispweb.pcaarrd.dost.gov.ph/vegetables/,DOST-PCAARRD,PSA – Crops Production Survey (national & regional crop statistics),https://psa.gov.ph/crops-production-survey
84.3,42.8,44.8,24.5,66.29,6.22,89.67,Loam,eggplant,PCAARRD ISP – Vegetables Industry Profile,https://ispweb.pcaarrd.dost.gov.ph/vegetables/,DOST-PCAARRD,PSA – Crops Production Survey (national & regional crop statistics),https://psa.gov.ph/crops-production-survey
61.2,33.6,63.7,22.35,68.35,5.52,57.91,Loam,tobacco,Department of Agriculture – Official Portal,https://www.da.gov.ph/,Department of Agriculture,PSA – Crops Production Survey (national & regional crop statistics),https://psa.gov.ph/crops-production-survey
63.3,59.7,43.8,23.95,65.47,5.74,114.34,Clay Loam,eggplant,PCAARRD ISP – Vegetables Industry Profile,https://ispweb.pcaarrd.dost.gov.ph/vegetables/,DOST-PCAARRD,PSA – Crops Production Survey (national & regional crop statistics),https://psa.gov.ph/crops-production-survey
85.8,36,58.9,19.84,65.39,6.32,54.6,Sandy Loam,garlic,PCAARRD ISP – Vegetables Industry Profile (garlic),https://ispweb.pcaarrd.dost.gov.ph/vegetables/,DOST-PCAARRD,PSA – Crops Production Survey (national & regional crop statistics),https://psa.gov.ph/crops-production-survey
59,45.7,86.7,20.87,74.18,6.48,90.33,Sandy Loam,tomato,PCAARRD ISP – Vegetables Industry Profile,https://ispweb.pcaarrd.dost.gov.ph/vegetables/,DOST-PCAARRD,PSA – Crops Production Survey (national & regional crop statistics),https://psa.gov.ph/crops-production-survey
57.4,34.4,34,30.1,61.34,6.79,90.69,Sandy Loam,okra,PCAARRD ISP – Vegetables Industry Profile,https://ispweb.pcaarrd.dost.gov.ph/vegetables/,DOST-PCAARRD,PSA – Crops Production Survey (national & regional crop statistics),https://psa.gov.ph/crops-production-survey
23.8,29.7,28.2,24.87,70.76,6.37,59.42,Sandy Loam,mungbean,PCAARRD ISP – Legumes Industry Profile,https://ispweb.pcaarrd.dost.gov.ph/legumes/,DOST-PCAARRD,PSA – Crops Production Survey (national & regional crop statistics),https://psa.gov.ph/crops-production-survey
19.6,24.5,27.6,28.41,77.29,5.2,212.64,Loam,rubber,PCAARRD ISP – Rubber Industry Profile,https://ispweb.pcaarrd.dost.gov.ph/isp-commodities/rubber/,DOST-PCAARRD,PSA – Crops Production Survey (national & regional crop statistics),https://psa.gov.ph/crops-production-survey
31.6,28.3,30,31.14,78.38,5.4,186.72,Loam,rubber,PCAARRD ISP – Rubber Industry Profile,https://ispweb.pcaarrd.dost.gov.ph/isp-commodities/rubber/,DOST-PCAARRD,PSA – Crops Production Survey (national & regional crop statistics),https://psa.gov.ph/crops-production-survey
49.1,40.7,29,24.26,65.95,6.1,90.15,Sandy Loam,okra,PCAARRD ISP – Vegetables Industry Profile,https://ispweb.pcaarrd.dost.gov.ph/vegetables/,DOST-PCAARRD,PSA – Crops Production Survey (national & regional crop statistics),https://psa.gov.ph/crops-production-survey
51.1,36.4,89.2,26.61,56.57,5.39,115.86,Loam,cassava,Department of Agriculture – Official Portal,https://www.da.gov.ph/,Department of Agriculture,PSA – Crops Production Survey (national & regional crop statistics),https://psa.gov.ph/crops-production-survey
90.4,30.5,34.9,23.31,76.45,6,226.73,Volcanic Loam,coffee,PCAARRD ISP – Coffee Industry Profile,https://ispweb.pcaarrd.dost.gov.ph/isp-commodities/coffee/,DOST-PCAARRD,PSA – Crops Production Survey (national & regional crop statistics),https://psa.gov.ph/crops-production-survey
79.2,52.5,74.3,24.06,63.16,5.79,80.59,Sandy Loam,tomato,PCAARRD ISP – Vegetables Industry Profile,https://ispweb.pcaarrd.dost.gov.ph/vegetables/,DOST-PCAARRD,PSA – Crops Production Survey (national & regional crop statistics),https://psa.gov.ph/crops-production-survey
20.2,11.5,21.4,29.82,73.53,5.63,132.54,Sandy Loam,calamansi,Department of Agriculture – Official Portal,https://www.da.gov.ph/,Department of Agriculture,PSA – Crops Production Survey (national & regional crop statistics),https://psa.gov.ph/crops-production-survey
49.7,49.7,43.5,26.44,68.5,6.62,60.25,Loam,ampalaya,PCAARRD ISP – Vegetables Industry Profile,https://ispweb.pcaarrd.dost.gov.ph/vegetables/,DOST-PCAARRD,PSA – Crops Production Survey (national & regional crop statistics),https://psa.gov.ph/crops-production-survey
40.7,35,69.3,23.26,72.96,5.73,77.32,Loam,sweet_potato,PCAARRD ISP – Sweetpotato Industry Profile,https://ispweb.pcaarrd.dost.gov.ph/sweetpotato/,DOST-PCAARRD,PSA – Crops Production Survey (national & regional crop statistics),https://psa.gov.ph/crops-production-survey
48.3,29.3,79.8,27.79,67.27,5.39,139.66,Sandy Loam,cassava,Department of Agriculture – Official Portal,https://www.da.gov.ph/,Department of Agriculture,PSA – Crops Production Survey (national & regional crop statistics),https://psa.gov.ph/crops-production-survey
44.2,29.8,77.5,26.35,70.14,5.88,150.19,Volcanic Loam,pineapple,PCAARRD ISP – Queen Pineapple Industry Profile,https://ispweb.pcaarrd.dost.gov.ph/queen-pineapple/,DOST-PCAARRD,PSA – Crops Production Survey (national & regional crop statistics),https://psa.gov.ph/crops-production-survey
44.9,44.3,46.3,27.97,64.82,6.16,51.56,Loam,okra,PCAARRD ISP – Vegetables Industry Profile,https://ispweb.pcaarrd.dost.gov.ph/vegetables/,DOST-PCAARRD,PSA – Crops Production Survey (national & regional crop statistics),https://psa.gov.ph/crops-production-survey
35.8,21.4,26.2,26.46,80.4,5.53,234.62,Volcanic Loam,rubber,PCAARRD ISP – Rubber Industry Profile,https://ispweb.pcaarrd.dost.gov.ph/isp-commodities/rubber/,DOST-PCAARRD,PSA – Crops Production Survey (national & regional crop statistics),https://psa.gov.ph/crops-production-survey
57.5,35.8,41.9,27.06,77.57,6.21,92.57,Clay Loam,ampalaya,PCAARRD ISP – Vegetables Industry Profile,https://ispweb.pcaarrd.dost.gov.ph/vegetables/,DOST-PCAARRD,PSA – Crops Production Survey (national & regional crop statistics),https://psa.gov.ph/crops-production-survey
42.8,47.1,47.2,28.97,79.69,6.42,153.73,Clay Loam,papaya,Department of Agriculture – Official Portal,https://www.da.gov.ph/,Department of Agriculture,PSA – Crops Production Survey (national & regional crop statistics),https://psa.gov.ph/crops-production-survey
117.8,53,44.6,31.42,79.58,5.91,292.06,Clay Loam,rice,PCAARRD ISP – Rice Industry Profile,https://ispweb.pcaarrd.dost.gov.ph/isp-commodities/rice/,DOST-PCAARRD,PSA – Crops Production Survey (national & regional crop statistics),https://psa.gov.ph/crops-production-survey
43.9,39.2,64.9,26.08,76.52,5.46,106.25,Sandy,cassava,Department of Agriculture – Official Portal,https://www.da.gov.ph/,Department of Agriculture,PSA – Crops Production Survey (national & regional crop statistics),https://psa.gov.ph/crops-production-survey
52.5,25.9,83.3,27.69,67.71,5,97.62,Sandy Loam,pineapple,PCAARRD ISP – Queen Pineapple Industry Profile,https://ispweb.pcaarrd.dost.gov.ph/queen-pineapple/,DOST-PCAARRD,PSA – Crops Production Survey (national & regional crop statistics),https://psa.gov.ph/crops-production-survey
84,37,42.4,24.45,83.72,6.31,170.4,Clay Loam,cacao,PCAARRD ISP – Cacao Industry Profile,https://ispweb.pcaarrd.dost.gov.ph/isp-commodities/cacao/,DOST-PCAARRD,PSA – Crops Production Survey (national & regional crop statistics),https://psa.gov.ph/crops-production-survey
66.8,51.7,47.2,24.54,77.64,6.6,92.11,Clay Loam,eggplant,PCAARRD ISP – Vegetables Industry Profile,https://ispweb.pcaarrd.dost.gov.ph/vegetables/,DOST-PCAARRD,PSA – Crops Production Survey (national & regional crop statistics),https://psa.gov.ph/crops-production-survey
17.8,17.9,17.4,26.78,72.32,6.41,145.88,Loam,calamansi,Department of Agriculture – Official Portal,https://www.da.gov.ph/,Department of Agriculture,PSA – Crops Production Survey (national & regional crop statistics),https://psa.gov.ph/crops-production-survey
59.3,27.7,74.6,26.15,53.83,5.88,125.02,Sandy Loam,cassava,Department of Agriculture – Official Portal,https://www.da.gov.ph/,Department of Agriculture,PSA – Crops Production Survey (national & regional crop statistics),https://psa.gov.ph/crops-production-survey
16,13.8,25.4,27.73,84.15,5.32,197.31,Sandy Loam,coconut,PCAARRD ISP – Coconut Industry Profile,https://ispweb.pcaarrd.dost.gov.ph/isp-commodities/coconut/,DOST-PCAARRD,PSA – Crops Production Survey (national & regional crop statistics),https://psa.gov.ph/crops-production-survey
110.4,84.8,45.6,29.64,75.84,5.97,104.89,Clay Loam,banana,PCAARRD ISP – Banana Industry Profile,https://ispweb.pcaarrd.dost.gov.ph/isp-commodities/banana/,DOST-PCAARRD,PSA – Crops Production Survey (national & regional crop statistics),https://psa.gov.ph/crops-production-survey
64.6,40.6,51,29.58,77.92,6.02,201.5,Volcanic Loam,cacao,PCAARRD ISP – Cacao Industry Profile,https://ispweb.pcaarrd.dost.gov.ph/isp-commodities/cacao/,DOST-PCAARRD,PSA – Crops Production Survey (national & regional crop statistics),https://psa.gov.ph/crops-production-survey
97.5,97.4,49.5,25.78,89.93,6.91,119.34,Volcanic Loam,banana,PCAARRD ISP – Banana Industry Profile,https://ispweb.pcaarrd.dost.gov.ph/isp-commodities/banana/,DOST-PCAARRD,PSA – Crops Production Survey (national & regional crop statistics),https://psa.gov.ph/crops-production-survey
24.6,26.5,22.4,31.83,83.39,4.88,222.39,Volcanic Loam,rubber,PCAARRD ISP – Rubber Industry Profile,https://ispweb.pcaarrd.dost.gov.ph/isp-commodities/rubber/,DOST-PCAARRD,PSA – Crops Production Survey (national & regional crop statistics),https://psa.gov.ph/crops-production-survey
52.4,31.9,70.1,28.7,72.67,6.92,78.63,Sandy Loam,cassava,Department of Agriculture – Official Portal,https://www.da.gov.ph/,Department of Agriculture,PSA – Crops Production Survey (national & regional crop statistics),https://psa.gov.ph/crops-production-survey
69.3,58.5,59.6,26.07,66.01,5.61,71.56,Loam,eggplant,PCAARRD ISP – Vegetables Industry Profile,https://ispweb.pcaarrd.dost.gov.ph/vegetables/,DOST-PCAARRD,PSA – Crops Production Survey (national & regional crop statistics),https://psa.gov.ph/crops-production-survey
89.2,38.1,78.1,26.32,92.48,6.24,293.77,Loam,abaca,PCAARRD ISP – Abaca Industry Profile,https://ispweb.pcaarrd.dost.gov.ph/isp-commodities/abaca/,DOST-PCAARRD,PSA – Crops Production Survey (national & regional crop statistics),https://psa.gov.ph/crops-production-survey
75.2,42.4,62.6,21.98,67.78,6.06,68.11,Loam,tomato,PCAARRD ISP – Vegetables Industry Profile,https://ispweb.pcaarrd.dost.gov.ph/vegetables/,DOST-PCAARRD,PSA – Crops Production Survey (national & regional crop statistics),https://psa.gov.ph/crops-production-survey
18.4,10.6,19.1,25.26,80.88,5.97,146.07,Clay Loam,calamansi,Department of Agriculture – Official Portal,https://www.da.gov.ph/,Department of Agriculture,PSA – Crops Production Survey (national & regional crop statistics),https://psa.gov.ph/crops-production-survey
88.8,49.4,53.4,21.57,60.79,6.95,34.75,Loam,onion,PCAARRD ISP – Vegetables Industry Profile (onion),https://ispweb.pcaarrd.dost.gov.ph/vegetables/,DOST-PCAARRD,PSA – Crops Production Survey (national & regional crop statistics),https://psa.gov.ph/crops-production-survey
64,30.1,56.6,24.35,78.84,6.6,209.39,Clay Loam,cacao,PCAARRD ISP – Cacao Industry Profile,https://ispweb.pcaarrd.dost.gov.ph/isp-commodities/cacao/,DOST-PCAARRD,PSA – Crops Production Survey (national & regional crop statistics),https://psa.gov.ph/crops-production-survey
58.9,32.9,33.6,27.04,77.56,6.53,108.57,Loam,ampalaya,PCAARRD ISP – Vegetables Industry Profile,https://ispweb.pcaarrd.dost.gov.ph/vegetables/,DOST-PCAARRD,PSA – Crops Production Survey (national & regional crop statistics),https://psa.gov.ph/crops-production-survey
40.2,28.9,85,28.28,74.5,4.33,149.12,Volcanic Loam,pineapple,PCAARRD ISP – Queen Pineapple Industry Profile,https://ispweb.pcaarrd.dost.gov.ph/queen-pineapple/,DOST-PCAARRD,PSA – Crops Production Survey (national & regional crop statistics),https://psa.gov.ph/crops-production-survey
93.2,16.4,31.2,21.66,71.07,5.96,245.14,Volcanic Loam,coffee,PCAARRD ISP – Coffee Industry Profile,https://ispweb.pcaarrd.dost.gov.ph/isp-commodities/coffee/,DOST-PCAARRD,PSA – Crops Production Survey (national & regional crop statistics),https://psa.gov.ph/crops-production-survey
17.3,10.8,16.2,26.4,79.97,5.85,147.79,Sandy Loam,calamansi,Department of Agriculture – Official Portal,https://www.da.gov.ph/,Department of Agriculture,PSA – Crops Production Survey (national & regional crop statistics),https://psa.gov.ph/crops-production-survey
24.3,9.1,31.1,26.71,81.32,7.15,198,Sandy Loam,coconut,PCAARRD ISP – Coconut Industry Profile,https://ispweb.pcaarrd.dost.gov.ph/isp-commodities/coconut/,DOST-PCAARRD,PSA – Crops Production Survey (national & regional crop statistics),https://psa.gov.ph/crops-production-survey
82.1,35.4,41.8,26.77,61.98,6.49,54.95,Loam,onion,PCAARRD ISP – Vegetables Industry Profile (onion),https://ispweb.pcaarrd.dost.gov.ph/vegetables/,DOST-PCAARRD,PSA – Crops Production Survey (national & regional crop statistics),https://psa.gov.ph/crops-production-survey
71.1,31.9,44.6,27.3,57.43,6.38,72,Sandy Loam,garlic,PCAARRD ISP – Vegetables Industry Profile (garlic),https://ispweb.pcaarrd.dost.gov.ph/vegetables/,DOST-PCAARRD,PSA – Crops Production Survey (national & regional crop statistics),https://psa.gov.ph/crops-production-survey
68.9,36.3,62.3,28.35,60.13,5.76,54.21,Sandy Loam,tobacco,Department of Agriculture – Official Portal,https://www.da.gov.ph/,Department of Agriculture,PSA – Crops Production Survey (national & regional crop statistics),https://psa.gov.ph/crops-production-survey
54.1,46.5,48.5,30.32,71.52,6.77,80.44,Loam,ampalaya,PCAARRD ISP – Vegetables Industry Profile,https://ispweb.pcaarrd.dost.gov.ph/vegetables/,DOST-PCAARRD,PSA – Crops Production Survey (national & regional crop statistics),https://psa.gov.ph/crops-production-survey
99.5,89.4,54.2,25.23,90.4,6.92,130.18,Volcanic Loam,banana,PCAARRD ISP – Banana Industry Profile,https://ispweb.pcaarrd.dost.gov.ph/isp-commodities/banana/,DOST-PCAARRD,PSA – Crops Production Survey (national & regional crop statistics),https://psa.gov.ph/crops-production-survey
128.6,58.2,49.2,29.51,78.99,6.36,162.97,Sandy Loam,sugarcane,PCAARRD ISP – Sugarcane Industry Profile,https://ispweb.pcaarrd.dost.gov.ph/sugarcane/,DOST-PCAARRD,PSA – Crops Production Survey (national & regional crop statistics),https://psa.gov.ph/crops-production-survey
57.3,49.5,42.8,25.14,68.65,6.66,95.25,Loam,okra,PCAARRD ISP – Vegetables Industry Profile,https://ispweb.pcaarrd.dost.gov.ph/vegetables/,DOST-PCAARRD,PSA – Crops Production Survey (national & regional crop statistics),https://psa.gov.ph/crops-production-survey
98.3,77.8,50.9,30.24,76.93,5.54,100.52,Clay Loam,banana,PCAARRD ISP – Banana Industry Profile,https://ispweb.pcaarrd.dost.gov.ph/isp-commodities/banana/,DOST-PCAARRD,PSA – Crops Production Survey (national & regional crop statistics),https://psa.gov.ph/crops-production-survey
82.5,44.7,67.5,24.62,64.2,6.04,61.33,Sandy Loam,tomato,PCAARRD ISP – Vegetables Industry Profile,https://ispweb.pcaarrd.dost.gov.ph/vegetables/,DOST-PCAARRD,PSA – Crops Production Survey (national & regional crop statistics),https://psa.gov.ph/crops-production-survey
35.1,26,74.6,25.85,65.74,6.33,107.83,Loam,sweet_potato,PCAARRD ISP – Sweetpotato Industry Profile,https://ispweb.pcaarrd.dost.gov.ph/sweetpotato/,DOST-PCAARRD,PSA – Crops Production Survey (national & regional crop statistics),https://psa.gov.ph/crops-production-survey
71.4,47.5,61,25.44,73.88,6.12,88.68,Clay Loam,eggplant,PCAARRD ISP – Vegetables Industry Profile,https://ispweb.pcaarrd.dost.gov.ph/vegetables/,DOST-PCAARRD,PSA – Crops Production Survey (national & regional crop statistics),https://psa.gov.ph/crops-production-survey
90.8,35.3,40.4,21.52,63.73,6.23,39.45,Sandy Loam,garlic,PCAARRD ISP – Vegetables Industry Profile (garlic),https://ispweb.pcaarrd.dost.gov.ph/vegetables/,DOST-PCAARRD,PSA – Crops Production Survey (national & regional crop statistics),https://psa.gov.ph/crops-production-survey
46.9,35.6,76.7,25.63,68.57,6.01,91.16,Sandy Loam,sweet_potato,PCAARRD ISP – Sweetpotato Industry Profile,https://ispweb.pcaarrd.dost.gov.ph/sweetpotato/,DOST-PCAARRD,PSA – Crops Production Survey (national & regional crop statistics),https://psa.gov.ph/crops-production-survey
17.1,45.1,23.1,31.4,72.52,6.73,69.59,Sandy Loam,mungbean,PCAARRD ISP – Legumes Industry Profile,https://ispweb.pcaarrd.dost.gov.ph/legumes/,DOST-PCAARRD,PSA – Crops Production Survey (national & regional crop statistics),https://psa.gov.ph/crops-production-survey
101.9,60.2,43.3,25.41,79.59,5.98,243.39,Clay Loam,rice,PCAARRD ISP – Rice Industry Profile,https://ispweb.pcaarrd.dost.gov.ph/isp-commodities/rice/,DOST-PCAARRD,PSA – Crops Production Survey (national & regional crop statistics),https://psa.gov.ph/crops-production-survey
83.6,46.4,51.3,26.83,58.32,6.74,49.72,Sandy Loam,garlic,PCAARRD ISP – Vegetables Industry Profile (garlic),https://ispweb.pcaarrd.dost.gov.ph/vegetables/,DOST-PCAARRD,PSA – Crops Production Survey (national & regional crop statistics),https://psa.gov.ph/crops-production-survey
38.8,33.3,83.8,22.74,62.79,6.67,86.38,Sandy Loam,sweet_potato,PCAARRD ISP – Sweetpotato Industry Profile,https://ispweb.pcaarrd.dost.gov.ph/sweetpotato/,DOST-PCAARRD,PSA – Crops Production Survey (national & regional crop statistics),https://psa.gov.ph/crops-production-survey
112.4,48.1,49.9,29.12,70.13,6.98,178.45,Sandy Loam,sugarcane,PCAARRD ISP – Sugarcane Industry Profile,https://ispweb.pcaarrd.dost.gov.ph/sugarcane/,DOST-PCAARRD,PSA – Crops Production Survey (national & regional crop statistics),https://psa.gov.ph/crops-production-survey
96.4,75.3,47.2,25.7,86.9,6.26,120.69,Loam,banana,PCAARRD ISP – Banana Industry Profile,https://ispweb.pcaarrd.dost.gov.ph/isp-commodities/banana/,DOST-PCAARRD,PSA – Crops Production Survey (national & regional crop statistics),https://psa.gov.ph/crops-production-survey
54.8,30.6,84.3,22.49,65.21,5.99,63.07,Loam,tobacco,Department of Agriculture – Official Portal,https://www.da.gov.ph/,Department of Agriculture,PSA – Crops Production Survey (national & regional crop statistics),https://psa.gov.ph/crops-production-survey
107.9,15.8,30.1,27.49,67.82,5.52,213.35,Clay Loam,coffee,PCAARRD ISP – Coffee Industry Profile,https://ispweb.pcaarrd.dost.gov.ph/isp-commodities/coffee/,DOST-PCAARRD,PSA – Crops Production Survey (national & regional crop statistics),https://psa.gov.ph/crops-production-survey
50.7,35.3,72.2,24.67,68.47,5.69,48.54,Sandy Loam,tobacco,Department of Agriculture – Official Portal,https://www.da.gov.ph/,Department of Agriculture,PSA – Crops Production Survey (national & regional crop statistics),https://psa.gov.ph/crops-production-survey
91.1,17.7,34.7,21.84,69.78,5.06,212.8,Clay Loam,coffee,PCAARRD ISP – Coffee Industry Profile,https://ispweb.pcaarrd.dost.gov.ph/isp-commodities/coffee/,DOST-PCAARRD,PSA – Crops Production Survey (national & regional crop statistics),https://psa.gov.ph/crops-production-survey
49.4,35.7,72.3,27.35,75.22,5.66,99.06,Sandy Loam,cassava,Department of Agriculture – Official Portal,https://www.da.gov.ph/,Department of Agriculture,PSA – Crops Production Survey (national & regional crop statistics),https://psa.gov.ph/crops-production-survey
62.9,32.1,43.8,30.74,82.93,6.59,232.22,Clay Loam,cacao,PCAARRD ISP – Cacao Industry Profile,https://ispweb.pcaarrd.dost.gov.ph/isp-commodities/cacao/,DOST-PCAARRD,PSA – Crops Production Survey (national & regional crop statistics),https://psa.gov.ph/crops-production-survey
107.5,71.7,51.1,27.78,83.46,6.04,170.07,Volcanic Loam,banana,PCAARRD ISP – Banana Industry Profile,https://ispweb.pcaarrd.dost.gov.ph/isp-commodities/banana/,DOST-PCAARRD,PSA – Crops Production Survey (national & regional crop statistics),https://psa.gov.ph/crops-production-survey
44.9,26.7,75.9,27.39,68.18,5.27,125.96,Loam,cassava,Department of Agriculture – Official Portal,https://www.da.gov.ph/,Department of Agriculture,PSA – Crops Production Survey (national & regional crop statistics),https://psa.gov.ph/crops-production-survey
23.5,44.4,41.3,26.42,65.01,5.63,67.66,Sandy,peanut,PCAARRD ISP – Legumes Industry Profile,https://ispweb.pcaarrd.dost.gov.ph/legumes/,DOST-PCAARRD,PSA – Crops Production Survey (national & regional crop statistics),https://psa.gov.ph/crops-production-survey
132.8,54.8,54.9,28.66,66.27,6.97,141.29,Clay Loam,sugarcane,PCAARRD ISP – Sugarcane Industry Profile,https://ispweb.pcaarrd.dost.gov.ph/sugarcane/,DOST-PCAARRD,PSA – Crops Production Survey (national & regional crop statistics),https://psa.gov.ph/crops-production-survey
63.8,47.6,44.5,27.53,79.26,6.14,208.49,Clay Loam,cacao,PCAARRD ISP – Cacao Industry Profile,https://ispweb.pcaarrd.dost.gov.ph/isp-commodities/cacao/,DOST-PCAARRD,PSA – Crops Production Survey (national & regional crop statistics),https://psa.gov.ph/crops-production-survey
29,28.6,24.9,28.02,83.97,4.68,206.77,Loam,rubber,PCAARRD ISP – Rubber Industry Profile,https://ispweb.pcaarrd.dost.gov.ph/isp-commodities/rubber/,DOST-PCAARRD,PSA – Crops Production Survey (national & regional crop statistics),https://psa.gov.ph/crops-production-survey
81.8,32,64.3,27.15,81.24,5.71,251.09,Volcanic Loam,abaca,PCAARRD ISP – Abaca Industry Profile,https://ispweb.pcaarrd.dost.gov.ph/isp-commodities/abaca/,DOST-PCAARRD,PSA – Crops Production Survey (national & regional crop statistics),https://psa.gov.ph/crops-production-survey
54.9,63.8,47.3,28.78,85.51,6.39,137.22,Sandy Loam,papaya,Department of Agriculture – Official Portal,https://www.da.gov.ph/,Department of Agriculture,PSA – Crops Production Survey (national & regional crop statistics),https://psa.gov.ph/crops-production-survey
17.3,11.3,27.4,27.45,85.24,7.32,139.44,Sandy Loam,coconut,PCAARRD ISP – Coconut Industry Profile,https://ispweb.pcaarrd.dost.gov.ph/isp-commodities/coconut/,DOST-PCAARRD,PSA – Crops Production Survey (national & regional crop statistics),https://psa.gov.ph/crops-production-survey
91,47.4,22.8,29.87,71.2,5.73,84.53,Sandy Loam,corn,DA – Philippine Yellow Corn Industry Roadmap,https://www.da.gov.ph/wp-content/uploads/2023/05/Philippine-Yellow-Corn-Industry-Roadmap.pdf,Department of Agriculture,PSA – Crops Production Survey (national & regional crop statistics),https://psa.gov.ph/crops-production-survey
63.1,43.9,72.4,25.11,71.92,6.3,80.86,Loam,tomato,PCAARRD ISP – Vegetables Industry Profile,https://ispweb.pcaarrd.dost.gov.ph/vegetables/,DOST-PCAARRD,PSA – Crops Production Survey (national & regional crop statistics),https://psa.gov.ph/crops-production-survey
102.3,24.9,31.5,19.8,60.94,6.14,228.81,Volcanic Loam,coffee,PCAARRD ISP – Coffee Industry Profile,https://ispweb.pcaarrd.dost.gov.ph/isp-commodities/coffee/,DOST-PCAARRD,PSA – Crops Production Survey (national & regional crop statistics),https://psa.gov.ph/crops-production-survey
88.4,47.1,71.2,24.74,67.85,5.7,53.69,Loam,tomato,PCAARRD ISP – Vegetables Industry Profile,https://ispweb.pcaarrd.dost.gov.ph/vegetables/,DOST-PCAARRD,PSA – Crops Production Survey (national & regional crop statistics),https://psa.gov.ph/crops-production-survey
41.4,39.3,76.9,25.95,60.04,6.49,75.92,Loam,sweet_potato,PCAARRD ISP – Sweetpotato Industry Profile,https://ispweb.pcaarrd.dost.gov.ph/sweetpotato/,DOST-PCAARRD,PSA – Crops Production Survey (national & regional crop statistics),https://psa.gov.ph/crops-production-survey
43.1,28.5,78.1,28.21,65.54,6.97,72.64,Loam,cassava,Department of Agriculture – Official Portal,https://www.da.gov.ph/,Department of Agriculture,PSA – Crops Production Survey (national & regional crop statistics),https://psa.gov.ph/crops-production-survey
63.1,52.4,66.2,20.53,69.43,6.14,74.52,Loam,tomato,PCAARRD ISP – Vegetables Industry Profile,https://ispweb.pcaarrd.dost.gov.ph/vegetables/,DOST-PCAARRD,PSA – Crops Production Survey (national & regional crop statistics),https://psa.gov.ph/crops-production-survey
53.9,51.2,45.5,24.67,84.54,6.78,163.66,Clay Loam,papaya,Department of Agriculture – Official Portal,https://www.da.gov.ph/,Department of Agriculture,PSA – Crops Production Survey (national & regional crop statistics),https://psa.gov.ph/crops-production-survey
55.7,27.6,79.9,26.88,61.08,5.65,50.9,Loam,tobacco,Department of Agriculture – Official Portal,https://www.da.gov.ph/,Department of Agriculture,PSA – Crops Production Survey (national & regional crop statistics),https://psa.gov.ph/crops-production-survey
84.7,39.4,45.4,29.95,84.14,6.09,157.54,Clay,rice,PCAARRD ISP – Rice Industry Profile,https://ispweb.pcaarrd.dost.gov.ph/isp-commodities/rice/,DOST-PCAARRD,PSA – Crops Production Survey (national & regional crop statistics),https://psa.gov.ph/crops-production-survey
105,18.3,30.3,24.86,60.47,5.58,248.51,Volcanic Loam,coffee,PCAARRD ISP – Coffee Industry Profile,https://ispweb.pcaarrd.dost.gov.ph/isp-commodities/coffee/,DOST-PCAARRD,PSA – Crops Production Survey (national & regional crop statistics),https://psa.gov.ph/crops-production-survey
83.8,47,49.6,29.14,68.66,6.77,99.31,Loam,eggplant,PCAARRD ISP – Vegetables Industry Profile,https://ispweb.pcaarrd.dost.gov.ph/vegetables/,DOST-PCAARRD,PSA – Crops Production Survey (national & regional crop statistics),https://psa.gov.ph/crops-production-survey
22.6,35.1,24.5,30.91,67.23,6,55.72,Loam,mungbean,PCAARRD ISP – Legumes Industry Profile,https://ispweb.pcaarrd.dost.gov.ph/legumes/,DOST-PCAARRD,PSA – Crops Production Survey (national & regional crop statistics),https://psa.gov.ph/crops-production-survey
81.8,41.6,55.8,23.49,63.79,6,52.44,Loam,onion,PCAARRD ISP – Vegetables Industry Profile (onion),https://ispweb.pcaarrd.dost.gov.ph/vegetables/,DOST-PCAARRD,PSA – Crops Production Survey (national & regional crop statistics),https://psa.gov.ph/crops-production-survey
20.8,48.4,28.4,28.45,72.24,6.42,79.21,Sandy Loam,mungbean,PCAARRD ISP – Legumes Industry Profile,https://ispweb.pcaarrd.dost.gov.ph/legumes/,DOST-PCAARRD,PSA – Crops Production Survey (national & regional crop statistics),https://psa.gov.ph/crops-production-survey
63.8,42.8,56,22.03,61.88,6.75,64.93,Sandy Loam,garlic,PCAARRD ISP – Vegetables Industry Profile (garlic),https://ispweb.pcaarrd.dost.gov.ph/vegetables/,DOST-PCAARRD,PSA – Crops Production Survey (national & regional crop statistics),https://psa.gov.ph/crops-production-survey
17.3,14.2,27.7,26.51,85.93,5.93,160.75,Sandy Loam,coconut,PCAARRD ISP – Coconut Industry Profile,https://ispweb.pcaarrd.dost.gov.ph/isp-commodities/coconut/,DOST-PCAARRD,PSA – Crops Production Survey (national & regional crop statistics),https://psa.gov.ph/crops-production-survey
72.9,44.8,59.7,23.06,62.93,6.33,55.67,Loam,garlic,PCAARRD ISP – Vegetables Industry Profile (garlic),https://ispweb.pcaarrd.dost.gov.ph/vegetables/,DOST-PCAARRD,PSA – Crops Production Survey (national & regional crop statistics),https://psa.gov.ph/crops-production-survey
17.9,20,33.6,31.21,65.15,7.27,74.98,Sandy Loam,mango,PCAARRD ISP – Mango Industry Profile,https://ispweb.pcaarrd.dost.gov.ph/isp-commodities/mango/,DOST-PCAARRD,PSA – Crops Production Survey (national & regional crop statistics),https://psa.gov.ph/crops-production-survey
16.2,43.1,45,28.36,53.48,5.92,59.14,Sandy,peanut,PCAARRD ISP – Legumes Industry Profile,https://ispweb.pcaarrd.dost.gov.ph/legumes/,DOST-PCAARRD,PSA – Crops Production Survey (national & regional crop statistics),https://psa.gov.ph/crops-production-survey
42.5,20.9,75.8,28.69,65.75,6.31,65.27,Sandy Loam,tobacco,Department of Agriculture – Official Portal,https://www.da.gov.ph/,Department of Agriculture,PSA – Crops Production Survey (national & regional crop statistics),https://psa.gov.ph/crops-production-survey
67.8,48.4,52.3,25.28,67.75,6.62,58.34,Sandy Loam,garlic,PCAARRD ISP – Vegetables Industry Profile (garlic),https://ispweb.pcaarrd.dost.gov.ph/vegetables/,DOST-PCAARRD,PSA – Crops Production Survey (national & regional crop statistics),https://psa.gov.ph/crops-production-survey
18.1,21.6,34.3,27.23,57.91,7.1,77.94,Sandy Loam,mango,PCAARRD ISP – Mango Industry Profile,https://ispweb.pcaarrd.dost.gov.ph/isp-commodities/mango/,DOST-PCAARRD,PSA – Crops Production Survey (national & regional crop statistics),https://psa.gov.ph/crops-production-survey
83.9,51.9,70.2,25.99,74.36,5.71,96.05,Sandy Loam,tomato,PCAARRD ISP – Vegetables Industry Profile,https://ispweb.pcaarrd.dost.gov.ph/vegetables/,DOST-PCAARRD,PSA – Crops Production Survey (national & regional crop statistics),https://psa.gov.ph/crops-production-survey
21.5,41.7,34.1,25.87,69.71,6.11,83.66,Sandy Loam,peanut,PCAARRD ISP – Legumes Industry Profile,https://ispweb.pcaarrd.dost.gov.ph/legumes/,DOST-PCAARRD,PSA – Crops Production Survey (national & regional crop statistics),https://psa.gov.ph/crops-production-survey
23.8,19.5,22.2,25.85,71.06,5.62,147.63,Clay Loam,calamansi,Department of Agriculture – Official Portal,https://www.da.gov.ph/,Department of Agriculture,PSA – Crops Production Survey (national & regional crop statistics),https://psa.gov.ph/crops-production-survey
46.9,30.2,69.5,23.58,80.46,5.16,112.2,Sandy Loam,pineapple,PCAARRD ISP – Queen Pineapple Industry Profile,https://ispweb.pcaarrd.dost.gov.ph/queen-pineapple/,DOST-PCAARRD,PSA – Crops Production Survey (national & regional crop statistics),https://psa.gov.ph/crops-production-survey
81.7,45.1,22.6,24.71,68.81,6.44,63.48,Loam,corn,DA – Philippine Yellow Corn Industry Roadmap,https://www.da.gov.ph/wp-content/uploads/2023/05/Philippine-Yellow-Corn-Industry-Roadmap.pdf,Department of Agriculture,PSA – Crops Production Survey (national & regional crop statistics),https://psa.gov.ph/crops-production-survey
19.5,17.6,17.2,27.28,75.1,5.86,175.5,Sandy Loam,calamansi,Department of Agriculture – Official Portal,https://www.da.gov.ph/,Department of Agriculture,PSA – Crops Production Survey (national & regional crop statistics),https://psa.gov.ph/crops-production-survey
71.7,31.7,89.9,30.9,82.54,6.37,261.04,Clay Loam,abaca,PCAARRD ISP – Abaca Industry Profile,https://ispweb.pcaarrd.dost.gov.ph/isp-commodities/abaca/,DOST-PCAARRD,PSA – Crops Production Survey (national & regional crop statistics),https://psa.gov.ph/crops-production-survey
78.3,34.8,49.2,26.63,66.93,6.13,27.35,Loam,garlic,PCAARRD ISP – Vegetables Industry Profile (garlic),https://ispweb.pcaarrd.dost.gov.ph/vegetables/,DOST-PCAARRD,PSA – Crops Production Survey (national & regional crop statistics),https://psa.gov.ph/crops-production-survey
45.4,23.6,76,25.8,68.26,5.37,61.53,Sandy,cassava,Department of Agriculture – Official Portal,https://www.da.gov.ph/,Department of Agriculture,PSA – Crops Production Survey (national & regional crop statistics),https://psa.gov.ph/crops-production-survey
137.8,54.6,41.6,31.16,71.38,6.02,149.4,Clay Loam,sugarcane,PCAARRD ISP – Sugarcane Industry Profile,https://ispweb.pcaarrd.dost.gov.ph/sugarcane/,DOST-PCAARRD,PSA – Crops Production Survey (national & regional crop statistics),https://psa.gov.ph/crops-production-survey
96.1,25.7,32,23.89,60.66,5.06,193.56,Volcanic Loam,coffee,PCAARRD ISP – Coffee Industry Profile,https://ispweb.pcaarrd.dost.gov.ph/isp-commodities/coffee/,DOST-PCAARRD,PSA – Crops Production Survey (national & regional crop statistics),https://psa.gov.ph/crops-production-survey
25.6,26.3,26.6,26.69,80.78,5.05,226.6,Clay Loam,rubber,PCAARRD ISP – Rubber Industry Profile,https://ispweb.pcaarrd.dost.gov.ph/isp-commodities/rubber/,DOST-PCAARRD,PSA – Crops Production Survey (national & regional crop statistics),https://psa.gov.ph/crops-production-survey
94,57.4,43.9,28.78,85.14,6.53,247.79,Clay Loam,rice,PCAARRD ISP – Rice Industry Profile,https://ispweb.pcaarrd.dost.gov.ph/isp-commodities/rice/,DOST-PCAARRD,PSA – Crops Production Survey (national & regional crop statistics),https://psa.gov.ph/crops-production-survey
117.5,60.1,41.2,26.74,73.34,7.39,174.33,Loam,sugarcane,PCAARRD ISP – Sugarcane Industry Profile,https://ispweb.pcaarrd.dost.gov.ph/sugarcane/,DOST-PCAARRD,PSA – Crops Production Survey (national & regional crop statistics),https://psa.gov.ph/crops-production-survey
44.3,38.1,62.6,28.48,73.11,6.71,70,Sandy Loam,sweet_potato,PCAARRD ISP – Sweetpotato Industry Profile,https://ispweb.pcaarrd.dost.gov.ph/sweetpotato/,DOST-PCAARRD,PSA – Crops Production Survey (national & regional crop statistics),https://psa.gov.ph/crops-production-survey
31.6,19.7,20.9,31.48,81.88,5.59,209.29,Clay Loam,rubber,PCAARRD ISP – Rubber Industry Profile,https://ispweb.pcaarrd.dost.gov.ph/isp-commodities/rubber/,DOST-PCAARRD,PSA – Crops Production Survey (national & regional crop statistics),https://psa.gov.ph/crops-production-survey
77.7,20.7,70.1,25.75,94.49,6.41,224.39,Clay Loam,abaca,PCAARRD ISP – Abaca Industry Profile,https://ispweb.pcaarrd.dost.gov.ph/isp-commodities/abaca/,DOST-PCAARRD,PSA – Crops Production Survey (national & regional crop statistics),https://psa.gov.ph/crops-production-survey
15.3,37.1,46.3,27.03,58.84,6.28,55.52,Sandy Loam,peanut,PCAARRD ISP – Legumes Industry Profile,https://ispweb.pcaarrd.dost.gov.ph/legumes/,DOST-PCAARRD,PSA – Crops Production Survey (national & regional crop statistics),https://psa.gov.ph/crops-production-survey
88.3,39.3,82.5,23.31,68.72,5.84,71.19,Sandy Loam,tomato,PCAARRD ISP – Vegetables Industry Profile,https://ispweb.pcaarrd.dost.gov.ph/vegetables/,DOST-PCAARRD,PSA – Crops Production Survey (national & regional crop statistics),https://psa.gov.ph/crops-production-survey
109,20.7,29.1,28.1,76,5.52,211.38,Volcanic Loam,coffee,PCAARRD ISP – Coffee Industry Profile,https://ispweb.pcaarrd.dost.gov.ph/isp-commodities/coffee/,DOST-PCAARRD,PSA – Crops Production Survey (national & regional crop statistics),https://psa.gov.ph/crops-production-survey
55.8,34,36.9,29.91,74.15,6.58,77.15,Loam,okra,PCAARRD ISP – Vegetables Industry Profile,https://ispweb.pcaarrd.dost.gov.ph/vegetables/,DOST-PCAARRD,PSA – Crops Production Survey (national & regional crop statistics),https://psa.gov.ph/crops-production-survey
84,60.1,21.5,26.56,63.02,7.36,95.03,Loam,corn,DA – Philippine Yellow Corn Industry Roadmap,https://www.da.gov.ph/wp-content/uploads/2023/05/Philippine-Yellow-Corn-Industry-Roadmap.pdf,Department of Agriculture,PSA – Crops Production Survey (national & regional crop statistics),https://psa.gov.ph/crops-production-survey
60.6,35.4,50,22.15,69.83,6.64,45.26,Sandy Loam,onion,PCAARRD ISP – Vegetables Industry Profile (onion),https://ispweb.pcaarrd.dost.gov.ph/vegetables/,DOST-PCAARRD,PSA – Crops Production Survey (national & regional crop statistics),https://psa.gov.ph/crops-production-survey
74.4,48.9,51.1,26.34,69.03,5.61,101.2,Clay Loam,eggplant,PCAARRD ISP – Vegetables Industry Profile,https://ispweb.pcaarrd.dost.gov.ph/vegetables/,DOST-PCAARRD,PSA – Crops Production Survey (national & regional crop statistics),https://psa.gov.ph/crops-production-survey
103.8,90.5,47.9,28.85,81.23,6.77,151.09,Clay Loam,banana,PCAARRD ISP – Banana Industry Profile,https://ispweb.pcaarrd.dost.gov.ph/isp-commodities/banana/,DOST-PCAARRD,PSA – Crops Production Survey (national & regional crop statistics),https://psa.gov.ph/crops-production-survey
29.4,40.6,43.6,27.46,59.19,6.62,61.5,Sandy,peanut,PCAARRD ISP – Legumes Industry Profile,https://ispweb.pcaarrd.dost.gov.ph/legumes/,DOST-PCAARRD,PSA – Crops Production Survey (national & regional crop statistics),https://psa.gov.ph/crops-production-survey
142.5,59.6,57.5,27.1,77.46,5.98,143.5,Clay Loam,sugarcane,PCAARRD ISP – Sugarcane Industry Profile,https://ispweb.pcaarrd.dost.gov.ph/sugarcane/,DOST-PCAARRD,PSA – Crops Production Survey (national & regional crop statistics),https://psa.gov.ph/crops-production-survey
91.3,42.4,60.5,25.18,57.94,6.74,66.07,Loam,onion,PCAARRD ISP – Vegetables Industry Profile (onion),https://ispweb.pcaarrd.dost.gov.ph/vegetables/,DOST-PCAARRD,PSA – Crops Production Survey (national & regional crop statistics),https://psa.gov.ph/crops-production-survey
47.2,36.2,35,25.47,71.74,6.79,49.89,Sandy Loam,okra,PCAARRD ISP – Vegetables Industry Profile,https://ispweb.pcaarrd.dost.gov.ph/vegetables/,DOST-PCAARRD,PSA – Crops Production Survey (national & regional crop statistics),https://psa.gov.ph/crops-production-survey
47.5,29.4,77.4,30.28,71.14,5.61,143.19,Sandy Loam,cassava,Department of Agriculture – Official Portal,https://www.da.gov.ph/,Department of Agriculture,PSA – Crops Production Survey (national & regional crop statistics),https://psa.gov.ph/crops-production-survey
45.6,27,69.8,25.75,71.37,6.68,91.68,Sandy Loam,sweet_potato,PCAARRD ISP – Sweetpotato Industry Profile,https://ispweb.pcaarrd.dost.gov.ph/sweetpotato/,DOST-PCAARRD,PSA – Crops Production Survey (national & regional crop statistics),https://psa.gov.ph/crops-production-survey
19.6,38.9,40,25.48,68.75,6.49,52.62,Sandy Loam,peanut,PCAARRD ISP – Legumes Industry Profile,https://ispweb.pcaarrd.dost.gov.ph/legumes/,DOST-PCAARRD,PSA – Crops Production Survey (national & regional crop statistics),https://psa.gov.ph/crops-production-survey
89.9,30.3,56.2,28.79,77.53,5.89,242.51,Loam,cacao,PCAARRD ISP – Cacao Industry Profile,https://ispweb.pcaarrd.dost.gov.ph/isp-commodities/cacao/,DOST-PCAARRD,PSA – Crops Production Survey (national & regional crop statistics),https://psa.gov.ph/crops-production-survey