N,P,K,temperature,humidity,ph,label,fertilizer
75.4,47.2,50.7,21.25,62.67,6.48,garlic,Complete (14-14-14)
52.9,63.6,48.9,25.74,83.19,5.54,papaya,Complete (14-14-14)
61.1,32.8,48.3,25.2,80.62,5.94,cacao,Complete (14-14-14)
46.3,36.0,32.9,28.86,77.8,6.26,ampalaya,Complete (14-14-14)
78.5,44.0,58.6,23.23,60.57,5.98,garlic,Complete (14-14-14)
96.2,41.4,23.9,30.26,75.6,5.52,corn,Urea (46-0-0)
21.9,32.3,25.7,27.97,69.63,6.53,mungbean,Ammonium Phosphate (16-20-0)
42.6,47.6,39.3,31.58,68.05,6.38,ampalaya,Complete (14-14-14)
17.7,34.4,31.6,25.68,57.19,5.86,peanut,Ammonium Phosphate (16-20-0)
58.5,30.3,61.0,27.46,74.71,6.64,cassava,Muriate of Potash (0-0-60)
49.5,35.7,45.3,26.8,75.01,6.11,ampalaya,Complete (14-14-14)
91.3,47.2,24.9,29.74,66.67,6.91,corn,Urea (46-0-0)
31.5,23.0,63.5,27.49,67.04,6.33,sweet_potato,Muriate of Potash (0-0-60)
74.9,47.5,63.7,20.3,61.03,6.29,tomato,Complete (14-14-14)
55.1,46.7,53.4,30.2,81.36,6.39,papaya,Complete (14-14-14)
56.4,48.9,50.8,31.9,69.67,6.35,ampalaya,Complete (14-14-14)
87.9,54.4,20.6,31.14,65.0,6.12,corn,Urea (46-0-0)
23.3,12.8,17.1,28.59,72.88,6.43,calamansi,Ammonium Sulfate (21-0-0)
79.4,56.0,75.1,20.42,60.54,6.04,tomato,Complete (14-14-14)
67.7,57.4,62.3,20.8,60.09,6.27,tomato,Complete (14-14-14)
55.6,28.1,68.7,27.51,63.85,6.87,cassava,Muriate of Potash (0-0-60)
77.6,39.1,57.7,23.72,62.55,6.21,onion,Complete (14-14-14)
43.2,33.3,84.0,25.86,57.53,6.06,cassava,Muriate of Potash (0-0-60)
71.3,46.7,55.0,25.66,68.67,6.87,onion,Complete (14-14-14)
15.8,37.5,28.6,28.31,68.21,6.92,mungbean,Ammonium Phosphate (16-20-0)
41.0,24.8,83.5,27.72,76.15,5.04,pineapple,Muriate of Potash (0-0-60)
20.7,44.2,28.4,28.25,70.23,6.72,mungbean,Ammonium Phosphate (16-20-0)
53.9,38.9,49.3,31.57,75.65,6.61,ampalaya,Complete (14-14-14)
23.8,45.6,23.5,24.84,60.88,6.63,mungbean,Ammonium Phosphate (16-20-0)
73.9,35.5,47.0,20.43,67.13,6.24,garlic,Complete (14-14-14)
45.7,39.0,33.8,29.36,66.41,6.44,ampalaya,Complete (14-14-14)
40.0,23.0,79.1,28.18,71.17,6.0,sweet_potato,Muriate of Potash (0-0-60)
69.9,48.0,53.6,23.26,60.64,6.45,garlic,Complete (14-14-14)
45.9,28.4,75.9,25.73,65.96,6.24,sweet_potato,Muriate of Potash (0-0-60)
37.0,35.0,70.0,24.45,63.24,6.53,sweet_potato,Muriate of Potash (0-0-60)
85.4,41.0,47.4,21.08,56.62,6.42,garlic,Complete (14-14-14)
18.4,12.9,26.0,25.26,89.98,6.94,coconut,Muriate of Potash (0-0-60)
112.5,43.0,51.2,32.42,79.01,5.91,sugarcane,Urea (46-0-0)
39.7,23.3,61.8,25.01,71.99,5.51,pineapple,Muriate of Potash (0-0-60)
80.3,30.5,77.5,31.38,92.99,5.04,abaca,Complete (14-14-14)
104.2,57.7,46.2,33.95,76.09,6.22,sugarcane,Urea (46-0-0)
15.6,45.9,23.0,26.04,66.27,6.82,mungbean,Ammonium Phosphate (16-20-0)
92.3,29.2,25.9,22.79,58.7,5.81,coffee,Complete (14-14-14)
50.0,26.9,77.2,28.77,64.7,4.91,pineapple,Muriate of Potash (0-0-60)
94.9,52.2,44.3,24.68,87.31,5.76,rice,Complete (14-14-14)
47.4,39.4,60.2,27.17,61.54,6.37,sweet_potato,Muriate of Potash (0-0-60)
73.5,47.0,58.7,20.7,57.56,6.21,garlic,Complete (14-14-14)
83.8,46.9,43.7,21.22,58.02,6.99,onion,Complete (14-14-14)
56.2,35.7,63.3,25.8,57.63,6.42,tobacco,Ammonium Sulfate (21-0-0)
39.4,32.9,78.4,24.93,67.38,5.72,sweet_potato,Muriate of Potash (0-0-60)
57.0,20.9,88.9,30.94,71.02,6.61,cassava,Muriate of Potash (0-0-60)
54.1,34.2,39.3,28.17,66.15,6.3,okra,Complete (14-14-14)
131.8,58.4,44.1,27.04,72.83,6.6,sugarcane,Urea (46-0-0)
22.9,15.5,20.3,28.85,83.43,6.1,calamansi,Ammonium Sulfate (21-0-0)
60.5,47.5,49.1,30.23,73.04,5.69,papaya,Complete (14-14-14)
52.9,26.0,89.7,22.75,68.83,5.56,tobacco,Ammonium Sulfate (21-0-0)
35.3,15.9,29.3,31.02,76.21,5.3,rubber,Ammonium Sulfate (21-0-0)
62.2,52.1,54.8,24.06,68.09,6.14,eggplant,Complete (14-14-14)
21.8,32.0,20.0,29.06,70.36,6.4,mungbean,Ammonium Phosphate (16-20-0)
91.4,44.4,85.0,21.27,64.5,6.67,tomato,Complete (14-14-14)
47.1,43.1,30.8,29.69,75.29,6.2,ampalaya,Complete (14-14-14)
73.9,40.3,72.2,25.3,86.81,4.93,abaca,Complete (14-14-14)
43.5,33.1,47.3,25.86,67.58,5.95,okra,Complete (14-14-14)
73.5,37.8,65.8,27.84,88.32,5.01,abaca,Complete (14-14-14)
57.7,38.9,42.7,27.32,67.65,6.32,ampalaya,Complete (14-14-14)
106.1,22.6,32.7,22.18,71.86,6.2,coffee,Complete (14-14-14)
25.7,48.0,42.3,29.35,67.71,6.36,peanut,Ammonium Phosphate (16-20-0)
122.4,57.3,59.3,34.46,79.78,7.05,sugarcane,Urea (46-0-0)
16.4,16.2,18.6,29.9,73.73,5.49,calamansi,Ammonium Sulfate (21-0-0)
45.5,29.3,86.8,26.2,71.1,5.81,cassava,Muriate of Potash (0-0-60)
84.9,60.2,57.6,25.78,77.71,6.66,eggplant,Complete (14-14-14)
40.4,57.9,49.1,26.86,89.48,6.37,papaya,Complete (14-14-14)
33.9,22.3,24.4,31.78,76.4,5.33,rubber,Ammonium Sulfate (21-0-0)
59.7,46.0,35.5,30.25,75.13,6.44,okra,Complete (14-14-14)
17.7,14.3,28.8,25.79,83.94,6.57,coconut,Muriate of Potash (0-0-60)
17.9,11.6,31.0,28.61,87.57,5.03,coconut,Muriate of Potash (0-0-60)
51.5,37.5,70.6,25.4,65.55,5.92,tobacco,Ammonium Sulfate (21-0-0)
97.7,49.6,22.6,30.19,70.68,6.7,corn,Urea (46-0-0)
103.2,20.5,29.4,24.13,63.46,5.47,coffee,Complete (14-14-14)
84.1,60.5,44.3,26.28,76.75,6.19,eggplant,Complete (14-14-14)
19.6,6.3,26.8,24.92,83.01,5.74,coconut,Muriate of Potash (0-0-60)
101.5,32.4,29.2,22.47,62.34,4.96,coffee,Complete (14-14-14)
17.5,14.6,19.4,28.89,77.31,5.63,calamansi,Ammonium Sulfate (21-0-0)
104.5,25.4,28.3,26.19,76.04,5.91,coffee,Complete (14-14-14)
52.0,15.3,79.5,28.62,77.15,4.77,pineapple,Muriate of Potash (0-0-60)
89.1,49.4,46.2,31.36,89.87,6.79,cacao,Complete (14-14-14)
50.4,34.2,61.4,22.58,61.89,6.71,sweet_potato,Muriate of Potash (0-0-60)
131.7,40.9,55.1,34.76,76.11,7.09,sugarcane,Urea (46-0-0)
90.7,56.0,21.1,27.96,63.64,5.69,corn,Urea (46-0-0)
120.3,44.4,40.5,23.79,85.43,6.0,rice,Complete (14-14-14)
19.4,45.1,46.2,26.97,55.36,5.67,peanut,Ammonium Phosphate (16-20-0)
16.3,21.2,30.3,31.15,67.41,6.35,mango,Complete (14-14-14)
19.5,8.8,27.9,31.69,93.8,5.11,coconut,Muriate of Potash (0-0-60)
44.4,35.2,61.6,27.46,62.31,6.31,tobacco,Ammonium Sulfate (21-0-0)
75.8,55.9,67.3,24.79,64.7,6.75,tomato,Complete (14-14-14)
89.0,43.9,44.7,20.98,55.52,6.78,onion,Complete (14-14-14)
96.8,25.9,34.3,20.02,75.28,5.61,coffee,Complete (14-14-14)
18.1,47.9,24.6,29.7,75.69,6.0,mungbean,Ammonium Phosphate (16-20-0)
22.4,33.9,21.9,27.88,74.1,6.77,mungbean,Ammonium Phosphate (16-20-0)
81.3,47.8,44.8,21.35,61.01,6.73,onion,Complete (14-14-14)
19.3,41.2,46.3,29.68,70.22,5.96,peanut,Ammonium Phosphate (16-20-0)
88.6,58.2,49.2,26.03,65.84,6.42,eggplant,Complete (14-14-14)
81.2,34.7,53.8,25.33,84.72,6.48,cacao,Complete (14-14-14)
18.5,50.3,30.1,29.17,71.08,6.27,mungbean,Ammonium Phosphate (16-20-0)
53.9,47.4,47.1,31.69,78.1,6.62,papaya,Complete (14-14-14)
56.6,62.6,48.8,26.9,81.08,6.07,papaya,Complete (14-14-14)
19.0,37.6,38.5,29.16,65.68,5.62,peanut,Ammonium Phosphate (16-20-0)
84.8,40.6,47.9,27.06,82.72,6.46,cacao,Complete (14-14-14)
55.8,44.3,34.5,31.41,64.52,6.06,okra,Complete (14-14-14)
68.3,46.6,55.1,23.12,66.93,5.69,eggplant,Complete (14-14-14)
99.9,16.0,27.7,22.36,72.4,6.18,coffee,Complete (14-14-14)
53.7,41.3,30.7,25.67,65.86,6.34,ampalaya,Complete (14-14-14)
59.9,30.2,76.9,28.2,63.0,5.7,tobacco,Ammonium Sulfate (21-0-0)
52.0,43.3,33.3,28.23,72.01,6.03,ampalaya,Complete (14-14-14)
77.0,41.1,57.3,29.3,78.34,6.47,cacao,Complete (14-14-14)
114.9,58.8,50.6,25.69,77.28,6.19,sugarcane,Urea (46-0-0)
51.8,44.6,33.0,30.82,70.74,6.75,okra,Complete (14-14-14)
56.6,47.6,46.7,28.33,79.27,6.1,ampalaya,Complete (14-14-14)
46.4,33.3,87.0,26.81,65.93,5.68,sweet_potato,Muriate of Potash (0-0-60)
16.9,16.2,25.8,26.68,62.58,6.8,mango,Complete (14-14-14)
15.2,20.7,25.0,31.65,62.34,6.95,mango,Complete (14-14-14)
86.6,48.3,81.2,26.52,74.03,5.91,tomato,Complete (14-14-14)
46.1,27.1,80.9,24.15,71.43,6.42,sweet_potato,Muriate of Potash (0-0-60)
54.6,35.3,46.8,24.44,66.92,6.05,okra,Complete (14-14-14)
50.9,44.4,51.6,28.89,79.75,6.42,papaya,Complete (14-14-14)
43.3,15.5,69.7,24.55,74.17,4.87,pineapple,Muriate of Potash (0-0-60)
87.4,34.3,52.6,28.97,77.63,6.83,cacao,Complete (14-14-14)
56.7,25.3,81.9,28.67,60.86,6.16,tobacco,Ammonium Sulfate (21-0-0)
83.1,34.8,63.9,29.75,93.5,5.86,abaca,Complete (14-14-14)
87.3,52.0,23.8,25.39,74.27,6.73,corn,Urea (46-0-0)
66.4,30.9,42.1,24.14,60.49,6.02,onion,Complete (14-14-14)
30.3,39.5,88.5,25.63,65.6,6.28,sweet_potato,Muriate of Potash (0-0-60)
52.3,24.4,62.4,25.52,61.22,5.58,tobacco,Ammonium Sulfate (21-0-0)
100.5,71.7,49.8,25.63,87.51,5.74,banana,Muriate of Potash (0-0-60)
48.5,29.7,82.3,27.51,64.87,6.73,sweet_potato,Muriate of Potash (0-0-60)
62.6,49.8,51.0,28.49,78.75,6.68,eggplant,Complete (14-14-14)
83.8,41.7,54.4,23.79,66.15,6.17,garlic,Complete (14-14-14)
15.5,9.0,33.9,27.09,80.39,6.05,coconut,Muriate of Potash (0-0-60)
23.5,11.5,22.7,29.52,74.61,5.64,calamansi,Ammonium Sulfate (21-0-0)
65.5,32.3,44.9,24.86,85.56,6.39,cacao,Complete (14-14-14)
48.2,39.4,81.0,30.81,54.17,6.57,cassava,Muriate of Potash (0-0-60)
46.7,44.1,48.1,24.46,86.0,6.38,papaya,Complete (14-14-14)
25.2,39.9,22.1,29.3,74.57,6.06,mungbean,Ammonium Phosphate (16-20-0)
74.6,49.7,50.3,25.82,74.53,5.76,eggplant,Complete (14-14-14)
49.3,39.6,61.4,27.04,75.84,6.02,sweet_potato,Muriate of Potash (0-0-60)
25.4,23.5,30.5,28.2,83.6,5.94,rubber,Ammonium Sulfate (21-0-0)
77.6,47.3,88.9,21.94,60.9,5.57,tomato,Complete (14-14-14)
36.1,19.0,30.9,28.16,86.72,5.61,rubber,Ammonium Sulfate (21-0-0)
82.5,47.6,43.2,22.21,61.18,5.93,garlic,Complete (14-14-14)
133.3,50.8,48.0,25.55,70.05,7.44,sugarcane,Urea (46-0-0)
65.9,54.3,68.7,26.65,60.63,6.65,tomato,Complete (14-14-14)
79.0,33.4,58.5,26.09,55.53,6.16,onion,Complete (14-14-14)
56.4,23.7,82.5,25.21,58.43,5.05,cassava,Muriate of Potash (0-0-60)
18.0,9.4,32.7,27.83,86.87,6.09,coconut,Muriate of Potash (0-0-60)
42.0,36.9,41.1,28.46,60.47,6.07,okra,Complete (14-14-14)
104.5,21.9,25.4,21.41,64.4,6.04,coffee,Complete (14-14-14)
109.6,24.9,26.4,22.04,63.51,5.37,coffee,Complete (14-14-14)
67.1,25.3,76.8,31.12,89.01,5.49,abaca,Complete (14-14-14)
87.5,54.0,21.4,28.48,68.67,7.23,corn,Urea (46-0-0)
26.9,38.7,30.9,28.41,54.49,5.98,peanut,Ammonium Phosphate (16-20-0)
21.1,15.6,18.8,31.42,74.13,5.51,calamansi,Ammonium Sulfate (21-0-0)
64.0,25.5,76.3,27.27,88.17,5.06,abaca,Complete (14-14-14)
23.4,22.8,25.5,35.39,55.58,6.02,mango,Complete (14-14-14)
111.8,52.6,43.2,30.34,77.14,5.7,rice,Complete (14-14-14)
16.1,23.2,24.4,30.04,53.14,7.33,mango,Complete (14-14-14)
64.4,51.1,50.6,21.75,68.9,6.3,garlic,Complete (14-14-14)
80.2,46.0,81.9,26.3,71.29,6.63,tomato,Complete (14-14-14)
20.3,11.3,31.0,30.12,91.56,6.26,coconut,Muriate of Potash (0-0-60)
126.3,49.6,42.0,29.73,76.07,7.38,sugarcane,Urea (46-0-0)
89.7,51.1,20.5,25.34,67.71,5.75,corn,Urea (46-0-0)
115.6,40.1,56.8,27.36,74.33,6.61,sugarcane,Urea (46-0-0)
44.4,28.5,76.8,26.28,59.67,6.49,tobacco,Ammonium Sulfate (21-0-0)
43.7,34.5,30.3,31.42,65.2,6.25,ampalaya,Complete (14-14-14)
22.2,9.2,26.1,31.51,93.3,7.05,coconut,Muriate of Potash (0-0-60)
108.5,40.5,52.0,30.97,60.59,7.36,sugarcane,Urea (46-0-0)
21.3,16.8,31.5,29.42,50.39,6.49,mango,Complete (14-14-14)
20.0,8.4,30.4,25.72,81.85,5.55,coconut,Muriate of Potash (0-0-60)
23.7,21.6,32.7,31.67,51.08,6.19,mango,Complete (14-14-14)
68.2,44.2,46.2,22.0,60.75,6.57,onion,Complete (14-14-14)
63.2,40.3,56.7,26.71,82.02,6.42,cacao,Complete (14-14-14)
47.4,34.1,44.9,30.24,80.07,6.39,ampalaya,Complete (14-14-14)
15.8,10.6,31.4,30.15,89.13,5.53,coconut,Muriate of Potash (0-0-60)
121.1,47.6,41.8,34.85,70.59,5.82,sugarcane,Urea (46-0-0)
81.7,44.1,53.3,26.08,65.48,6.61,onion,Complete (14-14-14)
40.3,36.9,47.6,26.68,68.75,6.31,okra,Complete (14-14-14)
68.2,37.3,78.2,25.56,81.76,6.48,abaca,Complete (14-14-14)
16.9,35.3,27.3,27.63,62.45,6.08,mungbean,Ammonium Phosphate (16-20-0)
47.5,37.3,47.3,27.49,72.41,6.33,ampalaya,Complete (14-14-14)
107.6,44.7,43.4,28.89,85.17,6.98,rice,Complete (14-14-14)
52.1,36.5,61.3,24.35,64.2,6.47,tobacco,Ammonium Sulfate (21-0-0)
21.5,46.7,25.1,27.52,58.0,6.49,mungbean,Ammonium Phosphate (16-20-0)
113.5,60.2,47.4,33.89,76.95,6.98,sugarcane,Urea (46-0-0)
75.8,54.2,85.5,23.56,71.2,6.0,tomato,Complete (14-14-14)
71.4,26.4,61.9,26.35,87.3,5.74,abaca,Complete (14-14-14)
36.6,15.9,27.0,28.8,81.17,4.66,rubber,Ammonium Sulfate (21-0-0)
102.4,46.6,43.6,26.09,77.33,5.72,rice,Complete (14-14-14)
21.1,14.2,33.7,32.31,81.7,5.42,coconut,Muriate of Potash (0-0-60)
66.4,34.1,83.8,22.67,57.96,6.28,tobacco,Ammonium Sulfate (21-0-0)
69.3,26.0,68.5,27.49,56.09,6.2,tobacco,Ammonium Sulfate (21-0-0)
47.5,45.2,45.7,29.32,73.26,6.63,okra,Complete (14-14-14)
23.2,42.8,42.2,24.19,62.61,6.36,peanut,Ammonium Phosphate (16-20-0)
43.4,28.9,77.0,26.73,67.38,6.06,sweet_potato,Muriate of Potash (0-0-60)
64.4,19.9,80.0,27.29,84.42,5.91,abaca,Complete (14-14-14)
14.8,45.3,20.5,25.74,67.86,6.69,mungbean,Ammonium Phosphate (16-20-0)
80.5,38.7,39.9,23.19,64.66,6.18,onion,Complete (14-14-14)
48.8,35.5,76.2,29.77,65.25,5.73,cassava,Muriate of Potash (0-0-60)
14.8,29.5,35.9,25.05,56.33,5.95,peanut,Ammonium Phosphate (16-20-0)
141.1,58.1,58.7,26.71,70.64,6.53,sugarcane,Urea (46-0-0)
129.4,49.3,49.7,25.18,62.48,6.68,sugarcane,Urea (46-0-0)
15.1,5.6,28.0,27.43,82.45,6.12,coconut,Muriate of Potash (0-0-60)
52.4,42.5,46.8,32.03,63.48,6.35,okra,Complete (14-14-14)
131.3,57.7,41.0,24.53,77.1,6.58,sugarcane,Urea (46-0-0)
49.5,34.5,89.7,30.31,63.44,5.26,cassava,Muriate of Potash (0-0-60)
78.5,56.1,55.1,24.63,66.92,6.59,eggplant,Complete (14-14-14)
20.8,9.4,28.9,30.8,91.58,6.54,coconut,Muriate of Potash (0-0-60)
26.1,16.9,24.7,26.73,88.55,5.52,rubber,Ammonium Sulfate (21-0-0)
52.5,34.9,35.6,24.12,76.51,6.63,ampalaya,Complete (14-14-14)
77.3,32.5,41.7,25.51,64.94,6.57,garlic,Complete (14-14-14)
74.7,42.0,57.3,25.93,64.29,5.5,eggplant,Complete (14-14-14)
91.8,27.4,31.0,19.79,59.83,5.72,coffee,Complete (14-14-14)
68.5,20.1,64.1,29.1,82.66,5.49,abaca,Complete (14-14-14)
138.1,55.4,54.8,29.74,60.71,7.25,sugarcane,Urea (46-0-0)
37.5,19.3,25.8,25.07,77.49,4.56,rubber,Ammonium Sulfate (21-0-0)
19.2,30.2,26.7,27.94,66.59,6.37,mungbean,Ammonium Phosphate (16-20-0)
42.1,22.5,82.9,29.63,74.2,6.37,cassava,Muriate of Potash (0-0-60)
50.3,49.8,47.4,28.35,77.73,6.47,ampalaya,Complete (14-14-14)
20.1,21.6,28.8,32.0,69.56,5.79,mango,Complete (14-14-14)
47.5,33.7,71.6,29.41,55.35,5.54,cassava,Muriate of Potash (0-0-60)
86.3,29.7,68.3,28.33,89.13,5.84,abaca,Complete (14-14-14)
63.8,58.5,85.8,26.37,61.47,5.92,tomato,Complete (14-14-14)
22.6,30.3,20.9,27.36,73.6,6.73,mungbean,Ammonium Phosphate (16-20-0)
45.5,46.6,41.0,24.16,67.79,6.74,ampalaya,Complete (14-14-14)
70.9,22.2,79.5,29.9,92.94,6.13,abaca,Complete (14-14-14)
43.1,39.8,43.4,25.75,68.83,6.03,ampalaya,Complete (14-14-14)
82.5,49.5,24.4,28.93,71.81,5.59,corn,Urea (46-0-0)
22.8,12.4,27.8,29.69,91.59,7.8,coconut,Muriate of Potash (0-0-60)
75.1,48.4,47.2,23.4,59.38,6.88,onion,Complete (14-14-14)
136.3,47.2,59.5,29.29,61.61,6.17,sugarcane,Urea (46-0-0)
22.2,26.8,22.8,31.82,79.13,5.97,rubber,Ammonium Sulfate (21-0-0)
63.3,48.6,45.9,26.71,83.98,6.67,cacao,Complete (14-14-14)
120.0,41.9,47.4,32.59,79.8,6.11,sugarcane,Urea (46-0-0)
24.4,42.1,22.8,31.79,70.59,6.89,mungbean,Ammonium Phosphate (16-20-0)
45.1,30.9,78.8,24.31,55.04,5.82,tobacco,Ammonium Sulfate (21-0-0)
75.1,47.0,53.3,24.67,79.66,5.92,cacao,Complete (14-14-14)
48.8,31.6,60.9,25.44,55.81,5.24,cassava,Muriate of Potash (0-0-60)
67.2,41.2,57.4,23.1,67.58,6.03,garlic,Complete (14-14-14)
84.4,40.8,77.0,25.72,84.24,4.96,abaca,Complete (14-14-14)
58.5,28.0,65.5,23.49,55.21,6.17,tobacco,Ammonium Sulfate (21-0-0)
90.5,36.6,50.2,19.2,58.45,6.89,onion,Complete (14-14-14)
47.4,18.8,73.0,26.72,71.71,5.24,pineapple,Muriate of Potash (0-0-60)
92.3,89.4,52.4,27.36,85.41,6.18,banana,Muriate of Potash (0-0-60)
42.0,29.4,89.9,25.66,69.2,4.9,pineapple,Muriate of Potash (0-0-60)
114.2,72.8,53.9,31.42,87.38,5.98,banana,Muriate of Potash (0-0-60)
19.2,49.0,22.8,26.98,60.22,6.43,mungbean,Ammonium Phosphate (16-20-0)
60.8,41.6,48.9,25.85,59.28,6.33,onion,Complete (14-14-14)
63.3,59.5,84.1,24.32,61.95,6.04,tomato,Complete (14-14-14)
26.6,46.1,33.2,26.16,65.8,5.64,peanut,Ammonium Phosphate (16-20-0)
119.7,71.3,48.6,31.34,77.25,6.59,banana,Muriate of Potash (0-0-60)
20.3,21.2,26.4,33.33,61.49,5.99,mango,Complete (14-14-14)
88.3,48.7,41.2,30.99,82.25,5.77,rice,Complete (14-14-14)
95.1,48.6,42.1,29.81,89.22,6.42,rice,Complete (14-14-14)
19.0,17.2,24.8,26.56,65.3,6.89,mango,Complete (14-14-14)
89.4,48.5,40.2,30.9,81.71,6.05,rice,Complete (14-14-14)
46.0,34.6,62.6,24.74,72.34,6.82,sweet_potato,Muriate of Potash (0-0-60)
85.7,46.1,42.8,27.93,58.22,6.05,onion,Complete (14-14-14)
27.5,18.8,31.6,26.45,85.6,5.5,rubber,Ammonium Sulfate (21-0-0)
90.1,21.0,34.1,26.93,72.17,6.33,coffee,Complete (14-14-14)
86.6,42.3,21.7,29.63,60.81,5.88,corn,Urea (46-0-0)
125.0,47.6,56.5,30.89,72.33,7.33,sugarcane,Urea (46-0-0)
88.0,32.1,43.0,25.52,75.91,6.08,cacao,Complete (14-14-14)
108.2,79.8,47.9,26.09,85.82,5.87,banana,Muriate of Potash (0-0-60)
69.4,36.4,88.1,23.4,59.75,5.84,tobacco,Ammonium Sulfate (21-0-0)
74.0,29.4,70.9,27.92,86.81,5.51,abaca,Complete (14-14-14)
47.7,38.4,40.1,30.84,78.42,6.31,ampalaya,Complete (14-14-14)
20.1,18.7,30.5,29.08,57.15,7.38,mango,Complete (14-14-14)
86.5,47.8,43.4,28.35,69.33,6.35,onion,Complete (14-14-14)
130.5,58.6,50.8,30.31,66.37,7.16,sugarcane,Urea (46-0-0)
74.9,48.3,59.6,31.02,76.39,6.23,cacao,Complete (14-14-14)
42.5,63.7,48.3,30.36,85.99,6.65,papaya,Complete (14-14-14)
14.8,35.1,44.7,28.86,67.54,5.66,peanut,Ammonium Phosphate (16-20-0)
128.4,51.9,59.7,29.85,65.21,7.15,sugarcane,Urea (46-0-0)
85.2,38.6,55.3,26.66,61.29,6.1,garlic,Complete (14-14-14)
64.3,41.9,41.8,22.83,56.28,6.2,onion,Complete (14-14-14)
15.6,8.4,28.3,26.66,85.28,6.07,coconut,Muriate of Potash (0-0-60)
117.0,49.7,44.0,28.64,83.91,5.83,rice,Complete (14-14-14)
90.6,97.0,46.9,29.18,87.25,6.06,banana,Muriate of Potash (0-0-60)
102.7,49.8,51.5,31.08,73.55,6.68,sugarcane,Urea (46-0-0)
82.5,55.9,44.3,24.28,77.44,6.33,rice,Complete (14-14-14)
41.9,34.9,90.2,26.83,68.58,5.91,cassava,Muriate of Potash (0-0-60)
78.0,34.5,57.7,27.78,55.07,6.69,onion,Complete (14-14-14)
58.1,17.1,63.2,24.61,78.65,5.14,pineapple,Muriate of Potash (0-0-60)
40.5,28.3,71.3,25.3,74.16,5.08,pineapple,Muriate of Potash (0-0-60)
56.6,38.8,36.9,31.61,77.31,6.25,ampalaya,Complete (14-14-14)
50.3,20.9,88.8,29.3,73.39,5.56,pineapple,Muriate of Potash (0-0-60)
64.5,31.0,76.0,30.66,88.95,5.22,abaca,Complete (14-14-14)
98.0,41.9,20.7,29.23,60.77,7.46,corn,Urea (46-0-0)
21.4,16.0,29.9,36.06,51.17,7.43,mango,Complete (14-14-14)
19.9,12.0,15.1,28.85,74.95,5.72,calamansi,Ammonium Sulfate (21-0-0)
15.7,17.2,15.7,28.19,73.05,6.04,calamansi,Ammonium Sulfate (21-0-0)
93.0,99.3,50.0,30.42,79.5,5.68,banana,Muriate of Potash (0-0-60)
49.4,28.3,60.3,24.31,66.93,6.59,sweet_potato,Muriate of Potash (0-0-60)
70.5,22.2,60.0,31.69,85.76,6.31,abaca,Complete (14-14-14)
45.5,35.0,47.8,32.12,69.23,6.65,ampalaya,Complete (14-14-14)
15.3,18.7,29.9,28.22,59.02,6.53,mango,Complete (14-14-14)
114.7,53.9,41.6,26.8,84.95,6.18,rice,Complete (14-14-14)
66.2,30.6,44.7,23.86,59.1,6.15,garlic,Complete (14-14-14)
23.1,20.4,13.8,25.84,75.76,6.01,calamansi,Ammonium Sulfate (21-0-0)
63.7,25.0,74.9,28.11,94.94,5.81,abaca,Complete (14-14-14)
48.6,60.5,48.6,29.73,86.58,6.04,papaya,Complete (14-14-14)
105.2,90.7,48.8,29.6,79.36,6.66,banana,Muriate of Potash (0-0-60)
36.8,20.3,30.4,31.51,84.31,4.71,rubber,Ammonium Sulfate (21-0-0)
58.4,33.0,43.6,27.18,79.16,6.65,ampalaya,Complete (14-14-14)
17.8,12.6,31.0,26.35,83.22,6.0,coconut,Muriate of Potash (0-0-60)
88.2,45.4,76.8,24.45,61.42,5.91,tomato,Complete (14-14-14)
62.7,31.1,40.7,22.93,59.6,6.02,onion,Complete (14-14-14)
105.8,48.8,42.6,32.71,68.22,5.85,sugarcane,Urea (46-0-0)
51.8,44.4,31.5,26.13,65.26,6.42,okra,Complete (14-14-14)
107.0,55.0,54.4,32.68,61.53,5.81,sugarcane,Urea (46-0-0)
83.1,55.6,51.1,26.69,70.89,6.88,eggplant,Complete (14-14-14)
70.2,54.3,76.9,23.1,71.17,6.04,tomato,Complete (14-14-14)
53.4,23.2,86.5,22.76,64.88,6.27,tobacco,Ammonium Sulfate (21-0-0)
60.2,30.8,88.6,25.52,81.17,5.26,abaca,Complete (14-14-14)
21.1,32.2,28.3,28.88,73.01,6.91,mungbean,Ammonium Phosphate (16-20-0)
15.3,14.2,28.7,31.85,90.96,5.28,coconut,Muriate of Potash (0-0-60)
64.6,38.2,61.4,21.08,62.42,6.32,onion,Complete (14-14-14)
95.8,80.0,55.6,30.93,90.5,6.06,banana,Muriate of Potash (0-0-60)
19.3,25.9,33.7,30.88,60.14,6.5,mango,Complete (14-14-14)
112.6,44.6,43.5,29.29,65.95,5.86,sugarcane,Urea (46-0-0)
46.1,53.1,51.4,28.2,74.8,5.94,papaya,Complete (14-14-14)
58.1,48.3,37.2,28.97,66.78,6.57,ampalaya,Complete (14-14-14)
19.9,13.5,32.6,24.56,81.3,6.37,coconut,Muriate of Potash (0-0-60)
17.6,14.6,15.7,31.48,80.0,6.01,calamansi,Ammonium Sulfate (21-0-0)
21.3,50.6,23.3,28.62,71.54,6.54,mungbean,Ammonium Phosphate (16-20-0)
66.1,34.6,85.4,28.35,62.49,5.52,tobacco,Ammonium Sulfate (21-0-0)
28.8,27.5,22.2,26.74,80.04,5.48,rubber,Ammonium Sulfate (21-0-0)
93.3,48.7,44.2,26.51,82.9,6.22,rice,Complete (14-14-14)
21.7,15.5,21.8,26.23,70.8,6.13,calamansi,Ammonium Sulfate (21-0-0)
21.0,10.3,18.2,31.38,79.2,6.03,calamansi,Ammonium Sulfate (21-0-0)
44.7,46.4,48.9,25.08,82.28,6.04,papaya,Complete (14-14-14)
82.7,47.2,20.8,30.73,74.61,7.36,corn,Urea (46-0-0)
80.8,39.5,51.6,26.87,85.63,6.09,cacao,Complete (14-14-14)
96.4,15.1,30.9,26.88,77.69,5.74,coffee,Complete (14-14-14)
20.7,8.8,27.7,24.53,82.29,7.38,coconut,Muriate of Potash (0-0-60)
69.5,39.8,54.0,20.92,65.84,6.71,garlic,Complete (14-14-14)
26.5,32.2,29.9,27.55,59.9,5.9,peanut,Ammonium Phosphate (16-20-0)
42.8,57.3,54.5,31.38,79.2,5.57,papaya,Complete (14-14-14)
74.7,50.4,55.7,28.98,83.94,5.88,cacao,Complete (14-14-14)
108.6,48.3,47.9,30.08,63.44,5.73,sugarcane,Urea (46-0-0)
44.9,22.0,80.3,26.64,71.99,6.69,sweet_potato,Muriate of Potash (0-0-60)
19.5,12.5,22.3,30.69,83.5,5.46,calamansi,Ammonium Sulfate (21-0-0)
23.2,15.5,33.1,29.41,81.11,5.82,rubber,Ammonium Sulfate (21-0-0)
15.9,25.0,34.5,27.4,53.11,6.58,mango,Complete (14-14-14)
16.5,12.0,31.2,29.01,86.68,5.49,coconut,Muriate of Potash (0-0-60)
106.3,24.6,35.0,26.89,71.4,6.33,coffee,Complete (14-14-14)
22.6,25.2,34.3,30.45,77.31,5.08,rubber,Ammonium Sulfate (21-0-0)
21.0,19.1,33.9,30.91,52.7,6.26,mango,Complete (14-14-14)
104.2,16.2,27.6,27.12,66.83,5.19,coffee,Complete (14-14-14)
38.1,24.3,28.9,30.61,75.69,4.57,rubber,Ammonium Sulfate (21-0-0)
50.7,30.9,84.0,25.39,60.76,6.23,cassava,Muriate of Potash (0-0-60)
18.3,18.5,20.3,27.77,77.21,5.89,calamansi,Ammonium Sulfate (21-0-0)
61.0,48.9,34.7,28.73,62.86,6.03,okra,Complete (14-14-14)
92.8,56.8,40.2,26.62,80.67,6.08,rice,Complete (14-14-14)
102.2,27.7,35.0,20.54,62.15,5.39,coffee,Complete (14-14-14)
17.0,47.7,25.6,28.18,69.67,6.96,mungbean,Ammonium Phosphate (16-20-0)
68.6,47.0,52.8,21.0,63.05,6.77,garlic,Complete (14-14-14)
73.1,35.1,67.5,26.38,84.14,6.03,abaca,Complete (14-14-14)
103.2,18.0,28.7,21.4,66.9,5.18,coffee,Complete (14-14-14)
23.4,11.5,20.1,32.22,79.49,5.53,calamansi,Ammonium Sulfate (21-0-0)
80.9,56.4,40.2,30.48,88.32,6.19,rice,Complete (14-14-14)
108.1,51.8,58.4,34.08,66.14,5.9,sugarcane,Urea (46-0-0)
23.1,49.0,28.6,31.63,68.72,6.55,mungbean,Ammonium Phosphate (16-20-0)
80.7,41.4,61.3,27.54,68.82,6.52,garlic,Complete (14-14-14)
79.4,58.2,47.3,28.55,73.79,6.47,eggplant,Complete (14-14-14)
83.9,39.5,45.6,28.33,80.4,6.77,cacao,Complete (14-14-14)
86.9,40.7,22.4,29.31,71.47,6.68,corn,Urea (46-0-0)
45.8,61.5,50.7,29.83,81.88,6.12,papaya,Complete (14-14-14)
21.1,20.6,28.2,28.36,53.29,5.93,mango,Complete (14-14-14)
24.0,47.0,46.1,27.45,59.73,5.75,peanut,Ammonium Phosphate (16-20-0)
79.8,34.1,45.9,26.59,63.53,6.39,garlic,Complete (14-14-14)
17.7,7.9,28.2,27.34,92.43,6.8,coconut,Muriate of Potash (0-0-60)
23.6,22.0,30.6,32.35,68.98,6.22,mango,Complete (14-14-14)
19.1,33.5,27.2,28.81,63.36,6.19,mungbean,Ammonium Phosphate (16-20-0)
82.4,47.1,63.0,23.54,59.38,6.03,tomato,Complete (14-14-14)
108.0,100.0,51.3,30.54,76.07,6.85,banana,Muriate of Potash (0-0-60)
65.2,58.3,87.2,26.18,61.82,6.16,tomato,Complete (14-14-14)
25.8,41.0,30.7,27.06,60.08,5.64,peanut,Ammonium Phosphate (16-20-0)
57.8,37.6,82.0,31.3,82.51,6.08,abaca,Complete (14-14-14)
81.5,40.5,79.0,24.14,62.39,6.45,tomato,Complete (14-14-14)
72.7,37.8,51.5,27.2,64.66,6.55,onion,Complete (14-14-14)
21.6,16.0,19.9,26.66,74.13,6.03,calamansi,Ammonium Sulfate (21-0-0)
75.1,23.2,86.7,29.17,86.85,5.82,abaca,Complete (14-14-14)
76.6,48.4,52.1,25.18,84.57,6.95,cacao,Complete (14-14-14)
40.7,31.9,82.3,28.07,60.67,5.63,sweet_potato,Muriate of Potash (0-0-60)
23.3,11.3,18.2,26.55,82.1,6.08,calamansi,Ammonium Sulfate (21-0-0)
107.9,86.6,49.7,29.04,83.44,6.91,banana,Muriate of Potash (0-0-60)
18.7,11.3,34.5,29.84,82.09,7.25,coconut,Muriate of Potash (0-0-60)
22.6,18.8,21.1,26.37,74.64,6.4,calamansi,Ammonium Sulfate (21-0-0)
99.7,50.2,21.3,32.09,62.08,6.44,corn,Urea (46-0-0)
99.2,60.6,44.9,30.72,78.03,6.54,rice,Complete (14-14-14)
41.3,27.4,86.9,26.95,64.39,6.37,sweet_potato,Muriate of Potash (0-0-60)
24.1,47.5,39.3,25.1,55.27,5.95,peanut,Ammonium Phosphate (16-20-0)
82.4,32.8,46.0,26.94,83.47,6.29,cacao,Complete (14-14-14)
59.0,49.9,42.6,22.36,66.11,6.39,garlic,Complete (14-14-14)
73.8,35.2,85.5,28.54,82.59,6.0,abaca,Complete (14-14-14)
95.8,40.3,23.1,28.97,71.12,6.77,corn,Urea (46-0-0)
16.9,10.0,28.2,26.29,82.16,7.65,coconut,Muriate of Potash (0-0-60)
106.9,22.8,26.7,21.52,63.92,5.77,coffee,Complete (14-14-14)
85.5,49.4,45.0,26.71,68.8,6.09,eggplant,Complete (14-14-14)
16.4,42.7,28.8,26.88,61.36,6.23,mungbean,Ammonium Phosphate (16-20-0)
49.3,40.6,41.0,31.68,73.85,6.22,ampalaya,Complete (14-14-14)
59.7,25.5,63.4,29.91,61.17,6.49,cassava,Muriate of Potash (0-0-60)
101.4,26.2,31.1,19.75,77.92,5.57,coffee,Complete (14-14-14)
71.6,33.4,43.8,29.34,81.05,5.84,cacao,Complete (14-14-14)
99.6,58.5,24.3,24.16,74.88,7.49,corn,Urea (46-0-0)
78.5,30.0,54.2,22.05,64.36,6.31,garlic,Complete (14-14-14)
56.6,65.7,49.9,24.19,78.23,6.74,papaya,Complete (14-14-14)
24.0,24.2,26.8,34.49,53.52,6.93,mango,Complete (14-14-14)
82.1,52.9,54.7,23.41,69.51,5.74,eggplant,Complete (14-14-14)
17.9,10.5,26.6,28.47,95.99,7.77,coconut,Muriate of Potash (0-0-60)
64.9,39.0,49.2,27.31,87.86,6.0,cacao,Complete (14-14-14)
111.1,86.1,51.0,30.24,87.89,5.68,banana,Muriate of Potash (0-0-60)
52.5,26.0,68.2,24.48,78.09,4.66,pineapple,Muriate of Potash (0-0-60)
48.1,45.2,42.0,27.77,60.04,6.25,okra,Complete (14-14-14)
106.1,78.2,48.3,29.52,86.96,6.09,banana,Muriate of Potash (0-0-60)
81.1,31.3,45.2,20.61,63.78,6.5,garlic,Complete (14-14-14)
77.9,37.5,73.6,26.35,94.69,5.53,abaca,Complete (14-14-14)
66.6,26.9,71.7,22.48,59.62,5.89,tobacco,Ammonium Sulfate (21-0-0)
51.5,25.2,75.9,25.99,75.32,5.63,pineapple,Muriate of Potash (0-0-60)
98.7,58.2,24.0,27.41,70.77,6.18,corn,Urea (46-0-0)
121.4,52.6,41.2,30.12,66.89,6.34,sugarcane,Urea (46-0-0)
77.7,44.7,84.8,23.03,67.53,5.77,tomato,Complete (14-14-14)
24.4,19.3,33.1,33.98,57.52,6.51,mango,Complete (14-14-14)
79.5,47.8,57.2,25.64,58.59,6.09,onion,Complete (14-14-14)
93.4,61.4,20.5,24.24,65.8,5.82,corn,Urea (46-0-0)
46.4,46.1,37.5,29.84,79.71,6.77,ampalaya,Complete (14-14-14)
87.9,37.9,47.5,21.29,61.73,6.96,onion,Complete (14-14-14)
20.3,19.1,22.7,27.37,72.33,6.06,calamansi,Ammonium Sulfate (21-0-0)
67.1,26.7,71.3,25.01,56.86,5.57,tobacco,Ammonium Sulfate (21-0-0)
19.9,11.3,30.6,27.15,87.18,5.35,coconut,Muriate of Potash (0-0-60)
42.9,33.5,69.3,30.76,59.84,5.19,cassava,Muriate of Potash (0-0-60)
43.6,31.9,65.9,29.2,61.27,6.34,cassava,Muriate of Potash (0-0-60)
22.6,16.3,29.6,31.82,65.3,5.83,mango,Complete (14-14-14)
72.6,30.7,42.7,27.45,57.14,6.25,onion,Complete (14-14-14)
24.6,26.8,33.5,28.81,79.35,5.41,rubber,Ammonium Sulfate (21-0-0)
49.3,28.2,83.6,25.32,66.54,4.55,pineapple,Muriate of Potash (0-0-60)
56.0,46.3,54.3,30.99,87.87,5.96,papaya,Complete (14-14-14)
84.1,55.2,20.8,30.55,67.11,5.43,corn,Urea (46-0-0)
61.5,49.2,54.8,20.66,65.42,6.34,onion,Complete (14-14-14)
95.6,97.9,47.7,28.18,79.25,6.42,banana,Muriate of Potash (0-0-60)
46.8,16.5,70.7,26.39,74.81,4.68,pineapple,Muriate of Potash (0-0-60)
19.3,38.6,31.5,26.18,63.42,5.47,peanut,Ammonium Phosphate (16-20-0)
16.3,34.7,20.9,31.22,63.21,6.1,mungbean,Ammonium Phosphate (16-20-0)
58.8,25.6,78.0,28.9,79.6,4.54,pineapple,Muriate of Potash (0-0-60)
93.2,45.3,21.6,29.88,69.41,6.81,corn,Urea (46-0-0)
118.5,47.2,58.1,26.57,71.03,5.46,sugarcane,Urea (46-0-0)
30.6,46.4,50.4,25.07,68.36,6.44,peanut,Ammonium Phosphate (16-20-0)
20.4,13.5,32.2,30.86,80.88,7.45,coconut,Muriate of Potash (0-0-60)
75.3,41.2,56.3,30.15,70.52,6.22,eggplant,Complete (14-14-14)
46.6,17.8,87.8,26.11,71.22,5.85,pineapple,Muriate of Potash (0-0-60)
59.9,43.7,33.3,31.28,65.73,6.14,okra,Complete (14-14-14)
17.0,18.0,27.6,33.2,55.43,6.62,mango,Complete (14-14-14)
75.8,34.9,42.1,27.24,78.62,5.67,cacao,Complete (14-14-14)
20.1,48.5,25.7,28.99,61.8,6.99,mungbean,Ammonium Phosphate (16-20-0)
77.9,30.7,54.8,23.16,55.06,6.26,garlic,Complete (14-14-14)
15.4,16.2,24.7,31.68,73.91,6.44,calamansi,Ammonium Sulfate (21-0-0)
78.8,38.8,40.4,27.07,67.51,6.6,eggplant,Complete (14-14-14)
86.6,33.2,74.7,24.85,85.64,5.02,abaca,Complete (14-14-14)
20.4,19.7,33.6,29.26,63.78,6.71,mango,Complete (14-14-14)
49.3,40.5,45.5,31.67,76.66,6.64,ampalaya,Complete (14-14-14)
98.1,90.3,55.4,25.82,89.76,6.44,banana,Muriate of Potash (0-0-60)
17.7,44.5,46.3,24.39,63.99,5.9,peanut,Ammonium Phosphate (16-20-0)
54.0,20.6,76.8,25.4,68.04,5.71,tobacco,Ammonium Sulfate (21-0-0)
95.3,56.6,40.6,30.02,90.11,6.1,rice,Complete (14-14-14)
94.6,16.3,32.6,27.07,69.11,5.54,coffee,Complete (14-14-14)
47.0,23.8,74.9,24.63,58.39,6.18,tobacco,Ammonium Sulfate (21-0-0)
17.2,18.4,21.1,26.02,76.26,6.03,calamansi,Ammonium Sulfate (21-0-0)
20.7,13.5,32.9,28.4,81.13,5.69,coconut,Muriate of Potash (0-0-60)
96.6,59.1,22.3,29.63,74.12,6.73,corn,Urea (46-0-0)
134.2,55.8,57.3,26.73,63.91,6.84,sugarcane,Urea (46-0-0)
92.1,44.0,40.6,26.8,86.26,5.71,cacao,Complete (14-14-14)
81.5,48.6,22.8,31.06,63.47,5.69,corn,Urea (46-0-0)
21.1,10.9,33.2,27.36,82.55,5.98,coconut,Muriate of Potash (0-0-60)
45.4,43.6,44.7,24.87,70.69,6.2,ampalaya,Complete (14-14-14)
57.2,59.7,53.8,27.25,86.76,6.86,papaya,Complete (14-14-14)
15.9,20.7,30.6,29.52,65.79,5.38,mango,Complete (14-14-14)
31.3,21.2,67.8,24.51,68.1,5.92,sweet_potato,Muriate of Potash (0-0-60)
65.8,54.2,51.8,24.26,71.75,6.26,eggplant,Complete (14-14-14)
79.5,58.5,55.1,29.79,73.61,6.02,eggplant,Complete (14-14-14)
55.4,49.5,49.2,25.68,77.31,5.86,papaya,Complete (14-14-14)
49.1,24.7,69.2,26.51,76.39,4.87,pineapple,Muriate of Potash (0-0-60)
22.6,11.5,31.4,30.07,89.2,7.87,coconut,Muriate of Potash (0-0-60)
46.7,48.4,45.5,29.77,74.04,6.07,papaya,Complete (14-14-14)
45.6,23.0,83.1,26.63,60.38,6.4,cassava,Muriate of Potash (0-0-60)
93.4,94.2,49.2,29.19,90.24,6.52,banana,Muriate of Potash (0-0-60)
53.6,30.1,45.1,24.26,60.13,6.7,okra,Complete (14-14-14)
85.8,36.4,60.0,20.58,61.99,6.44,garlic,Complete (14-14-14)
49.5,25.2,64.6,25.51,62.71,5.41,sweet_potato,Muriate of Potash (0-0-60)
79.7,51.0,47.4,21.9,64.06,6.94,onion,Complete (14-14-14)
125.5,53.0,47.4,32.78,74.21,6.85,sugarcane,Urea (46-0-0)
45.6,50.3,48.1,28.55,82.75,6.35,papaya,Complete (14-14-14)
93.3,22.5,28.1,23.81,71.3,5.84,coffee,Complete (14-14-14)
65.1,46.9,48.0,22.49,76.9,6.79,eggplant,Complete (14-14-14)
22.4,14.5,24.3,31.45,76.97,5.87,calamansi,Ammonium Sulfate (21-0-0)
68.4,59.6,77.4,21.61,64.61,6.59,tomato,Complete (14-14-14)
42.3,46.3,53.3,29.46,78.31,6.21,papaya,Complete (14-14-14)
24.6,13.9,33.0,25.38,81.14,6.96,coconut,Muriate of Potash (0-0-60)
75.5,42.1,50.7,23.17,56.42,6.41,onion,Complete (14-14-14)
122.5,51.3,47.9,31.32,68.58,6.44,sugarcane,Urea (46-0-0)
54.3,29.9,29.1,28.01,74.1,6.57,okra,Complete (14-14-14)
86.0,58.9,20.8,26.3,65.57,7.01,corn,Urea (46-0-0)
22.4,19.5,32.6,30.06,66.59,6.72,mango,Complete (14-14-14)
26.0,34.1,44.5,27.55,59.86,5.89,peanut,Ammonium Phosphate (16-20-0)
105.4,49.3,48.6,26.36,71.86,6.59,sugarcane,Urea (46-0-0)
44.9,29.5,39.5,25.64,60.65,6.17,okra,Complete (14-14-14)
76.3,51.9,48.1,25.36,69.57,6.5,eggplant,Complete (14-14-14)
82.7,40.5,53.5,25.87,74.43,6.4,eggplant,Complete (14-14-14)
18.1,45.6,46.6,30.16,56.91,6.32,peanut,Ammonium Phosphate (16-20-0)
88.7,48.7,39.7,25.95,81.9,5.72,rice,Complete (14-14-14)
51.7,34.7,79.0,27.22,56.61,6.47,tobacco,Ammonium Sulfate (21-0-0)
57.8,29.8,29.3,25.35,78.97,6.61,ampalaya,Complete (14-14-14)
38.5,26.8,26.9,26.98,85.92,5.63,rubber,Ammonium Sulfate (21-0-0)
73.2,48.3,65.6,23.25,72.68,5.74,tomato,Complete (14-14-14)
16.1,12.2,29.4,28.33,79.92,7.01,coconut,Muriate of Potash (0-0-60)
55.0,31.0,35.0,29.67,76.46,6.26,ampalaya,Complete (14-14-14)
53.9,24.9,64.4,27.67,74.61,5.34,pineapple,Muriate of Potash (0-0-60)
66.3,49.4,56.2,30.11,67.82,6.45,eggplant,Complete (14-14-14)
69.1,40.1,45.5,23.77,66.07,6.5,eggplant,Complete (14-14-14)
40.7,29.4,86.7,27.09,66.6,5.82,pineapple,Muriate of Potash (0-0-60)
83.8,28.0,62.0,29.9,94.22,6.53,abaca,Complete (14-14-14)
115.1,97.5,46.2,27.89,75.57,6.67,banana,Muriate of Potash (0-0-60)
16.9,18.5,31.2,27.37,62.52,6.66,mango,Complete (14-14-14)
22.0,46.0,21.6,30.0,72.87,6.25,mungbean,Ammonium Phosphate (16-20-0)
62.8,34.5,70.3,27.59,62.4,6.33,tobacco,Ammonium Sulfate (21-0-0)
21.0,12.9,26.1,27.76,90.8,5.3,coconut,Muriate of Potash (0-0-60)
24.8,33.3,21.2,28.8,73.25,6.1,mungbean,Ammonium Phosphate (16-20-0)
106.7,42.5,40.9,28.11,88.3,5.56,rice,Complete (14-14-14)
15.4,17.6,33.5,28.71,51.94,6.76,mango,Complete (14-14-14)
23.5,24.4,26.2,33.48,56.5,5.9,mango,Complete (14-14-14)
46.4,27.8,76.1,29.2,70.04,5.23,pineapple,Muriate of Potash (0-0-60)
83.4,41.1,45.7,21.22,61.08,6.08,garlic,Complete (14-14-14)
44.6,21.0,65.8,26.42,60.02,6.1,tobacco,Ammonium Sulfate (21-0-0)
81.3,33.4,60.1,22.44,57.98,6.3,onion,Complete (14-14-14)
78.9,46.7,22.3,26.6,60.29,7.41,corn,Urea (46-0-0)
23.5,17.6,28.3,29.25,88.22,5.34,rubber,Ammonium Sulfate (21-0-0)
76.1,47.4,49.6,27.02,82.9,6.84,cacao,Complete (14-14-14)
28.1,48.1,33.7,29.19,56.72,6.45,peanut,Ammonium Phosphate (16-20-0)
70.7,49.8,54.7,26.41,67.29,6.57,eggplant,Complete (14-14-14)
58.8,19.1,62.1,26.59,75.87,4.72,pineapple,Muriate of Potash (0-0-60)
43.0,31.0,45.0,24.15,75.77,6.05,ampalaya,Complete (14-14-14)
40.2,26.9,85.2,28.65,66.67,6.23,cassava,Muriate of Potash (0-0-60)
22.9,40.7,47.5,26.89,62.82,6.13,peanut,Ammonium Phosphate (16-20-0)
49.9,23.2,73.1,24.82,61.39,5.02,cassava,Muriate of Potash (0-0-60)
79.8,56.7,50.4,27.86,65.28,6.55,eggplant,Complete (14-14-14)
70.3,23.3,71.1,27.84,80.27,6.14,abaca,Complete (14-14-14)
82.3,33.8,48.9,26.81,59.7,6.92,garlic,Complete (14-14-14)
71.9,28.3,75.7,26.65,92.55,5.88,abaca,Complete (14-14-14)
65.2,40.0,48.7,25.74,68.93,6.49,onion,Complete (14-14-14)
98.3,50.5,44.4,28.56,75.61,5.66,rice,Complete (14-14-14)
57.6,38.8,64.0,31.04,58.64,5.27,cassava,Muriate of Potash (0-0-60)
60.7,32.9,40.7,30.07,79.38,6.21,ampalaya,Complete (14-14-14)
62.2,44.1,46.1,26.63,82.57,6.49,cacao,Complete (14-14-14)
61.2,30.6,76.4,28.08,65.82,5.89,tobacco,Ammonium Sulfate (21-0-0)
75.6,49.3,80.3,24.0,62.9,5.99,tomato,Complete (14-14-14)
65.1,30.4,76.2,29.57,67.96,5.79,tobacco,Ammonium Sulfate (21-0-0)
55.3,51.0,50.7,28.03,83.18,5.66,papaya,Complete (14-14-14)
61.3,41.5,60.0,22.46,59.98,6.45,garlic,Complete (14-14-14)
99.5,80.8,48.8,31.99,77.8,6.66,banana,Muriate of Potash (0-0-60)
100.0,90.8,45.9,30.69,84.66,5.86,banana,Muriate of Potash (0-0-60)
60.1,19.2,78.3,26.61,73.63,5.43,pineapple,Muriate of Potash (0-0-60)
120.9,76.9,49.2,30.63,76.64,6.82,banana,Muriate of Potash (0-0-60)
17.2,12.2,32.0,28.09,81.6,6.03,coconut,Muriate of Potash (0-0-60)
61.5,39.7,32.7,27.93,77.68,6.72,ampalaya,Complete (14-14-14)
58.8,27.3,80.9,29.59,61.18,6.98,cassava,Muriate of Potash (0-0-60)
15.8,43.2,42.6,26.14,69.56,5.59,peanut,Ammonium Phosphate (16-20-0)
31.4,28.3,18.6,26.19,84.56,4.66,rubber,Ammonium Sulfate (21-0-0)
62.6,43.2,45.0,26.88,80.55,6.65,eggplant,Complete (14-14-14)
65.4,36.6,48.3,23.07,65.65,6.65,garlic,Complete (14-14-14)
19.5,22.5,32.8,34.25,70.16,7.19,mango,Complete (14-14-14)
16.7,40.6,26.6,29.32,64.32,6.71,mungbean,Ammonium Phosphate (16-20-0)
80.4,41.5,65.7,22.98,62.22,5.98,tomato,Complete (14-14-14)
17.7,44.5,22.3,28.55,75.02,6.38,mungbean,Ammonium Phosphate (16-20-0)
50.2,38.2,60.2,31.32,73.02,6.96,cassava,Muriate of Potash (0-0-60)
117.8,46.8,44.9,25.29,78.51,6.36,rice,Complete (14-14-14)
15.5,28.8,51.3,27.61,60.61,5.72,peanut,Ammonium Phosphate (16-20-0)
57.0,29.0,64.5,28.21,72.05,5.31,pineapple,Muriate of Potash (0-0-60)
99.5,41.1,45.3,30.69,62.95,6.26,sugarcane,Urea (46-0-0)
72.1,54.4,43.7,25.02,75.29,5.69,eggplant,Complete (14-14-14)
105.4,98.8,54.3,28.23,82.04,5.89,banana,Muriate of Potash (0-0-60)
43.6,39.2,45.7,31.75,74.86,6.02,okra,Complete (14-14-14)
22.7,19.7,26.8,32.81,66.39,6.75,mango,Complete (14-14-14)
21.1,32.9,20.2,31.97,75.42,6.05,mungbean,Ammonium Phosphate (16-20-0)
91.2,54.0,41.8,22.07,70.9,6.32,eggplant,Complete (14-14-14)
22.6,29.9,36.5,28.56,60.99,6.13,peanut,Ammonium Phosphate (16-20-0)
102.3,88.0,50.6,30.27,87.74,6.61,banana,Muriate of Potash (0-0-60)
88.9,40.2,55.2,28.25,85.26,6.5,cacao,Complete (14-14-14)
85.3,45.8,44.8,23.21,79.76,6.55,eggplant,Complete (14-14-14)
50.8,17.2,59.2,25.19,72.3,5.49,pineapple,Muriate of Potash (0-0-60)
69.6,41.5,48.1,21.25,68.58,6.99,garlic,Complete (14-14-14)
51.4,37.3,37.8,30.14,63.14,6.62,okra,Complete (14-14-14)
17.3,7.2,27.9,29.49,94.59,6.42,coconut,Muriate of Potash (0-0-60)
75.6,35.9,55.7,24.8,57.06,6.12,garlic,Complete (14-14-14)
21.2,17.7,25.8,27.89,57.11,5.55,mango,Complete (14-14-14)
81.8,26.3,77.4,29.7,81.58,5.3,abaca,Complete (14-14-14)
54.9,37.3,31.6,27.6,61.75,6.39,okra,Complete (14-14-14)
80.8,45.7,44.6,23.44,57.41,6.39,onion,Complete (14-14-14)
15.9,38.5,22.9,30.26,67.92,6.74,mungbean,Ammonium Phosphate (16-20-0)
103.9,48.5,42.7,25.74,83.33,6.86,rice,Complete (14-14-14)
102.2,70.3,52.4,27.65,81.76,6.22,banana,Muriate of Potash (0-0-60)
98.3,85.4,50.6,31.51,87.19,6.49,banana,Muriate of Potash (0-0-60)
109.2,43.0,44.8,33.61,77.12,6.21,sugarcane,Urea (46-0-0)
84.6,56.1,24.6,28.96,63.05,7.45,corn,Urea (46-0-0)
20.2,11.5,22.1,27.2,82.95,5.98,calamansi,Ammonium Sulfate (21-0-0)
80.3,42.5,20.8,26.49,66.25,6.01,corn,Urea (46-0-0)
74.1,59.3,46.1,27.1,74.75,5.53,eggplant,Complete (14-14-14)
88.0,56.5,70.0,23.0,71.5,5.5,tomato,Complete (14-14-14)
36.0,32.0,78.7,25.05,64.43,6.8,sweet_potato,Muriate of Potash (0-0-60)
55.7,48.6,41.4,31.38,66.96,6.22,okra,Complete (14-14-14)
89.1,53.8,24.3,27.05,61.36,7.25,corn,Urea (46-0-0)
31.6,24.4,86.3,23.77,73.37,6.3,sweet_potato,Muriate of Potash (0-0-60)
74.7,43.3,40.7,22.07,77.62,5.62,eggplant,Complete (14-14-14)
66.8,34.0,83.5,22.68,66.84,6.18,tobacco,Ammonium Sulfate (21-0-0)
43.3,22.9,87.8,26.79,70.98,6.22,sweet_potato,Muriate of Potash (0-0-60)
62.4,33.2,41.6,27.4,85.18,6.55,cacao,Complete (14-14-14)
86.9,52.5,53.3,23.17,75.77,6.4,eggplant,Complete (14-14-14)
86.3,58.0,39.7,28.88,79.49,6.54,eggplant,Complete (14-14-14)
42.0,28.4,78.1,27.36,76.14,5.67,pineapple,Muriate of Potash (0-0-60)
65.7,39.8,43.6,25.19,79.31,7.12,cacao,Complete (14-14-14)
37.0,27.5,20.1,26.34,77.25,4.86,rubber,Ammonium Sulfate (21-0-0)
49.2,30.0,77.1,25.85,67.52,6.21,sweet_potato,Muriate of Potash (0-0-60)
43.9,33.9,75.4,27.42,65.34,6.14,tobacco,Ammonium Sulfate (21-0-0)
43.3,30.9,73.9,28.19,72.14,4.67,pineapple,Muriate of Potash (0-0-60)
119.2,51.5,40.7,28.08,88.3,6.7,rice,Complete (14-14-14)
88.4,32.5,47.7,20.13,62.3,6.47,onion,Complete (14-14-14)
34.7,22.2,35.2,30.97,77.23,5.08,rubber,Ammonium Sulfate (21-0-0)
45.6,40.3,44.0,25.48,61.65,6.73,okra,Complete (14-14-14)
43.3,38.8,65.6,25.77,63.31,5.64,tobacco,Ammonium Sulfate (21-0-0)
50.2,61.3,49.2,30.01,87.78,6.56,papaya,Complete (14-14-14)
62.2,31.9,59.0,23.88,63.72,6.62,garlic,Complete (14-14-14)
59.9,18.0,72.6,26.4,76.91,5.64,pineapple,Muriate of Potash (0-0-60)
62.4,60.2,86.8,21.24,72.86,5.89,tomato,Complete (14-14-14)
63.0,37.7,59.1,26.07,57.27,6.5,onion,Complete (14-14-14)
127.2,57.8,53.1,30.23,75.11,6.77,sugarcane,Urea (46-0-0)
42.0,29.4,64.0,27.44,67.67,6.19,tobacco,Ammonium Sulfate (21-0-0)
28.5,16.9,33.3,30.43,80.46,4.54,rubber,Ammonium Sulfate (21-0-0)
83.8,49.7,59.4,25.56,67.29,6.58,eggplant,Complete (14-14-14)
64.5,30.5,65.7,27.31,83.62,5.74,abaca,Complete (14-14-14)
109.4,57.7,42.7,29.32,79.2,6.22,rice,Complete (14-14-14)
85.9,51.3,41.0,25.63,76.1,6.94,rice,Complete (14-14-14)
77.9,40.9,53.4,27.32,80.19,6.19,cacao,Complete (14-14-14)
45.5,29.7,35.4,31.04,66.11,6.67,okra,Complete (14-14-14)
24.9,12.5,15.1,30.64,82.59,5.96,calamansi,Ammonium Sulfate (21-0-0)
20.1,32.0,33.2,24.21,69.15,6.47,peanut,Ammonium Phosphate (16-20-0)
41.7,34.7,41.3,25.02,72.54,6.7,ampalaya,Complete (14-14-14)
58.6,25.2,75.4,29.84,73.39,5.99,pineapple,Muriate of Potash (0-0-60)
62.7,48.0,40.4,26.16,74.69,6.25,eggplant,Complete (14-14-14)
20.7,47.5,29.2,27.19,64.05,6.56,mungbean,Ammonium Phosphate (16-20-0)
20.8,15.4,24.4,28.36,82.77,5.75,calamansi,Ammonium Sulfate (21-0-0)
95.4,19.5,32.7,23.03,62.61,5.08,coffee,Complete (14-14-14)
17.5,6.9,29.0,26.01,88.07,6.9,coconut,Muriate of Potash (0-0-60)
87.4,32.8,64.4,27.29,83.8,5.38,abaca,Complete (14-14-14)
49.1,27.7,69.2,24.24,65.68,6.37,tobacco,Ammonium Sulfate (21-0-0)
50.3,25.0,85.7,27.06,72.74,4.95,pineapple,Muriate of Potash (0-0-60)
114.1,90.9,54.3,26.86,85.43,5.86,banana,Muriate of Potash (0-0-60)
43.4,21.0,82.6,26.48,78.99,5.73,pineapple,Muriate of Potash (0-0-60)
32.4,20.0,22.2,25.25,77.79,4.78,rubber,Ammonium Sulfate (21-0-0)
75.7,30.9,41.6,24.5,89.59,5.84,cacao,Complete (14-14-14)
98.0,54.4,23.8,25.03,63.27,6.77,corn,Urea (46-0-0)
39.7,20.9,72.2,29.21,75.83,5.48,pineapple,Muriate of Potash (0-0-60)
35.5,28.7,79.9,23.09,65.84,5.75,sweet_potato,Muriate of Potash (0-0-60)
44.9,25.1,70.3,27.4,78.18,5.8,pineapple,Muriate of Potash (0-0-60)
39.4,26.2,69.9,25.17,74.5,5.68,pineapple,Muriate of Potash (0-0-60)
89.7,74.9,53.3,25.29,86.29,6.26,banana,Muriate of Potash (0-0-60)
49.8,55.0,53.4,29.83,79.06,6.19,papaya,Complete (14-14-14)
79.0,34.3,41.8,20.93,66.9,6.34,garlic,Complete (14-14-14)
57.2,27.1,60.0,27.6,64.73,6.94,cassava,Muriate of Potash (0-0-60)
100.7,51.2,40.6,26.32,88.32,6.89,rice,Complete (14-14-14)
74.8,24.7,76.8,27.29,82.03,5.3,abaca,Complete (14-14-14)
53.7,33.6,60.4,26.01,58.57,5.91,cassava,Muriate of Potash (0-0-60)
23.2,4.1,29.1,25.91,80.66,7.86,coconut,Muriate of Potash (0-0-60)
16.0,18.3,24.9,31.57,80.72,6.31,calamansi,Ammonium Sulfate (21-0-0)
110.9,24.3,33.5,24.1,72.58,5.74,coffee,Complete (14-14-14)
20.4,48.6,29.9,29.47,63.54,6.87,mungbean,Ammonium Phosphate (16-20-0)
83.4,43.0,24.5,28.48,64.95,6.92,corn,Urea (46-0-0)
49.3,22.5,91.5,25.71,72.92,6.19,sweet_potato,Muriate of Potash (0-0-60)
50.8,46.9,33.2,29.73,67.78,6.47,ampalaya,Complete (14-14-14)
23.0,24.5,33.0,32.65,75.28,4.89,rubber,Ammonium Sulfate (21-0-0)
17.4,11.5,30.7,29.05,85.93,5.62,coconut,Muriate of Potash (0-0-60)
54.9,23.5,71.0,26.23,68.11,4.92,pineapple,Muriate of Potash (0-0-60)
50.6,38.3,45.7,31.04,76.49,6.75,ampalaya,Complete (14-14-14)
71.9,48.3,46.1,26.23,65.77,6.21,garlic,Complete (14-14-14)
37.4,22.3,26.4,26.73,78.84,5.21,rubber,Ammonium Sulfate (21-0-0)
94.3,24.6,26.2,27.36,66.72,6.28,coffee,Complete (14-14-14)
66.5,50.9,75.0,22.97,66.29,5.7,tomato,Complete (14-14-14)
106.2,41.0,42.5,27.29,79.87,6.5,rice,Complete (14-14-14)
23.2,44.4,36.6,28.75,59.24,5.69,peanut,Ammonium Phosphate (16-20-0)
62.1,27.3,75.7,29.49,92.0,6.5,abaca,Complete (14-14-14)
94.9,97.0,53.5,30.55,75.52,6.66,banana,Muriate of Potash (0-0-60)
43.9,29.0,78.5,24.52,73.74,5.32,pineapple,Muriate of Potash (0-0-60)
57.2,31.7,31.4,31.73,61.22,6.76,okra,Complete (14-14-14)
42.7,27.6,86.8,25.02,68.1,5.65,sweet_potato,Muriate of Potash (0-0-60)
111.1,58.4,41.9,27.18,83.79,6.03,rice,Complete (14-14-14)
72.9,45.3,52.3,25.46,68.96,6.7,onion,Complete (14-14-14)
48.3,34.2,66.7,24.96,64.78,5.03,cassava,Muriate of Potash (0-0-60)
59.6,38.2,41.4,25.78,72.31,6.65,ampalaya,Complete (14-14-14)
76.3,41.3,41.6,27.24,67.88,6.97,onion,Complete (14-14-14)
23.9,11.2,28.2,25.91,91.05,6.78,coconut,Muriate of Potash (0-0-60)
87.0,50.7,55.6,23.03,58.11,6.31,onion,Complete (14-14-14)
53.5,26.5,82.5,24.86,61.31,6.19,tobacco,Ammonium Sulfate (21-0-0)
75.5,52.4,86.5,26.6,64.96,5.98,tomato,Complete (14-14-14)
86.2,34.2,49.3,25.82,59.16,6.81,onion,Complete (14-14-14)
83.0,31.2,87.8,25.68,90.83,5.51,abaca,Complete (14-14-14)
105.3,18.0,28.8,26.47,67.26,5.38,coffee,Complete (14-14-14)
128.1,44.0,60.1,25.02,68.7,5.56,sugarcane,Urea (46-0-0)
21.4,37.3,22.7,31.84,73.64,6.45,mungbean,Ammonium Phosphate (16-20-0)
72.8,41.4,42.4,20.33,70.56,6.19,onion,Complete (14-14-14)
74.0,46.6,44.4,25.95,67.45,6.48,onion,Complete (14-14-14)
118.4,49.2,56.7,27.13,68.28,6.64,sugarcane,Urea (46-0-0)
98.2,59.0,44.0,25.62,78.21,6.29,rice,Complete (14-14-14)
79.4,47.5,57.1,21.35,65.07,6.76,garlic,Complete (14-14-14)
107.5,53.7,44.2,27.45,80.58,6.61,rice,Complete (14-14-14)
52.8,33.3,67.0,28.14,64.38,6.98,cassava,Muriate of Potash (0-0-60)
97.1,17.9,32.8,22.91,70.55,6.07,coffee,Complete (14-14-14)
65.9,33.6,53.9,19.58,57.02,6.77,onion,Complete (14-14-14)
113.8,92.8,50.8,25.47,81.84,5.76,banana,Muriate of Potash (0-0-60)
15.5,8.4,23.9,26.52,79.65,7.59,coconut,Muriate of Potash (0-0-60)
72.5,45.8,70.5,20.63,64.31,6.5,tomato,Complete (14-14-14)
104.9,20.8,27.1,24.24,61.34,5.97,coffee,Complete (14-14-14)
85.5,35.9,50.3,22.21,59.24,6.03,garlic,Complete (14-14-14)
14.9,16.0,29.2,32.7,51.74,6.23,mango,Complete (14-14-14)
72.3,43.1,58.5,22.5,62.4,6.57,garlic,Complete (14-14-14)
49.3,52.9,51.4,28.14,77.0,6.22,papaya,Complete (14-14-14)
99.7,79.4,51.1,27.7,78.98,5.8,banana,Muriate of Potash (0-0-60)
15.1,14.4,29.5,25.83,91.49,5.54,coconut,Muriate of Potash (0-0-60)
83.1,40.3,44.0,27.23,77.2,6.46,cacao,Complete (14-14-14)
45.7,22.7,76.8,25.66,68.3,6.34,tobacco,Ammonium Sulfate (21-0-0)
31.8,21.4,23.6,27.14,84.63,5.15,rubber,Ammonium Sulfate (21-0-0)
42.8,47.2,49.3,30.24,69.62,6.1,ampalaya,Complete (14-14-14)
45.4,32.8,83.8,27.05,62.53,6.13,sweet_potato,Muriate of Potash (0-0-60)
72.1,31.2,51.3,23.93,62.11,6.46,onion,Complete (14-14-14)
96.5,20.7,33.4,24.23,75.93,5.17,coffee,Complete (14-14-14)
50.9,51.1,53.9,27.52,73.8,5.68,papaya,Complete (14-14-14)
53.8,59.8,47.9,26.43,73.66,6.68,papaya,Complete (14-14-14)
30.7,26.3,91.4,25.74,69.75,5.68,sweet_potato,Muriate of Potash (0-0-60)
29.0,15.6,34.5,27.03,74.36,5.74,rubber,Ammonium Sulfate (21-0-0)
126.7,58.2,49.7,33.81,65.72,5.68,sugarcane,Urea (46-0-0)
19.4,39.8,21.8,25.4,63.25,6.07,mungbean,Ammonium Phosphate (16-20-0)
22.5,7.2,29.8,29.68,87.47,6.59,coconut,Muriate of Potash (0-0-60)
37.6,27.5,64.1,27.94,61.98,6.14,sweet_potato,Muriate of Potash (0-0-60)
22.3,9.0,31.5,26.95,89.92,6.41,coconut,Muriate of Potash (0-0-60)
42.6,30.5,78.3,32.1,59.41,6.84,cassava,Muriate of Potash (0-0-60)
58.5,17.3,82.6,29.11,65.81,5.82,pineapple,Muriate of Potash (0-0-60)
123.0,40.2,44.4,33.95,72.28,7.1,sugarcane,Urea (46-0-0)
47.6,28.5,70.9,22.87,64.65,6.15,sweet_potato,Muriate of Potash (0-0-60)
23.0,31.2,31.6,26.31,75.73,5.02,rubber,Ammonium Sulfate (21-0-0)
37.6,14.7,83.5,29.12,77.99,4.99,pineapple,Muriate of Potash (0-0-60)
16.7,13.8,16.7,26.69,84.36,5.54,calamansi,Ammonium Sulfate (21-0-0)
49.6,51.3,54.3,28.88,77.06,5.76,papaya,Complete (14-14-14)
34.9,15.6,32.3,25.09,84.3,5.72,rubber,Ammonium Sulfate (21-0-0)
64.5,53.7,58.2,25.36,73.01,6.38,eggplant,Complete (14-14-14)
23.7,18.5,28.0,28.41,57.04,5.58,mango,Complete (14-14-14)
43.7,55.3,45.0,24.19,70.29,5.67,papaya,Complete (14-14-14)
119.8,53.6,53.1,32.46,71.45,6.27,sugarcane,Urea (46-0-0)
58.0,26.8,86.5,25.14,71.35,7.11,cassava,Muriate of Potash (0-0-60)
61.5,46.3,58.4,24.23,59.19,6.17,onion,Complete (14-14-14)
63.9,44.9,59.6,22.77,62.08,5.98,tomato,Complete (14-14-14)
84.2,49.9,45.3,27.73,58.66,6.68,onion,Complete (14-14-14)
63.9,55.5,56.5,23.41,70.22,6.59,eggplant,Complete (14-14-14)
60.6,41.0,82.2,26.88,73.86,5.53,tomato,Complete (14-14-14)
74.2,45.5,57.0,26.98,85.29,6.1,cacao,Complete (14-14-14)
112.5,47.0,42.0,28.83,78.5,6.01,rice,Complete (14-14-14)
66.8,46.7,48.7,22.49,58.7,6.36,onion,Complete (14-14-14)
34.6,23.5,23.3,29.42,76.43,5.38,rubber,Ammonium Sulfate (21-0-0)
16.3,10.5,27.6,26.9,79.44,6.79,coconut,Muriate of Potash (0-0-60)
68.9,40.6,42.5,26.41,71.46,6.44,eggplant,Complete (14-14-14)
49.3,19.0,89.9,29.55,64.38,5.9,pineapple,Muriate of Potash (0-0-60)
18.1,13.2,16.8,28.57,75.45,6.29,calamansi,Ammonium Sulfate (21-0-0)
57.1,59.5,48.1,32.8,88.34,6.66,papaya,Complete (14-14-14)
16.6,41.1,26.7,27.77,70.13,6.49,mungbean,Ammonium Phosphate (16-20-0)
40.0,33.8,45.7,25.66,76.72,6.46,ampalaya,Complete (14-14-14)
83.9,31.2,47.8,25.62,60.71,6.15,garlic,Complete (14-14-14)
28.3,38.4,31.8,25.08,59.06,5.53,peanut,Ammonium Phosphate (16-20-0)
135.6,52.9,53.7,25.64,72.26,6.29,sugarcane,Urea (46-0-0)
73.1,47.3,54.9,27.08,77.36,5.66,cacao,Complete (14-14-14)
81.9,38.9,72.2,22.09,60.17,6.02,tomato,Complete (14-14-14)
114.6,92.4,51.3,27.41,81.55,6.9,banana,Muriate of Potash (0-0-60)
53.4,50.9,53.4,26.55,78.31,6.12,papaya,Complete (14-14-14)
51.5,19.5,91.8,25.1,72.48,4.98,pineapple,Muriate of Potash (0-0-60)
103.6,58.6,43.2,29.64,77.13,6.25,rice,Complete (14-14-14)
45.9,37.1,80.8,27.85,71.49,6.43,sweet_potato,Muriate of Potash (0-0-60)
47.5,55.9,45.6,24.53,81.09,5.49,papaya,Complete (14-14-14)
89.9,30.2,34.4,23.94,57.63,5.73,coffee,Complete (14-14-14)
61.4,46.6,62.2,26.4,70.75,5.7,tomato,Complete (14-14-14)
53.9,37.3,79.9,21.72,66.6,6.14,tobacco,Ammonium Sulfate (21-0-0)
40.4,34.9,77.4,26.12,60.45,6.73,sweet_potato,Muriate of Potash (0-0-60)
82.6,52.7,76.8,21.43,64.13,6.14,tomato,Complete (14-14-14)
23.9,19.5,29.5,27.53,79.27,5.83,rubber,Ammonium Sulfate (21-0-0)
70.7,29.4,58.8,26.1,57.1,6.25,onion,Complete (14-14-14)
60.1,41.3,76.5,26.35,62.64,5.59,tomato,Complete (14-14-14)
86.0,51.1,75.8,21.95,68.77,6.25,tomato,Complete (14-14-14)
42.9,30.1,86.8,30.48,71.9,6.26,cassava,Muriate of Potash (0-0-60)
91.6,86.0,46.4,26.66,86.81,6.09,banana,Muriate of Potash (0-0-60)
57.4,21.7,61.9,30.04,66.79,4.76,pineapple,Muriate of Potash (0-0-60)
24.5,33.0,30.2,28.94,55.45,5.41,peanut,Ammonium Phosphate (16-20-0)
41.2,24.7,66.9,25.69,62.04,5.99,tobacco,Ammonium Sulfate (21-0-0)
16.9,18.6,28.6,32.04,53.42,6.65,mango,Complete (14-14-14)
88.6,29.4,89.5,27.95,85.79,5.82,abaca,Complete (14-14-14)
77.8,29.6,60.2,28.66,86.48,6.32,abaca,Complete (14-14-14)
100.3,93.7,52.2,31.41,85.14,6.92,banana,Muriate of Potash (0-0-60)
80.2,45.9,40.4,30.84,87.87,6.26,rice,Complete (14-14-14)
20.8,15.6,21.3,31.04,75.52,5.84,calamansi,Ammonium Sulfate (21-0-0)
69.8,41.6,40.1,21.58,68.49,6.16,garlic,Complete (14-14-14)
73.2,40.6,53.8,22.03,63.98,6.89,garlic,Complete (14-14-14)
71.7,49.2,57.4,24.43,83.92,5.87,cacao,Complete (14-14-14)
17.8,9.8,29.5,31.78,88.88,5.41,coconut,Muriate of Potash (0-0-60)
19.1,15.9,21.2,30.57,76.59,6.36,calamansi,Ammonium Sulfate (21-0-0)
109.6,17.7,29.5,22.46,79.29,6.19,coffee,Complete (14-14-14)
76.9,43.4,54.1,31.21,85.76,6.87,cacao,Complete (14-14-14)
53.0,40.9,35.7,25.55,65.4,6.47,okra,Complete (14-14-14)
51.2,16.7,78.2,24.79,78.81,4.78,pineapple,Muriate of Potash (0-0-60)
44.1,28.1,61.2,23.26,63.12,6.4,tobacco,Ammonium Sulfate (21-0-0)
56.6,54.3,54.9,29.27,80.41,6.73,papaya,Complete (14-14-14)
53.1,56.4,47.6,28.93,89.28,6.24,papaya,Complete (14-14-14)
40.8,18.5,24.3,25.71,76.97,5.15,rubber,Ammonium Sulfate (21-0-0)
31.5,22.3,21.1,27.5,86.97,5.72,rubber,Ammonium Sulfate (21-0-0)
77.0,48.3,58.1,26.7,61.16,6.76,garlic,Complete (14-14-14)
112.0,92.3,53.3,26.6,87.36,6.49,banana,Muriate of Potash (0-0-60)
18.4,30.0,47.0,26.59,60.84,6.25,peanut,Ammonium Phosphate (16-20-0)
38.1,19.8,26.9,25.09,75.1,4.56,rubber,Ammonium Sulfate (21-0-0)
16.9,45.6,39.5,26.86,63.27,5.74,peanut,Ammonium Phosphate (16-20-0)
52.3,38.7,82.8,24.03,58.05,6.27,tobacco,Ammonium Sulfate (21-0-0)
53.9,31.9,80.1,30.67,57.31,5.17,cassava,Muriate of Potash (0-0-60)
114.9,92.3,52.1,25.21,89.62,5.7,banana,Muriate of Potash (0-0-60)
51.1,51.4,45.1,26.86,79.25,6.24,papaya,Complete (14-14-14)
101.7,47.2,57.6,29.38,72.13,6.86,sugarcane,Urea (46-0-0)
17.9,17.7,26.2,31.18,49.35,6.49,mango,Complete (14-14-14)
89.1,48.8,24.7,27.93,68.76,6.11,corn,Urea (46-0-0)
20.7,47.7,27.8,25.69,70.26,6.21,mungbean,Ammonium Phosphate (16-20-0)
36.7,23.3,64.3,26.88,66.11,6.51,sweet_potato,Muriate of Potash (0-0-60)
80.3,51.5,44.4,30.96,82.34,6.3,rice,Complete (14-14-14)
86.9,58.8,24.7,25.71,68.64,6.53,corn,Urea (46-0-0)
64.4,31.3,60.7,26.53,77.61,5.63,cacao,Complete (14-14-14)
110.0,88.3,48.8,27.76,81.43,6.27,banana,Muriate of Potash (0-0-60)
35.8,35.5,75.8,28.0,69.48,6.43,sweet_potato,Muriate of Potash (0-0-60)
60.4,32.8,78.9,24.17,58.98,5.61,tobacco,Ammonium Sulfate (21-0-0)
107.3,55.6,43.3,29.83,78.21,6.1,rice,Complete (14-14-14)
114.6,40.2,56.7,28.99,61.71,6.7,sugarcane,Urea (46-0-0)
38.1,27.7,20.4,29.25,81.52,4.88,rubber,Ammonium Sulfate (21-0-0)
53.3,38.0,44.6,32.25,64.69,6.17,ampalaya,Complete (14-14-14)
104.2,87.0,44.7,25.45,85.12,6.71,banana,Muriate of Potash (0-0-60)
52.3,34.8,33.9,25.54,70.91,6.33,okra,Complete (14-14-14)
97.8,55.7,24.5,26.86,59.68,7.32,corn,Urea (46-0-0)
50.1,36.2,86.8,29.53,62.57,6.47,tobacco,Ammonium Sulfate (21-0-0)
43.1,26.9,62.2,28.22,66.5,5.76,tobacco,Ammonium Sulfate (21-0-0)
22.8,18.1,31.3,36.64,56.24,5.62,mango,Complete (14-14-14)
96.2,82.9,51.5,26.52,88.07,6.18,banana,Muriate of Potash (0-0-60)
44.4,57.0,53.6,30.61,89.78,5.65,papaya,Complete (14-14-14)
22.2,12.5,35.4,26.68,84.72,7.04,coconut,Muriate of Potash (0-0-60)
88.7,58.3,83.3,21.69,69.77,5.76,tomato,Complete (14-14-14)
88.1,42.3,43.7,25.21,70.65,6.15,garlic,Complete (14-14-14)
45.9,21.7,73.1,24.75,67.53,4.73,pineapple,Muriate of Potash (0-0-60)
17.3,43.9,30.1,28.16,60.6,6.39,mungbean,Ammonium Phosphate (16-20-0)
22.0,46.4,25.1,25.38,74.03,6.64,mungbean,Ammonium Phosphate (16-20-0)
74.4,35.6,42.9,26.24,56.63,6.63,garlic,Complete (14-14-14)
49.4,61.6,47.4,28.69,85.43,6.63,papaya,Complete (14-14-14)
66.2,33.9,62.3,26.85,91.84,5.43,abaca,Complete (14-14-14)
49.1,63.1,51.6,32.56,76.1,6.74,papaya,Complete (14-14-14)
44.2,24.8,60.8,28.86,67.38,5.27,cassava,Muriate of Potash (0-0-60)
23.8,16.0,21.2,25.53,71.45,5.58,calamansi,Ammonium Sulfate (21-0-0)
16.7,45.9,29.7,29.69,64.39,6.78,mungbean,Ammonium Phosphate (16-20-0)
23.4,43.3,29.0,28.0,65.87,6.0,mungbean,Ammonium Phosphate (16-20-0)
84.6,32.2,51.5,27.49,86.29,6.91,cacao,Complete (14-14-14)
24.9,42.5,24.0,30.45,67.25,6.85,mungbean,Ammonium Phosphate (16-20-0)
28.7,25.4,23.4,28.59,77.12,4.96,rubber,Ammonium Sulfate (21-0-0)
38.4,23.9,88.8,23.87,67.75,5.56,sweet_potato,Muriate of Potash (0-0-60)
45.3,27.4,69.6,24.01,72.55,5.07,pineapple,Muriate of Potash (0-0-60)
48.2,20.6,76.8,24.33,67.99,6.66,sweet_potato,Muriate of Potash (0-0-60)
61.5,49.8,53.2,23.62,63.17,6.31,garlic,Complete (14-14-14)
87.1,40.1,49.4,23.62,55.82,6.09,onion,Complete (14-14-14)
44.0,23.2,80.1,26.76,60.39,6.7,sweet_potato,Muriate of Potash (0-0-60)
50.7,22.9,75.8,23.67,72.36,5.83,sweet_potato,Muriate of Potash (0-0-60)
33.8,21.2,29.4,27.91,84.25,5.66,rubber,Ammonium Sulfate (21-0-0)
44.0,34.1,84.0,24.62,69.14,5.38,cassava,Muriate of Potash (0-0-60)
84.3,51.7,44.5,27.86,78.54,6.43,rice,Complete (14-14-14)
103.1,15.2,29.8,25.11,77.18,6.31,coffee,Complete (14-14-14)
20.9,41.5,26.1,27.76,67.83,6.8,mungbean,Ammonium Phosphate (16-20-0)
73.9,34.3,47.2,21.64,61.72,6.52,garlic,Complete (14-14-14)
66.9,43.5,53.6,25.47,73.36,6.49,eggplant,Complete (14-14-14)
59.4,29.4,73.7,25.19,77.73,5.91,pineapple,Muriate of Potash (0-0-60)
105.9,26.5,33.1,21.08,76.45,5.13,coffee,Complete (14-14-14)
15.9,45.6,32.1,27.68,58.18,6.33,peanut,Ammonium Phosphate (16-20-0)
79.6,43.2,59.7,22.92,63.96,6.83,garlic,Complete (14-14-14)
56.7,34.0,43.5,28.19,70.44,6.76,ampalaya,Complete (14-14-14)
82.6,51.6,85.2,20.99,72.27,6.07,tomato,Complete (14-14-14)
48.6,22.6,62.2,31.64,71.87,6.34,cassava,Muriate of Potash (0-0-60)
107.7,87.2,48.6,29.57,81.63,5.67,banana,Muriate of Potash (0-0-60)
64.6,28.7,75.4,28.13,93.61,5.54,abaca,Complete (14-14-14)
43.8,63.4,47.7,28.11,84.07,6.4,papaya,Complete (14-14-14)
22.1,14.9,22.9,29.37,73.28,5.8,calamansi,Ammonium Sulfate (21-0-0)
113.0,83.2,49.6,28.84,90.79,5.98,banana,Muriate of Potash (0-0-60)
64.8,44.4,50.6,24.59,58.6,6.86,onion,Complete (14-14-14)
70.6,41.1,53.7,26.15,61.26,6.34,garlic,Complete (14-14-14)
37.7,20.5,35.8,27.49,84.42,4.78,rubber,Ammonium Sulfate (21-0-0)
43.3,23.0,88.7,25.15,68.31,5.66,pineapple,Muriate of Potash (0-0-60)
48.8,21.2,69.5,29.21,74.45,5.43,pineapple,Muriate of Potash (0-0-60)
92.4,23.1,26.2,23.16,76.67,6.04,coffee,Complete (14-14-14)
39.3,36.6,88.5,28.0,62.44,5.62,tobacco,Ammonium Sulfate (21-0-0)
21.0,11.4,19.5,28.32,81.11,6.01,calamansi,Ammonium Sulfate (21-0-0)
99.1,47.5,22.0,25.31,67.1,5.46,corn,Urea (46-0-0)
89.3,48.2,44.1,21.72,68.33,6.12,onion,Complete (14-14-14)
63.1,50.7,50.9,25.75,65.95,6.36,eggplant,Complete (14-14-14)
56.0,46.6,55.0,30.46,83.71,6.75,papaya,Complete (14-14-14)
54.7,39.3,77.4,29.51,60.11,6.6,cassava,Muriate of Potash (0-0-60)
79.3,35.0,79.3,27.27,89.56,5.62,abaca,Complete (14-14-14)
17.0,49.3,47.7,27.37,57.19,6.35,peanut,Ammonium Phosphate (16-20-0)
106.5,92.9,48.1,25.57,76.16,6.79,banana,Muriate of Potash (0-0-60)
23.2,13.7,16.0,26.5,74.72,5.63,calamansi,Ammonium Sulfate (21-0-0)
55.3,39.0,48.1,25.96,73.46,6.53,ampalaya,Complete (14-14-14)
47.6,28.1,62.0,28.5,74.18,6.45,cassava,Muriate of Potash (0-0-60)
41.5,52.0,52.8,31.97,84.98,6.08,papaya,Complete (14-14-14)
53.3,37.4,75.6,25.1,60.79,6.92,cassava,Muriate of Potash (0-0-60)
37.1,40.8,64.2,24.65,74.53,6.79,sweet_potato,Muriate of Potash (0-0-60)
48.3,22.9,72.3,27.53,65.52,6.62,cassava,Muriate of Potash (0-0-60)
29.3,24.1,20.6,29.83,89.61,5.18,rubber,Ammonium Sulfate (21-0-0)
119.9,71.1,48.5,31.54,81.73,5.54,banana,Muriate of Potash (0-0-60)
72.3,43.4,45.4,25.85,85.03,6.65,cacao,Complete (14-14-14)
53.3,22.5,66.2,31.28,68.52,6.16,cassava,Muriate of Potash (0-0-60)
89.7,99.1,49.0,25.59,81.88,6.42,banana,Muriate of Potash (0-0-60)
48.3,25.2,86.1,28.8,69.59,5.54,pineapple,Muriate of Potash (0-0-60)
99.4,18.2,26.5,24.83,77.21,5.59,coffee,Complete (14-14-14)
76.5,46.3,51.1,22.51,63.42,6.56,garlic,Complete (14-14-14)
83.5,45.4,60.4,20.54,66.65,6.8,garlic,Complete (14-14-14)
21.4,7.7,28.1,27.21,92.15,6.36,coconut,Muriate of Potash (0-0-60)
16.5,12.1,24.3,24.22,74.59,6.36,calamansi,Ammonium Sulfate (21-0-0)
86.6,47.9,45.2,29.82,75.76,6.29,eggplant,Complete (14-14-14)
28.6,31.7,39.9,25.09,62.99,6.5,peanut,Ammonium Phosphate (16-20-0)
24.4,47.3,23.9,30.71,68.44,6.21,mungbean,Ammonium Phosphate (16-20-0)
97.0,56.8,25.0,24.46,60.3,7.24,corn,Urea (46-0-0)
21.1,37.4,33.4,28.02,69.24,5.89,peanut,Ammonium Phosphate (16-20-0)
117.7,48.0,40.9,27.48,85.6,6.66,rice,Complete (14-14-14)
22.9,47.8,46.4,27.27,59.25,5.5,peanut,Ammonium Phosphate (16-20-0)
56.9,24.3,71.7,29.0,68.73,4.73,pineapple,Muriate of Potash (0-0-60)
42.2,41.7,42.0,29.32,68.7,6.35,okra,Complete (14-14-14)
104.3,79.5,46.5,26.96,75.82,6.44,banana,Muriate of Potash (0-0-60)
113.0,93.3,54.4,26.28,88.28,6.96,banana,Muriate of Potash (0-0-60)
70.8,41.2,75.9,21.95,71.82,6.62,tomato,Complete (14-14-14)
69.8,22.3,66.2,26.45,89.91,6.15,abaca,Complete (14-14-14)
23.5,11.6,30.0,29.09,89.38,5.4,coconut,Muriate of Potash (0-0-60)
108.4,85.8,52.4,26.56,89.16,5.66,banana,Muriate of Potash (0-0-60)
69.9,54.2,68.7,25.83,64.3,6.5,tomato,Complete (14-14-14)
21.6,10.9,22.0,28.73,73.99,5.89,calamansi,Ammonium Sulfate (21-0-0)
116.2,51.2,53.8,29.56,60.03,6.81,sugarcane,Urea (46-0-0)
22.9,10.1,27.7,31.88,93.45,7.92,coconut,Muriate of Potash (0-0-60)
68.7,42.8,54.3,23.1,56.71,6.17,garlic,Complete (14-14-14)
85.1,53.4,54.7,28.88,76.75,6.41,eggplant,Complete (14-14-14)
21.4,12.9,33.6,29.96,92.96,7.58,coconut,Muriate of Potash (0-0-60)
44.4,56.2,53.2,24.7,83.43,6.74,papaya,Complete (14-14-14)
50.0,26.9,64.5,25.39,66.72,5.27,cassava,Muriate of Potash (0-0-60)
27.2,21.5,35.6,29.73,88.45,5.07,rubber,Ammonium Sulfate (21-0-0)
41.0,28.1,85.2,24.78,63.07,5.86,sweet_potato,Muriate of Potash (0-0-60)
81.5,35.7,76.8,31.58,92.99,6.4,abaca,Complete (14-14-14)
16.7,10.6,22.9,25.07,82.63,5.67,calamansi,Ammonium Sulfate (21-0-0)
59.3,23.5,87.1,25.24,64.29,5.69,tobacco,Ammonium Sulfate (21-0-0)
25.2,15.4,29.1,33.02,68.0,7.01,mango,Complete (14-14-14)
106.9,53.3,55.6,27.66,62.1,7.43,sugarcane,Urea (46-0-0)
19.7,5.0,29.5,26.61,87.11,6.73,coconut,Muriate of Potash (0-0-60)
62.8,37.7,44.8,25.96,59.91,6.39,garlic,Complete (14-14-14)
99.7,22.0,30.4,20.47,64.11,6.21,coffee,Complete (14-14-14)
44.3,36.5,75.5,25.77,63.61,6.49,sweet_potato,Muriate of Potash (0-0-60)
23.1,7.8,26.6,26.4,82.57,6.99,coconut,Muriate of Potash (0-0-60)
120.5,51.6,39.3,27.35,75.41,7.03,sugarcane,Urea (46-0-0)
67.7,31.0,86.6,26.38,68.82,6.41,tobacco,Ammonium Sulfate (21-0-0)
15.1,18.3,16.2,30.02,84.91,6.29,calamansi,Ammonium Sulfate (21-0-0)
89.6,49.7,63.4,23.51,73.9,5.62,tomato,Complete (14-14-14)
96.2,87.8,51.3,27.67,82.56,6.16,banana,Muriate of Potash (0-0-60)
49.5,44.7,37.1,23.68,67.6,6.34,okra,Complete (14-14-14)
89.5,39.8,47.3,31.07,80.17,6.5,cacao,Complete (14-14-14)
57.1,31.6,71.6,29.56,65.76,5.08,cassava,Muriate of Potash (0-0-60)
116.4,51.2,46.1,32.03,72.11,5.84,sugarcane,Urea (46-0-0)
30.8,22.2,29.8,25.43,86.63,5.14,rubber,Ammonium Sulfate (21-0-0)
84.4,50.9,42.8,29.85,87.01,5.61,rice,Complete (14-14-14)
78.0,39.1,46.8,25.15,71.13,6.16,onion,Complete (14-14-14)
100.8,21.5,28.7,28.12,77.99,5.81,coffee,Complete (14-14-14)
17.4,11.3,17.2,31.9,73.94,5.9,calamansi,Ammonium Sulfate (21-0-0)
73.0,39.3,43.6,27.51,60.67,6.56,onion,Complete (14-14-14)
68.1,32.3,63.7,29.57,91.33,5.68,abaca,Complete (14-14-14)
119.5,78.4,52.4,26.49,80.74,6.85,banana,Muriate of Potash (0-0-60)
89.2,49.6,49.8,25.01,69.56,6.44,eggplant,Complete (14-14-14)
42.1,47.4,47.0,31.5,85.18,5.45,papaya,Complete (14-14-14)
25.1,36.3,42.6,28.98,67.94,5.82,peanut,Ammonium Phosphate (16-20-0)
57.7,24.3,61.5,24.62,66.0,4.91,pineapple,Muriate of Potash (0-0-60)
47.8,39.1,41.8,28.91,72.8,6.2,ampalaya,Complete (14-14-14)
106.7,86.7,48.8,31.78,77.69,6.25,banana,Muriate of Potash (0-0-60)
22.8,46.1,31.0,27.07,62.67,6.12,peanut,Ammonium Phosphate (16-20-0)
94.0,43.1,24.6,29.58,69.78,6.04,corn,Urea (46-0-0)
80.8,28.2,64.7,28.45,88.85,6.14,abaca,Complete (14-14-14)
44.3,48.6,46.3,30.22,77.7,6.35,ampalaya,Complete (14-14-14)
86.1,49.6,23.9,29.64,72.48,6.38,corn,Urea (46-0-0)
49.3,28.9,60.7,27.13,63.8,6.76,sweet_potato,Muriate of Potash (0-0-60)
56.7,31.2,89.1,32.0,64.44,6.53,cassava,Muriate of Potash (0-0-60)
42.0,27.5,77.7,27.21,67.05,5.82,cassava,Muriate of Potash (0-0-60)
76.7,43.3,46.2,24.79,87.13,6.19,cacao,Complete (14-14-14)
84.7,45.0,23.8,26.81,73.34,6.94,corn,Urea (46-0-0)
23.2,22.0,31.5,30.93,60.91,5.57,mango,Complete (14-14-14)
68.0,39.1,60.8,20.85,65.1,6.96,garlic,Complete (14-14-14)
79.2,40.8,23.4,30.32,68.07,6.18,corn,Urea (46-0-0)
92.6,55.3,23.5,28.58,66.13,6.76,corn,Urea (46-0-0)
52.0,46.5,48.6,31.82,69.35,6.44,okra,Complete (14-14-14)
25.2,10.9,30.1,25.13,92.12,7.36,coconut,Muriate of Potash (0-0-60)
16.6,19.9,30.7,26.87,62.89,6.17,mango,Complete (14-14-14)
104.8,44.1,57.6,31.0,62.79,6.54,sugarcane,Urea (46-0-0)
50.6,59.1,49.1,25.19,86.53,5.91,papaya,Complete (14-14-14)
78.0,46.3,63.6,24.02,75.07,5.79,tomato,Complete (14-14-14)
77.4,25.7,90.0,24.09,80.3,5.63,abaca,Complete (14-14-14)
17.9,15.8,24.0,27.78,77.75,6.23,calamansi,Ammonium Sulfate (21-0-0)
94.7,70.5,51.7,29.8,83.57,6.73,banana,Muriate of Potash (0-0-60)
15.2,32.9,50.4,24.59,65.86,6.81,peanut,Ammonium Phosphate (16-20-0)
19.9,5.4,30.0,28.09,94.2,5.46,coconut,Muriate of Potash (0-0-60)
55.3,23.6,62.1,28.05,70.34,5.71,pineapple,Muriate of Potash (0-0-60)
111.2,48.0,42.1,30.77,67.32,6.4,sugarcane,Urea (46-0-0)
48.0,58.2,47.0,27.31,71.86,6.11,papaya,Complete (14-14-14)
48.7,49.7,35.3,27.9,60.74,6.32,okra,Complete (14-14-14)
134.5,47.3,54.3,27.3,76.88,7.22,sugarcane,Urea (46-0-0)
69.2,47.9,43.2,30.68,87.06,6.02,cacao,Complete (14-14-14)
19.7,24.0,34.4,30.52,56.73,6.84,mango,Complete (14-14-14)
59.8,45.1,49.2,28.23,73.58,6.12,eggplant,Complete (14-14-14)
99.6,48.8,22.4,30.93,68.94,5.94,corn,Urea (46-0-0)
23.0,22.6,31.8,36.63,59.2,6.71,mango,Complete (14-14-14)
99.1,82.4,48.3,25.3,85.08,6.42,banana,Muriate of Potash (0-0-60)
16.4,46.8,20.1,27.89,61.66,6.53,mungbean,Ammonium Phosphate (16-20-0)
48.4,60.5,46.9,26.91,79.99,5.92,papaya,Complete (14-14-14)
53.1,30.2,62.0,30.16,58.51,5.58,cassava,Muriate of Potash (0-0-60)
55.7,31.7,44.5,31.83,60.8,6.29,okra,Complete (14-14-14)
102.6,19.6,33.2,20.94,63.75,6.22,coffee,Complete (14-14-14)
18.1,37.2,23.0,28.35,67.87,6.45,mungbean,Ammonium Phosphate (16-20-0)
51.6,34.8,78.2,29.13,58.27,6.27,tobacco,Ammonium Sulfate (21-0-0)
66.5,29.3,76.2,23.43,58.98,5.87,tobacco,Ammonium Sulfate (21-0-0)
108.9,48.5,54.0,29.74,72.46,6.07,sugarcane,Urea (46-0-0)
17.0,43.6,43.5,27.17,57.79,6.44,peanut,Ammonium Phosphate (16-20-0)
37.7,26.4,27.7,27.12,88.25,4.84,rubber,Ammonium Sulfate (21-0-0)
23.1,28.9,27.8,28.32,81.24,5.11,rubber,Ammonium Sulfate (21-0-0)
22.1,48.2,50.1,24.25,66.99,5.94,peanut,Ammonium Phosphate (16-20-0)
17.3,18.4,18.6,28.11,75.09,6.03,calamansi,Ammonium Sulfate (21-0-0)
15.6,32.7,26.8,24.67,71.68,6.3,mungbean,Ammonium Phosphate (16-20-0)
56.9,52.6,47.5,30.33,78.88,5.92,papaya,Complete (14-14-14)
36.0,19.9,28.8,31.55,74.26,4.62,rubber,Ammonium Sulfate (21-0-0)
43.6,39.7,81.5,26.24,55.85,5.77,tobacco,Ammonium Sulfate (21-0-0)
56.8,47.0,53.0,28.08,78.84,5.53,papaya,Complete (14-14-14)
70.9,45.8,41.4,26.62,83.0,6.65,cacao,Complete (14-14-14)
17.2,7.4,28.9,26.67,85.94,6.2,coconut,Muriate of Potash (0-0-60)
60.0,41.7,64.5,24.9,62.55,6.55,tomato,Complete (14-14-14)
70.0,44.0,43.7,27.14,89.83,6.14,cacao,Complete (14-14-14)
94.5,55.1,23.9,27.02,67.39,5.98,corn,Urea (46-0-0)
18.0,33.2,26.1,25.76,72.14,6.94,mungbean,Ammonium Phosphate (16-20-0)
88.4,43.5,22.0,28.85,75.08,6.33,corn,Urea (46-0-0)
34.8,17.9,34.0,27.82,77.45,5.31,rubber,Ammonium Sulfate (21-0-0)
18.5,47.8,38.8,27.62,68.39,5.76,peanut,Ammonium Phosphate (16-20-0)
55.6,30.0,62.0,25.11,68.86,6.23,tobacco,Ammonium Sulfate (21-0-0)
21.2,14.7,17.0,29.08,75.96,6.2,calamansi,Ammonium Sulfate (21-0-0)
67.5,46.6,84.6,20.87,60.25,6.17,tomato,Complete (14-14-14)
39.1,22.1,85.7,23.07,67.22,5.58,sweet_potato,Muriate of Potash (0-0-60)
17.5,40.4,29.9,28.06,68.27,6.56,mungbean,Ammonium Phosphate (16-20-0)
103.3,14.3,32.2,22.37,63.14,5.62,coffee,Complete (14-14-14)
78.2,57.4,40.6,24.83,89.29,5.83,rice,Complete (14-14-14)
56.8,33.0,42.0,28.27,67.85,6.5,okra,Complete (14-14-14)
27.1,16.9,29.4,31.51,80.07,4.88,rubber,Ammonium Sulfate (21-0-0)
118.3,48.3,55.8,28.85,65.25,6.66,sugarcane,Urea (46-0-0)
79.5,58.3,63.6,25.7,64.95,6.07,tomato,Complete (14-14-14)
19.7,50.9,30.2,25.38,67.86,6.4,peanut,Ammonium Phosphate (16-20-0)
23.2,16.0,18.0,30.36,78.15,5.73,calamansi,Ammonium Sulfate (21-0-0)
29.8,38.6,36.3,26.1,65.54,5.43,peanut,Ammonium Phosphate (16-20-0)
130.8,55.1,47.0,28.4,69.79,5.42,sugarcane,Urea (46-0-0)
97.4,29.6,28.8,23.76,72.4,5.35,coffee,Complete (14-14-14)
26.8,30.7,42.7,26.79,68.03,6.68,peanut,Ammonium Phosphate (16-20-0)
52.5,34.3,47.5,26.36,72.06,6.5,ampalaya,Complete (14-14-14)
38.6,39.5,73.3,24.46,73.74,5.99,sweet_potato,Muriate of Potash (0-0-60)
45.7,35.3,41.1,25.31,74.35,6.52,okra,Complete (14-14-14)
99.2,28.6,35.3,24.04,75.78,5.3,coffee,Complete (14-14-14)
82.3,34.6,55.1,28.35,85.72,6.17,cacao,Complete (14-14-14)
42.0,32.1,61.5,26.93,61.09,6.44,tobacco,Ammonium Sulfate (21-0-0)
43.5,46.3,46.8,30.62,79.53,6.56,ampalaya,Complete (14-14-14)
90.0,42.8,43.6,24.66,72.34,6.53,eggplant,Complete (14-14-14)
90.5,48.2,24.8,31.45,60.56,6.99,corn,Urea (46-0-0)
35.3,22.6,60.0,25.42,68.76,6.34,sweet_potato,Muriate of Potash (0-0-60)
29.4,41.8,49.9,25.68,68.59,5.67,peanut,Ammonium Phosphate (16-20-0)
15.4,20.2,26.4,35.03,50.95,6.87,mango,Complete (14-14-14)
68.2,29.4,41.2,30.31,81.82,6.84,cacao,Complete (14-14-14)
66.6,53.5,79.6,23.86,59.32,6.54,tomato,Complete (14-14-14)
15.0,35.0,21.3,26.56,69.77,6.77,mungbean,Ammonium Phosphate (16-20-0)
82.7,58.0,65.1,24.77,63.07,5.73,tomato,Complete (14-14-14)
98.9,17.9,32.1,26.59,67.02,6.06,coffee,Complete (14-14-14)
85.0,31.7,42.1,23.5,63.88,6.77,onion,Complete (14-14-14)
67.9,27.2,72.4,29.9,83.86,6.36,abaca,Complete (14-14-14)
65.3,38.2,66.4,27.76,84.39,6.1,abaca,Complete (14-14-14)
22.6,18.1,18.8,29.88,73.8,6.2,calamansi,Ammonium Sulfate (21-0-0)
15.1,45.6,26.8,29.39,71.76,6.3,mungbean,Ammonium Phosphate (16-20-0)
56.6,49.0,46.8,28.77,88.32,6.46,papaya,Complete (14-14-14)
38.5,34.3,68.3,21.66,62.07,6.65,sweet_potato,Muriate of Potash (0-0-60)
90.3,50.1,21.3,27.33,63.17,6.2,corn,Urea (46-0-0)
97.6,25.6,33.2,23.45,73.05,6.26,coffee,Complete (14-14-14)
18.2,11.0,15.7,25.68,72.99,5.94,calamansi,Ammonium Sulfate (21-0-0)
96.8,46.6,43.6,32.0,79.6,5.67,rice,Complete (14-14-14)
60.6,45.9,33.3,29.25,75.54,6.6,ampalaya,Complete (14-14-14)
24.6,48.1,22.9,26.02,65.07,6.5,mungbean,Ammonium Phosphate (16-20-0)
68.8,36.4,70.5,24.93,85.55,5.21,abaca,Complete (14-14-14)
40.3,34.7,72.0,25.77,64.94,5.12,cassava,Muriate of Potash (0-0-60)
79.7,52.2,51.7,27.09,67.09,6.08,eggplant,Complete (14-14-14)
48.1,31.4,81.2,23.83,61.68,5.66,sweet_potato,Muriate of Potash (0-0-60)
47.3,61.5,51.7,27.96,77.26,6.15,papaya,Complete (14-14-14)
113.2,56.9,42.0,24.97,86.03,6.7,rice,Complete (14-14-14)
46.5,29.0,88.0,25.52,73.74,6.02,sweet_potato,Muriate of Potash (0-0-60)
69.5,54.4,79.0,25.85,70.81,6.56,tomato,Complete (14-14-14)
21.8,31.9,35.0,25.33,64.04,6.06,peanut,Ammonium Phosphate (16-20-0)
33.3,36.4,83.8,23.51,68.53,6.03,sweet_potato,Muriate of Potash (0-0-60)
19.5,24.0,28.1,34.56,53.67,7.28,mango,Complete (14-14-14)
16.1,11.3,15.8,27.57,78.32,5.77,calamansi,Ammonium Sulfate (21-0-0)
59.8,47.7,53.1,32.86,87.46,5.79,papaya,Complete (14-14-14)
21.9,41.3,44.7,29.67,58.15,5.92,peanut,Ammonium Phosphate (16-20-0)
64.6,54.8,50.3,28.42,68.69,6.1,eggplant,Complete (14-14-14)
107.1,58.2,57.1,28.33,72.75,6.38,sugarcane,Urea (46-0-0)
23.6,9.7,33.0,30.26,91.04,5.29,coconut,Muriate of Potash (0-0-60)
41.9,22.7,72.0,27.09,77.43,5.27,pineapple,Muriate of Potash (0-0-60)
50.5,28.7,72.3,29.46,78.45,5.51,pineapple,Muriate of Potash (0-0-60)
91.8,34.9,55.4,25.71,58.25,6.32,onion,Complete (14-14-14)
99.7,16.6,31.2,27.13,77.13,5.59,coffee,Complete (14-14-14)
56.9,47.6,31.4,28.15,76.78,6.34,ampalaya,Complete (14-14-14)
72.4,35.6,58.4,25.71,59.13,6.9,onion,Complete (14-14-14)
87.4,47.5,40.9,30.06,79.79,5.75,rice,Complete (14-14-14)
14.7,16.0,32.9,35.02,60.3,5.86,mango,Complete (14-14-14)
58.5,50.1,46.9,24.95,75.13,6.55,okra,Complete (14-14-14)
58.1,15.1,73.5,29.52,79.33,5.92,pineapple,Muriate of Potash (0-0-60)
82.3,48.2,41.9,24.27,65.67,6.18,garlic,Complete (14-14-14)
90.6,35.3,65.0,27.78,83.79,6.07,abaca,Complete (14-14-14)
51.4,30.4,65.2,27.73,56.62,6.11,tobacco,Ammonium Sulfate (21-0-0)
77.9,32.0,80.7,30.48,87.29,5.97,abaca,Complete (14-14-14)
48.1,38.0,46.3,26.79,79.39,6.25,ampalaya,Complete (14-14-14)
22.2,23.4,22.3,27.85,88.58,4.77,rubber,Ammonium Sulfate (21-0-0)
57.4,40.9,43.3,28.3,74.81,6.23,ampalaya,Complete (14-14-14)
18.9,41.2,45.5,27.52,67.38,6.09,peanut,Ammonium Phosphate (16-20-0)
55.7,36.5,42.8,27.83,67.72,6.04,ampalaya,Complete (14-14-14)
95.1,16.5,34.7,25.01,77.81,4.98,coffee,Complete (14-14-14)
42.4,21.8,90.0,28.38,64.82,5.5,cassava,Muriate of Potash (0-0-60)
101.4,17.5,28.6,24.96,65.95,5.99,coffee,Complete (14-14-14)
48.1,31.2,45.8,25.32,74.09,6.1,okra,Complete (14-14-14)
19.1,39.4,50.8,27.49,64.62,6.82,peanut,Ammonium Phosphate (16-20-0)
49.5,21.1,84.8,29.23,69.95,5.59,pineapple,Muriate of Potash (0-0-60)
81.3,48.9,40.5,26.28,77.54,5.96,rice,Complete (14-14-14)
80.6,47.3,42.7,22.65,55.55,6.23,onion,Complete (14-14-14)
65.2,37.7,74.8,30.09,85.3,5.7,abaca,Complete (14-14-14)
52.6,32.9,77.3,24.8,58.08,5.63,tobacco,Ammonium Sulfate (21-0-0)
63.2,36.7,55.8,25.34,65.22,6.0,onion,Complete (14-14-14)
87.3,48.4,20.8,31.07,62.77,7.36,corn,Urea (46-0-0)
102.8,25.4,34.0,22.8,69.44,5.12,coffee,Complete (14-14-14)
96.5,81.4,46.9,30.15,75.99,6.68,banana,Muriate of Potash (0-0-60)
109.2,47.2,42.7,24.17,89.73,6.52,rice,Complete (14-14-14)
63.0,37.9,71.3,26.62,86.0,5.59,abaca,Complete (14-14-14)
66.3,40.6,39.8,26.94,71.0,5.71,eggplant,Complete (14-14-14)
23.7,13.0,15.4,27.91,75.29,5.61,calamansi,Ammonium Sulfate (21-0-0)
76.0,30.6,67.4,32.18,85.14,5.12,abaca,Complete (14-14-14)
124.4,43.1,51.3,30.04,77.84,6.68,sugarcane,Urea (46-0-0)
81.6,57.3,23.6,28.36,74.43,6.22,corn,Urea (46-0-0)
98.2,51.8,24.7,24.09,74.87,6.01,corn,Urea (46-0-0)
136.8,53.8,41.1,26.79,66.12,5.98,sugarcane,Urea (46-0-0)
137.6,53.9,41.4,31.73,65.27,6.4,sugarcane,Urea (46-0-0)
20.4,30.6,38.1,28.11,68.77,6.7,peanut,Ammonium Phosphate (16-20-0)
39.9,36.1,73.8,27.74,70.43,6.75,sweet_potato,Muriate of Potash (0-0-60)
63.7,40.6,65.7,22.31,71.36,5.6,tomato,Complete (14-14-14)
42.5,30.8,80.7,22.36,63.05,5.9,sweet_potato,Muriate of Potash (0-0-60)
84.7,48.7,59.2,20.75,63.24,6.28,garlic,Complete (14-14-14)
44.5,37.1,41.1,26.6,68.33,6.73,ampalaya,Complete (14-14-14)
50.7,50.4,47.3,27.99,73.79,6.81,ampalaya,Complete (14-14-14)
41.5,30.4,33.7,27.29,70.61,6.33,ampalaya,Complete (14-14-14)
68.2,51.2,78.4,21.07,72.17,6.23,tomato,Complete (14-14-14)
30.2,22.7,28.0,27.6,80.96,5.01,rubber,Ammonium Sulfate (21-0-0)
102.5,69.8,51.1,27.93,83.56,6.09,banana,Muriate of Potash (0-0-60)
127.9,56.8,48.7,28.46,63.21,6.23,sugarcane,Urea (46-0-0)
69.1,41.1,53.1,27.08,71.93,5.62,eggplant,Complete (14-14-14)
25.7,45.0,42.0,27.62,58.99,5.88,peanut,Ammonium Phosphate (16-20-0)
86.5,32.9,40.7,27.65,83.34,6.01,cacao,Complete (14-14-14)
46.3,32.4,43.1,31.43,79.36,6.31,ampalaya,Complete (14-14-14)
22.7,37.2,35.0,27.68,68.92,5.85,peanut,Ammonium Phosphate (16-20-0)
96.4,51.6,40.6,28.41,84.52,6.3,rice,Complete (14-14-14)
38.8,28.9,24.9,23.86,78.75,5.48,rubber,Ammonium Sulfate (21-0-0)
97.2,19.4,28.8,26.15,75.35,5.7,coffee,Complete (14-14-14)
48.1,38.9,80.7,27.54,59.6,5.75,tobacco,Ammonium Sulfate (21-0-0)
105.9,57.5,42.8,27.32,86.71,6.54,rice,Complete (14-14-14)
56.6,50.9,35.8,29.08,72.36,6.27,ampalaya,Complete (14-14-14)
29.6,24.6,22.9,28.16,87.71,5.36,rubber,Ammonium Sulfate (21-0-0)
41.5,38.6,47.2,29.28,70.87,6.25,ampalaya,Complete (14-14-14)
92.5,56.3,20.8,29.0,61.31,7.25,corn,Urea (46-0-0)
58.6,24.5,60.1,23.86,68.86,5.94,tobacco,Ammonium Sulfate (21-0-0)
86.9,23.8,88.0,27.63,83.96,6.12,abaca,Complete (14-14-14)
44.5,38.9,46.2,26.72,74.18,6.06,ampalaya,Complete (14-14-14)
71.4,55.2,59.6,26.12,67.42,5.64,eggplant,Complete (14-14-14)
56.7,23.4,75.8,28.04,63.99,5.89,cassava,Muriate of Potash (0-0-60)
54.7,25.4,65.4,26.55,78.96,5.16,pineapple,Muriate of Potash (0-0-60)
59.0,63.3,49.5,26.89,71.86,6.26,papaya,Complete (14-14-14)
111.0,43.7,40.7,24.68,75.12,5.72,rice,Complete (14-14-14)
21.3,18.2,21.8,27.0,82.54,5.45,calamansi,Ammonium Sulfate (21-0-0)
20.0,14.0,14.6,29.39,83.34,5.62,calamansi,Ammonium Sulfate (21-0-0)
23.9,6.4,26.4,31.09,80.44,6.63,coconut,Muriate of Potash (0-0-60)
115.6,57.3,41.4,24.97,71.86,5.86,sugarcane,Urea (46-0-0)
25.9,47.1,45.0,27.29,57.31,6.45,peanut,Ammonium Phosphate (16-20-0)
20.6,19.6,34.4,34.54,52.89,6.12,mango,Complete (14-14-14)
90.5,52.2,41.9,24.91,79.41,6.27,rice,Complete (14-14-14)
104.3,17.1,34.9,23.47,78.25,5.53,coffee,Complete (14-14-14)
67.1,24.8,71.9,28.65,84.09,5.99,abaca,Complete (14-14-14)
76.9,47.8,79.0,24.13,63.43,6.06,tomato,Complete (14-14-14)
14.9,5.7,31.0,25.21,80.81,5.8,coconut,Muriate of Potash (0-0-60)
43.0,45.5,38.5,27.1,69.31,6.28,okra,Complete (14-14-14)
40.4,27.4,81.0,27.01,62.79,6.55,sweet_potato,Muriate of Potash (0-0-60)
109.3,98.2,47.0,26.34,86.02,5.66,banana,Muriate of Potash (0-0-60)
54.2,22.5,86.3,25.58,71.54,5.16,pineapple,Muriate of Potash (0-0-60)
44.9,29.7,69.6,28.08,60.41,5.62,cassava,Muriate of Potash (0-0-60)
52.0,46.5,33.3,30.91,70.58,6.12,okra,Complete (14-14-14)
90.1,85.3,48.9,30.0,87.83,6.32,banana,Muriate of Potash (0-0-60)
97.4,48.4,22.9,24.09,63.95,5.88,corn,Urea (46-0-0)
40.7,47.9,44.8,24.52,64.6,6.76,okra,Complete (14-14-14)
43.3,19.3,81.8,26.33,63.74,5.74,sweet_potato,Muriate of Potash (0-0-60)
42.7,63.9,47.0,27.31,81.93,6.43,papaya,Complete (14-14-14)
85.7,34.3,84.5,28.78,93.23,5.19,abaca,Complete (14-14-14)
45.9,32.3,72.6,32.25,64.21,6.54,cassava,Muriate of Potash (0-0-60)
97.8,51.3,21.0,24.96,73.67,6.84,corn,Urea (46-0-0)
83.5,46.6,82.6,26.99,64.35,6.63,tomato,Complete (14-14-14)
87.5,46.0,38.8,23.04,66.73,6.62,eggplant,Complete (14-14-14)
53.0,25.1,62.3,30.35,70.32,6.29,cassava,Muriate of Potash (0-0-60)
48.5,48.7,50.0,31.32,70.39,6.58,okra,Complete (14-14-14)
67.6,27.9,66.2,23.66,56.99,5.68,tobacco,Ammonium Sulfate (21-0-0)
40.7,38.5,30.8,30.66,67.06,6.25,okra,Complete (14-14-14)
79.0,39.3,55.2,21.55,63.74,6.15,onion,Complete (14-14-14)
57.4,38.5,84.6,27.22,64.66,6.4,tobacco,Ammonium Sulfate (21-0-0)
52.7,49.6,53.0,25.31,75.75,5.78,papaya,Complete (14-14-14)
57.3,33.3,45.1,26.42,72.53,6.66,ampalaya,Complete (14-14-14)
70.2,36.8,78.5,25.79,61.88,6.41,tobacco,Ammonium Sulfate (21-0-0)
39.5,32.4,74.4,25.04,65.36,5.79,tobacco,Ammonium Sulfate (21-0-0)
16.6,36.6,24.1,29.07,62.24,6.86,mungbean,Ammonium Phosphate (16-20-0)
55.1,41.6,39.6,25.74,67.0,6.09,okra,Complete (14-14-14)
24.9,12.8,21.3,26.98,77.59,6.33,calamansi,Ammonium Sulfate (21-0-0)
68.7,34.4,50.1,22.45,57.35,6.25,onion,Complete (14-14-14)
71.5,32.4,65.3,30.09,93.54,5.98,abaca,Complete (14-14-14)
68.9,42.5,52.9,25.79,60.49,6.24,onion,Complete (14-14-14)
96.3,92.6,50.8,28.13,84.33,5.72,banana,Muriate of Potash (0-0-60)
56.4,49.9,47.6,33.43,82.13,6.52,papaya,Complete (14-14-14)
35.4,22.4,20.6,28.11,82.45,5.43,rubber,Ammonium Sulfate (21-0-0)
50.9,44.5,46.0,27.65,74.35,6.46,ampalaya,Complete (14-14-14)
104.1,99.5,46.2,31.44,75.35,5.64,banana,Muriate of Potash (0-0-60)
86.3,39.2,59.8,24.97,77.38,5.75,eggplant,Complete (14-14-14)
73.6,46.6,41.6,22.3,74.13,6.11,eggplant,Complete (14-14-14)
14.6,6.3,32.8,26.89,78.98,6.9,coconut,Muriate of Potash (0-0-60)
19.6,46.8,24.5,28.83,66.81,6.49,mungbean,Ammonium Phosphate (16-20-0)
62.1,32.1,89.0,30.76,82.44,6.32,abaca,Complete (14-14-14)
90.4,40.2,46.1,24.37,58.08,6.39,garlic,Complete (14-14-14)
99.0,92.6,45.4,27.49,87.36,5.82,banana,Muriate of Potash (0-0-60)
32.1,24.6,31.4,28.0,81.85,5.89,rubber,Ammonium Sulfate (21-0-0)
20.6,39.2,20.9,28.45,67.45,6.73,mungbean,Ammonium Phosphate (16-20-0)
79.7,24.2,60.7,29.82,84.96,5.22,abaca,Complete (14-14-14)
24.1,16.2,26.6,32.29,63.69,5.53,mango,Complete (14-14-14)
74.9,24.6,69.7,29.83,80.68,5.58,abaca,Complete (14-14-14)
104.4,87.1,49.1,28.67,74.75,6.63,banana,Muriate of Potash (0-0-60)
53.0,21.8,75.1,25.45,74.57,4.8,pineapple,Muriate of Potash (0-0-60)
44.0,33.3,44.5,29.63,71.86,6.56,ampalaya,Complete (14-14-14)
66.8,38.1,49.9,24.53,81.76,6.84,cacao,Complete (14-14-14)
78.8,37.6,73.1,26.02,81.67,5.03,abaca,Complete (14-14-14)
16.0,9.8,25.3,26.45,82.64,5.87,calamansi,Ammonium Sulfate (21-0-0)
24.1,34.7,29.6,25.02,71.84,6.93,mungbean,Ammonium Phosphate (16-20-0)
71.9,33.7,45.9,27.65,83.13,6.1,cacao,Complete (14-14-14)
110.0,22.7,31.7,20.08,77.2,6.15,coffee,Complete (14-14-14)
43.5,20.7,76.4,32.16,69.28,6.53,cassava,Muriate of Potash (0-0-60)
49.8,33.6,42.6,25.56,69.99,6.61,okra,Complete (14-14-14)
59.0,25.8,63.3,28.97,59.04,5.66,cassava,Muriate of Potash (0-0-60)
87.1,57.4,76.6,26.44,63.78,5.77,tomato,Complete (14-14-14)
49.9,55.7,49.6,30.79,87.28,6.37,papaya,Complete (14-14-14)
15.9,15.9,22.1,28.58,81.57,5.68,calamansi,Ammonium Sulfate (21-0-0)
83.5,53.3,24.3,27.13,64.18,5.73,corn,Urea (46-0-0)
68.2,37.1,47.1,28.81,78.04,6.67,cacao,Complete (14-14-14)
21.7,16.7,17.7,30.2,84.94,6.11,calamansi,Ammonium Sulfate (21-0-0)
56.5,26.7,82.1,29.8,66.05,5.79,cassava,Muriate of Potash (0-0-60)
116.4,79.4,50.0,28.19,79.42,5.51,banana,Muriate of Potash (0-0-60)
58.5,26.6,63.5,26.36,54.58,5.31,cassava,Muriate of Potash (0-0-60)
20.1,21.6,27.3,27.09,66.53,6.63,mango,Complete (14-14-14)
70.6,34.9,45.0,31.17,77.49,6.13,cacao,Complete (14-14-14)
17.3,49.0,22.1,31.42,60.8,6.91,mungbean,Ammonium Phosphate (16-20-0)
71.6,26.4,70.0,25.37,94.83,6.12,abaca,Complete (14-14-14)
24.7,31.3,31.6,29.53,68.42,5.84,peanut,Ammonium Phosphate (16-20-0)
64.1,49.9,54.8,21.84,64.55,6.63,garlic,Complete (14-14-14)
82.2,44.2,25.1,27.85,65.07,7.09,corn,Urea (46-0-0)
63.6,42.2,42.6,25.3,67.32,6.95,garlic,Complete (14-14-14)
49.3,55.7,50.2,27.35,87.4,6.7,papaya,Complete (14-14-14)
18.0,18.4,21.8,31.92,70.84,5.74,calamansi,Ammonium Sulfate (21-0-0)
81.9,43.1,56.5,24.09,69.28,6.29,onion,Complete (14-14-14)
22.3,10.1,16.4,30.14,76.8,6.29,calamansi,Ammonium Sulfate (21-0-0)
28.1,22.1,29.7,27.01,89.62,5.01,rubber,Ammonium Sulfate (21-0-0)
78.0,38.7,42.2,25.35,55.15,6.3,garlic,Complete (14-14-14)
94.4,28.1,26.3,24.72,64.89,5.3,coffee,Complete (14-14-14)
46.6,31.7,82.7,22.85,74.53,5.61,sweet_potato,Muriate of Potash (0-0-60)
55.7,47.1,41.8,25.2,66.95,6.53,ampalaya,Complete (14-14-14)
75.3,43.0,53.3,25.13,78.07,5.61,cacao,Complete (14-14-14)
17.1,41.9,21.9,27.38,70.67,5.99,mungbean,Ammonium Phosphate (16-20-0)
115.5,49.4,43.3,29.87,76.24,5.77,rice,Complete (14-14-14)
48.3,34.6,30.9,31.73,62.49,6.51,okra,Complete (14-14-14)
80.9,48.8,67.9,22.7,72.4,5.77,tomato,Complete (14-14-14)
103.2,27.9,28.4,25.9,64.02,6.34,coffee,Complete (14-14-14)
20.8,20.8,31.4,32.48,56.05,5.91,mango,Complete (14-14-14)
68.2,43.6,82.5,21.13,69.58,5.63,tomato,Complete (14-14-14)
91.7,51.1,23.4,29.07,67.05,6.07,corn,Urea (46-0-0)
78.2,41.6,43.1,25.94,87.73,6.0,cacao,Complete (14-14-14)
107.2,74.5,45.6,28.23,88.46,6.79,banana,Muriate of Potash (0-0-60)
21.0,13.7,15.6,29.4,83.15,6.27,calamansi,Ammonium Sulfate (21-0-0)
16.5,42.3,21.7,30.44,68.58,6.86,mungbean,Ammonium Phosphate (16-20-0)
25.0,41.8,37.5,28.71,58.86,5.67,peanut,Ammonium Phosphate (16-20-0)
20.8,18.5,29.9,31.32,90.28,5.71,rubber,Ammonium Sulfate (21-0-0)
87.3,53.0,40.5,26.81,85.95,5.88,rice,Complete (14-14-14)
34.6,23.5,31.9,30.47,80.42,5.14,rubber,Ammonium Sulfate (21-0-0)
16.9,10.8,31.9,31.15,88.83,5.26,coconut,Muriate of Potash (0-0-60)
76.0,48.1,56.1,22.64,69.3,5.7,eggplant,Complete (14-14-14)
55.5,31.0,31.9,26.07,72.36,6.25,ampalaya,Complete (14-14-14)
45.5,31.4,60.3,25.72,72.77,6.71,sweet_potato,Muriate of Potash (0-0-60)
77.6,46.2,49.1,24.33,70.01,6.59,eggplant,Complete (14-14-14)
83.5,44.4,53.3,26.96,79.34,6.19,eggplant,Complete (14-14-14)
87.1,32.4,53.6,25.1,85.61,6.4,cacao,Complete (14-14-14)
43.3,25.0,86.2,24.25,66.3,5.28,pineapple,Muriate of Potash (0-0-60)
50.9,23.6,72.7,25.82,76.69,4.79,pineapple,Muriate of Potash (0-0-60)
85.8,52.5,22.2,25.48,66.69,6.76,corn,Urea (46-0-0)
72.1,31.0,45.5,26.68,56.72,6.28,garlic,Complete (14-14-14)
17.6,6.8,25.1,26.91,85.17,7.68,coconut,Muriate of Potash (0-0-60)
65.8,23.0,75.8,29.41,88.5,6.13,abaca,Complete (14-14-14)
44.7,46.0,49.2,24.56,67.77,6.62,okra,Complete (14-14-14)
40.5,64.1,48.8,30.27,71.09,5.83,papaya,Complete (14-14-14)
35.2,21.0,86.3,27.4,69.91,6.53,sweet_potato,Muriate of Potash (0-0-60)
49.5,18.2,81.6,28.96,74.22,4.58,pineapple,Muriate of Potash (0-0-60)
90.5,46.1,22.0,31.56,62.76,7.04,corn,Urea (46-0-0)
137.6,49.7,50.4,35.23,66.45,6.09,sugarcane,Urea (46-0-0)
88.6,34.1,83.6,27.12,86.24,6.05,abaca,Complete (14-14-14)
45.6,50.7,35.4,28.48,62.12,6.13,okra,Complete (14-14-14)
134.7,59.7,44.2,30.83,71.46,6.78,sugarcane,Urea (46-0-0)
89.0,58.3,54.6,24.91,71.67,6.36,eggplant,Complete (14-14-14)
83.3,48.3,44.3,23.45,71.1,6.26,eggplant,Complete (14-14-14)
56.0,16.3,83.8,28.85,75.75,5.62,pineapple,Muriate of Potash (0-0-60)
15.5,33.1,34.5,26.37,57.76,5.58,peanut,Ammonium Phosphate (16-20-0)
98.0,72.9,47.6,26.67,87.28,5.65,banana,Muriate of Potash (0-0-60)
54.0,17.2,62.0,26.01,67.11,5.41,pineapple,Muriate of Potash (0-0-60)
51.1,33.0,72.5,23.18,56.31,5.89,tobacco,Ammonium Sulfate (21-0-0)
80.9,52.9,43.8,28.02,64.78,6.05,eggplant,Complete (14-14-14)
84.7,44.3,52.5,20.48,65.92,6.34,onion,Complete (14-14-14)
84.3,43.5,57.8,30.33,85.87,5.62,cacao,Complete (14-14-14)
59.0,32.5,73.2,24.47,69.94,5.76,tobacco,Ammonium Sulfate (21-0-0)
54.3,39.2,65.6,25.44,58.11,6.8,cassava,Muriate of Potash (0-0-60)
21.8,45.7,41.5,26.57,54.81,6.22,peanut,Ammonium Phosphate (16-20-0)
64.5,48.0,50.0,28.84,79.09,6.55,eggplant,Complete (14-14-14)
22.2,15.8,31.3,28.42,67.46,5.64,mango,Complete (14-14-14)
83.6,44.2,48.6,27.49,62.73,6.47,onion,Complete (14-14-14)
88.8,49.2,21.9,31.08,73.99,6.16,corn,Urea (46-0-0)
62.5,47.2,46.4,22.52,68.24,6.83,garlic,Complete (14-14-14)
57.2,44.0,44.7,27.0,68.03,6.29,okra,Complete (14-14-14)
131.4,50.1,44.4,24.78,65.44,7.34,sugarcane,Urea (46-0-0)
107.6,22.2,33.3,23.16,77.54,5.65,coffee,Complete (14-14-14)
20.0,17.8,25.3,28.84,61.08,7.06,mango,Complete (14-14-14)
24.1,32.5,22.6,25.84,64.8,6.5,mungbean,Ammonium Phosphate (16-20-0)
19.5,12.2,33.8,30.19,84.04,6.67,coconut,Muriate of Potash (0-0-60)
122.1,47.8,42.4,30.03,77.64,6.55,sugarcane,Urea (46-0-0)
85.3,49.4,44.7,26.29,80.38,6.64,rice,Complete (14-14-14)
20.7,17.9,20.1,31.91,73.65,5.97,calamansi,Ammonium Sulfate (21-0-0)
36.5,20.5,24.4,24.52,82.67,4.94,rubber,Ammonium Sulfate (21-0-0)
81.0,45.9,22.4,25.57,72.85,7.28,corn,Urea (46-0-0)
77.8,55.3,40.2,29.55,70.75,6.1,eggplant,Complete (14-14-14)
81.5,59.6,86.1,22.34,70.87,6.39,tomato,Complete (14-14-14)
24.1,15.0,17.8,27.2,73.92,6.31,calamansi,Ammonium Sulfate (21-0-0)
76.9,43.0,49.6,24.31,63.73,6.63,garlic,Complete (14-14-14)
25.0,12.3,25.8,30.91,74.75,6.04,calamansi,Ammonium Sulfate (21-0-0)
105.6,20.1,30.6,26.29,76.49,6.0,coffee,Complete (14-14-14)
22.4,50.8,22.4,29.66,69.39,6.83,mungbean,Ammonium Phosphate (16-20-0)
57.0,47.1,40.0,31.55,60.15,6.2,okra,Complete (14-14-14)
19.9,10.0,25.4,25.62,91.6,5.79,coconut,Muriate of Potash (0-0-60)
40.9,30.2,38.4,29.21,62.82,6.23,okra,Complete (14-14-14)
71.6,40.2,42.9,26.55,59.67,6.24,onion,Complete (14-14-14)
19.5,44.8,21.3,27.52,70.28,6.67,mungbean,Ammonium Phosphate (16-20-0)
82.6,38.0,81.1,29.17,90.3,5.15,abaca,Complete (14-14-14)
68.7,57.0,52.5,29.89,66.84,5.82,eggplant,Complete (14-14-14)
18.6,34.3,28.1,32.31,65.88,6.85,mungbean,Ammonium Phosphate (16-20-0)
86.8,48.4,50.2,24.42,57.43,6.02,garlic,Complete (14-14-14)
20.0,18.2,16.2,26.86,73.94,6.09,calamansi,Ammonium Sulfate (21-0-0)
60.0,51.9,46.8,27.5,83.59,6.48,papaya,Complete (14-14-14)
118.1,74.4,53.2,31.24,75.86,6.37,banana,Muriate of Potash (0-0-60)
106.9,89.1,46.9,27.02,88.71,6.54,banana,Muriate of Potash (0-0-60)
47.1,47.7,44.1,31.36,70.33,6.82,okra,Complete (14-14-14)
42.3,34.0,84.6,25.14,62.29,5.95,tobacco,Ammonium Sulfate (21-0-0)
43.8,25.7,81.1,21.79,70.47,6.29,sweet_potato,Muriate of Potash (0-0-60)
62.8,20.5,86.3,30.12,85.61,5.67,abaca,Complete (14-14-14)
101.0,24.5,30.9,26.35,74.31,6.04,coffee,Complete (14-14-14)
62.7,43.2,73.4,24.0,65.47,6.29,tomato,Complete (14-14-14)
97.6,75.6,48.4,26.21,76.62,6.8,banana,Muriate of Potash (0-0-60)
24.7,37.9,25.6,26.92,74.53,7.06,mungbean,Ammonium Phosphate (16-20-0)
105.0,78.5,51.0,26.44,81.83,6.04,banana,Muriate of Potash (0-0-60)
17.8,18.3,19.2,30.09,77.83,6.23,calamansi,Ammonium Sulfate (21-0-0)
103.4,55.0,42.0,30.05,88.03,5.81,rice,Complete (14-14-14)
89.2,43.9,40.3,30.91,75.99,6.09,cacao,Complete (14-14-14)
89.1,40.3,22.6,28.66,72.97,6.52,corn,Urea (46-0-0)
18.2,14.9,33.0,28.77,95.45,6.27,coconut,Muriate of Potash (0-0-60)
43.2,44.0,49.1,29.34,72.82,6.14,okra,Complete (14-14-14)
50.3,56.6,46.2,28.49,85.03,5.55,papaya,Complete (14-14-14)
62.1,24.7,66.7,26.26,92.56,5.16,abaca,Complete (14-14-14)
18.7,14.7,33.8,29.02,92.33,7.7,coconut,Muriate of Potash (0-0-60)
63.8,47.9,45.6,25.33,76.17,6.56,cacao,Complete (14-14-14)
91.1,45.1,23.9,28.61,69.62,6.21,corn,Urea (46-0-0)
99.5,89.4,53.9,29.98,76.29,6.99,banana,Muriate of Potash (0-0-60)
15.9,17.3,31.3,27.6,62.85,7.08,mango,Complete (14-14-14)
51.3,32.6,37.6,31.07,68.64,6.17,ampalaya,Complete (14-14-14)
43.8,36.0,38.0,32.1,62.06,6.6,okra,Complete (14-14-14)
48.4,27.8,66.9,24.33,77.71,5.63,pineapple,Muriate of Potash (0-0-60)
92.2,58.4,19.8,25.82,60.06,5.88,corn,Urea (46-0-0)
86.9,50.7,20.5,31.12,71.75,7.47,corn,Urea (46-0-0)
56.2,17.3,72.4,29.76,72.39,5.13,pineapple,Muriate of Potash (0-0-60)
23.4,10.2,29.1,29.63,87.48,5.74,coconut,Muriate of Potash (0-0-60)
99.7,19.7,26.4,25.24,59.24,6.52,coffee,Complete (14-14-14)
43.9,32.9,89.4,26.14,62.32,5.75,tobacco,Ammonium Sulfate (21-0-0)
91.4,44.2,50.5,28.02,66.29,6.28,onion,Complete (14-14-14)
103.7,89.8,53.3,29.68,83.54,6.36,banana,Muriate of Potash (0-0-60)
16.5,32.5,23.6,29.99,66.64,6.69,mungbean,Ammonium Phosphate (16-20-0)
53.3,42.4,50.3,27.7,65.41,6.49,ampalaya,Complete (14-14-14)
17.1,15.0,23.3,29.71,69.45,5.9,calamansi,Ammonium Sulfate (21-0-0)
84.2,37.8,42.5,26.12,66.17,6.26,onion,Complete (14-14-14)
107.4,28.1,25.7,24.23,69.5,6.1,coffee,Complete (14-14-14)
64.5,37.9,42.9,30.13,77.26,5.51,cacao,Complete (14-14-14)
91.5,45.4,21.3,31.36,71.6,6.1,corn,Urea (46-0-0)
46.2,22.8,64.2,23.78,75.82,5.57,pineapple,Muriate of Potash (0-0-60)
77.4,32.7,61.1,28.08,85.37,5.98,abaca,Complete (14-14-14)
41.0,19.5,80.7,24.34,69.16,5.61,pineapple,Muriate of Potash (0-0-60)
44.4,48.7,46.7,25.16,73.23,6.09,okra,Complete (14-14-14)
52.4,45.6,40.4,29.86,65.82,6.37,okra,Complete (14-14-14)
21.0,18.3,29.4,32.3,63.58,7.31,mango,Complete (14-14-14)
95.9,53.9,41.0,30.55,85.34,6.14,rice,Complete (14-14-14)
56.3,45.9,45.9,30.85,64.9,6.56,okra,Complete (14-14-14)
133.0,53.2,51.0,27.25,66.76,6.51,sugarcane,Urea (46-0-0)
18.8,47.5,23.9,31.04,67.14,6.23,mungbean,Ammonium Phosphate (16-20-0)
93.1,51.3,43.2,30.25,75.05,6.62,rice,Complete (14-14-14)
21.1,19.4,16.0,29.36,74.14,6.42,calamansi,Ammonium Sulfate (21-0-0)
51.2,50.7,55.0,31.92,89.59,6.61,papaya,Complete (14-14-14)
46.6,29.0,59.7,25.09,77.95,5.02,pineapple,Muriate of Potash (0-0-60)
22.3,10.9,27.2,27.71,88.74,6.62,coconut,Muriate of Potash (0-0-60)
44.9,36.5,63.4,29.25,55.85,6.13,cassava,Muriate of Potash (0-0-60)
54.0,18.0,78.7,24.52,73.37,5.02,pineapple,Muriate of Potash (0-0-60)
24.5,10.9,26.8,26.0,88.35,5.65,coconut,Muriate of Potash (0-0-60)
80.0,38.5,44.3,27.48,78.97,6.07,cacao,Complete (14-14-14)
48.0,47.6,37.1,30.66,67.13,6.21,okra,Complete (14-14-14)
45.6,39.7,65.4,27.86,67.47,5.75,sweet_potato,Muriate of Potash (0-0-60)
61.2,46.2,29.7,27.61,67.34,6.55,okra,Complete (14-14-14)
39.4,62.3,51.9,29.25,74.85,5.75,papaya,Complete (14-14-14)
78.3,37.2,55.0,25.98,75.98,5.57,cacao,Complete (14-14-14)
16.2,47.4,21.7,26.35,63.33,6.3,mungbean,Ammonium Phosphate (16-20-0)
49.9,49.7,46.1,32.6,88.75,6.74,papaya,Complete (14-14-14)
52.7,41.5,33.9,29.05,73.34,6.25,okra,Complete (14-14-14)
20.2,12.5,33.6,28.83,92.69,5.25,coconut,Muriate of Potash (0-0-60)
20.5,19.2,29.8,31.05,64.1,5.44,mango,Complete (14-14-14)
83.8,30.6,48.5,23.66,59.03,6.84,onion,Complete (14-14-14)
47.2,39.3,76.7,24.05,58.53,5.66,tobacco,Ammonium Sulfate (21-0-0)
90.3,31.1,42.2,23.77,56.91,6.27,onion,Complete (14-14-14)
109.5,68.8,44.8,27.45,79.56,6.15,banana,Muriate of Potash (0-0-60)
18.4,43.1,26.6,25.66,67.1,6.3,mungbean,Ammonium Phosphate (16-20-0)
47.9,40.4,32.8,29.8,61.12,6.26,okra,Complete (14-14-14)
19.2,24.2,32.2,34.84,50.3,6.79,mango,Complete (14-14-14)
21.7,16.5,25.8,32.61,64.06,5.87,mango,Complete (14-14-14)
141.6,55.1,41.8,29.21,74.35,6.22,sugarcane,Urea (46-0-0)
47.9,29.0,81.0,28.19,64.23,5.04,pineapple,Muriate of Potash (0-0-60)
29.4,29.6,24.3,27.7,90.18,5.11,rubber,Ammonium Sulfate (21-0-0)
88.0,35.4,61.0,27.61,56.7,6.41,garlic,Complete (14-14-14)
21.9,20.5,26.4,35.48,66.74,6.58,mango,Complete (14-14-14)
44.9,39.4,36.9,31.56,66.57,6.2,okra,Complete (14-14-14)
70.8,41.2,49.3,25.03,80.45,6.37,eggplant,Complete (14-14-14)
22.5,10.6,25.7,30.14,93.7,7.66,coconut,Muriate of Potash (0-0-60)
77.6,44.7,62.3,23.96,65.64,6.05,tomato,Complete (14-14-14)
41.4,28.1,67.9,23.8,62.92,5.96,sweet_potato,Muriate of Potash (0-0-60)
22.5,12.8,20.8,30.78,82.83,5.78,calamansi,Ammonium Sulfate (21-0-0)
72.2,58.5,89.8,26.45,67.19,5.65,tomato,Complete (14-14-14)
111.3,51.8,42.5,26.83,85.45,5.46,rice,Complete (14-14-14)
57.3,25.3,82.3,24.01,69.0,5.55,tobacco,Ammonium Sulfate (21-0-0)
93.8,55.5,41.8,25.41,88.25,6.19,rice,Complete (14-14-14)
29.1,46.3,40.0,27.1,61.2,5.84,peanut,Ammonium Phosphate (16-20-0)
84.9,42.7,23.4,29.16,61.11,6.09,corn,Urea (46-0-0)
54.0,19.3,70.4,28.12,69.07,5.61,pineapple,Muriate of Potash (0-0-60)
81.6,47.4,47.3,27.62,75.03,6.05,cacao,Complete (14-14-14)
76.0,40.4,75.7,20.64,67.25,6.48,tomato,Complete (14-14-14)
98.6,44.3,42.1,28.48,78.23,6.94,rice,Complete (14-14-14)
15.1,42.8,36.1,26.9,62.91,6.04,peanut,Ammonium Phosphate (16-20-0)
20.1,14.0,20.3,26.96,73.13,6.42,calamansi,Ammonium Sulfate (21-0-0)
18.1,10.0,22.9,29.5,77.05,5.87,calamansi,Ammonium Sulfate (21-0-0)
44.8,34.9,47.4,26.53,68.87,6.53,okra,Complete (14-14-14)
82.2,54.7,62.4,23.46,75.13,5.74,tomato,Complete (14-14-14)
110.4,40.2,60.4,29.84,74.24,6.09,sugarcane,Urea (46-0-0)
64.6,49.1,38.9,23.47,68.67,6.96,onion,Complete (14-14-14)
58.7,28.6,84.8,26.6,61.1,6.22,tobacco,Ammonium Sulfate (21-0-0)
51.2,62.2,46.1,32.96,82.47,5.98,papaya,Complete (14-14-14)
59.7,47.9,45.4,29.26,71.73,6.42,okra,Complete (14-14-14)
22.7,23.9,32.5,27.46,84.81,4.6,rubber,Ammonium Sulfate (21-0-0)
115.8,100.1,45.2,26.22,76.68,6.92,banana,Muriate of Potash (0-0-60)
91.7,15.4,34.2,24.57,72.08,5.67,coffee,Complete (14-14-14)
56.2,37.7,48.3,27.85,67.62,6.75,okra,Complete (14-14-14)
40.2,25.3,79.6,26.23,54.68,6.02,cassava,Muriate of Potash (0-0-60)
49.8,36.2,82.2,28.98,67.35,6.72,cassava,Muriate of Potash (0-0-60)
47.4,31.5,79.4,26.79,64.99,5.82,tobacco,Ammonium Sulfate (21-0-0)
19.9,31.4,24.3,30.74,66.33,6.63,mungbean,Ammonium Phosphate (16-20-0)
18.7,14.7,18.9,26.06,73.86,5.86,calamansi,Ammonium Sulfate (21-0-0)
82.5,52.4,73.2,22.58,65.57,6.6,tomato,Complete (14-14-14)
22.1,23.2,27.6,34.72,55.13,6.25,mango,Complete (14-14-14)
99.4,81.0,49.0,28.89,87.6,6.03,banana,Muriate of Potash (0-0-60)
82.6,32.4,49.0,22.23,63.78,6.18,onion,Complete (14-14-14)
20.2,38.7,44.8,26.85,65.02,6.11,peanut,Ammonium Phosphate (16-20-0)
113.4,45.4,41.0,25.14,78.41,6.75,rice,Complete (14-14-14)
89.3,56.4,44.7,24.24,74.28,6.59,rice,Complete (14-14-14)
64.8,33.2,53.2,23.0,67.65,6.6,garlic,Complete (14-14-14)
43.3,15.1,85.3,29.68,71.41,5.81,pineapple,Muriate of Potash (0-0-60)
106.4,27.4,28.4,24.6,68.19,5.93,coffee,Complete (14-14-14)
112.3,47.5,44.3,29.57,89.06,5.71,rice,Complete (14-14-14)
15.8,16.0,25.1,30.96,58.23,5.9,mango,Complete (14-14-14)
113.0,97.7,53.5,28.11,77.8,6.9,banana,Muriate of Potash (0-0-60)
97.2,15.7,25.7,27.65,72.42,6.0,coffee,Complete (14-14-14)
55.0,52.4,45.4,25.65,83.96,6.4,papaya,Complete (14-14-14)
18.3,20.5,27.5,35.0,69.92,6.99,mango,Complete (14-14-14)
97.6,41.6,41.8,26.54,76.57,6.6,rice,Complete (14-14-14)
19.5,49.0,30.4,24.89,68.33,6.64,peanut,Ammonium Phosphate (16-20-0)
66.9,33.0,50.7,30.83,83.75,6.3,cacao,Complete (14-14-14)
53.0,24.0,66.3,30.04,57.93,5.51,cassava,Muriate of Potash (0-0-60)
99.1,91.3,49.7,27.11,88.17,6.41,banana,Muriate of Potash (0-0-60)
99.2,58.4,39.6,24.16,83.58,5.5,rice,Complete (14-14-14)
70.4,42.4,50.9,22.79,58.38,6.96,onion,Complete (14-14-14)
95.9,46.1,21.1,27.68,61.47,6.59,corn,Urea (46-0-0)
97.0,74.9,50.8,27.32,86.73,5.79,banana,Muriate of Potash (0-0-60)
46.5,29.6,86.3,30.52,64.38,5.65,cassava,Muriate of Potash (0-0-60)
20.9,8.8,27.5,29.24,86.15,7.06,coconut,Muriate of Potash (0-0-60)
18.4,10.3,27.4,29.13,92.06,6.15,coconut,Muriate of Potash (0-0-60)
29.5,32.3,90.1,24.29,59.83,6.67,sweet_potato,Muriate of Potash (0-0-60)
46.3,46.1,37.8,27.12,65.76,6.1,ampalaya,Complete (14-14-14)
87.8,32.1,50.6,26.61,56.25,6.16,garlic,Complete (14-14-14)
90.1,24.5,29.1,25.59,63.86,5.62,coffee,Complete (14-14-14)
56.3,24.1,71.9,32.32,65.48,5.06,cassava,Muriate of Potash (0-0-60)
51.8,49.1,39.4,27.84,72.06,6.59,okra,Complete (14-14-14)
81.0,51.8,74.7,24.2,74.71,5.83,tomato,Complete (14-14-14)
66.3,40.2,59.8,23.9,60.39,6.4,onion,Complete (14-14-14)
94.1,86.6,48.3,26.33,84.73,5.91,banana,Muriate of Potash (0-0-60)
48.6,21.2,68.0,26.64,78.16,5.43,pineapple,Muriate of Potash (0-0-60)
19.9,5.9,33.9,25.33,87.63,7.22,coconut,Muriate of Potash (0-0-60)
16.7,20.3,30.1,28.93,54.07,5.85,mango,Complete (14-14-14)
49.0,44.1,30.5,28.04,71.37,6.54,ampalaya,Complete (14-14-14)
89.3,31.0,44.6,24.45,59.16,6.48,garlic,Complete (14-14-14)
83.1,52.2,44.0,25.58,76.76,6.22,eggplant,Complete (14-14-14)
59.3,28.7,74.8,29.76,66.85,5.63,pineapple,Muriate of Potash (0-0-60)
66.3,29.8,43.0,19.96,59.55,6.75,garlic,Complete (14-14-14)
18.5,17.1,28.9,32.5,60.33,6.52,mango,Complete (14-14-14)
82.4,48.7,52.8,22.15,65.23,5.53,eggplant,Complete (14-14-14)
24.3,25.3,28.9,28.8,81.74,4.9,rubber,Ammonium Sulfate (21-0-0)
78.8,44.6,53.5,25.74,70.0,5.74,eggplant,Complete (14-14-14)
51.7,32.2,73.9,29.39,56.83,6.17,cassava,Muriate of Potash (0-0-60)
79.3,36.6,45.2,24.24,66.72,6.17,garlic,Complete (14-14-14)
91.3,40.2,42.9,25.34,78.19,6.31,rice,Complete (14-14-14)
41.9,46.6,39.1,30.97,78.54,6.07,ampalaya,Complete (14-14-14)
79.1,45.8,41.1,25.25,84.48,6.99,rice,Complete (14-14-14)
24.7,19.2,25.2,27.82,52.65,5.58,mango,Complete (14-14-14)
90.5,45.4,69.3,24.65,61.82,6.75,tomato,Complete (14-14-14)
91.1,41.3,39.4,24.74,60.53,6.77,onion,Complete (14-14-14)
18.1,7.0,34.0,24.75,94.74,7.84,coconut,Muriate of Potash (0-0-60)
76.5,55.8,75.7,25.38,64.77,6.21,tomato,Complete (14-14-14)
103.4,90.3,47.0,28.85,84.92,5.68,banana,Muriate of Potash (0-0-60)
74.2,49.0,78.9,23.11,65.32,6.16,tomato,Complete (14-14-14)
62.2,46.8,78.3,21.4,64.17,5.99,tomato,Complete (14-14-14)
22.9,40.5,21.1,26.3,64.42,6.48,mungbean,Ammonium Phosphate (16-20-0)
84.9,42.3,49.6,21.51,60.2,6.22,onion,Complete (14-14-14)
84.6,31.8,57.9,29.55,77.77,5.66,cacao,Complete (14-14-14)
15.9,35.0,36.4,26.03,66.34,5.9,peanut,Ammonium Phosphate (16-20-0)
51.6,61.4,48.7,25.99,76.64,6.18,papaya,Complete (14-14-14)
92.5,42.8,24.3,27.53,66.81,6.9,corn,Urea (46-0-0)
104.0,40.4,43.5,27.05,84.29,6.9,rice,Complete (14-14-14)
91.5,57.4,23.2,28.11,72.26,5.5,corn,Urea (46-0-0)
22.6,11.1,32.0,31.61,83.2,7.16,coconut,Muriate of Potash (0-0-60)
68.2,47.5,47.2,25.15,71.04,6.79,eggplant,Complete (14-14-14)
79.6,56.2,44.0,31.66,77.04,6.57,rice,Complete (14-14-14)
50.9,28.1,72.4,26.34,67.05,5.07,pineapple,Muriate of Potash (0-0-60)
85.0,53.9,39.8,25.38,87.13,6.51,rice,Complete (14-14-14)
62.9,42.6,76.5,24.87,68.8,6.66,tomato,Complete (14-14-14)
59.7,33.7,42.8,27.96,70.2,6.13,ampalaya,Complete (14-14-14)
80.8,40.7,44.5,21.69,58.26,7.03,onion,Complete (14-14-14)
55.2,32.7,80.0,30.07,59.0,5.52,tobacco,Ammonium Sulfate (21-0-0)
76.5,44.2,55.0,26.15,68.24,6.16,eggplant,Complete (14-14-14)
85.3,53.3,22.5,27.82,60.25,7.65,corn,Urea (46-0-0)
94.6,53.8,21.9,29.43,64.67,6.69,corn,Urea (46-0-0)
87.2,46.0,50.3,29.48,87.55,5.88,cacao,Complete (14-14-14)
92.1,24.4,28.1,24.04,66.76,6.21,coffee,Complete (14-14-14)
97.1,42.6,23.6,26.26,67.21,6.51,corn,Urea (46-0-0)
77.3,58.3,40.8,28.16,89.6,5.97,rice,Complete (14-14-14)
60.4,51.7,81.5,20.88,74.37,6.21,tomato,Complete (14-14-14)
86.1,37.1,56.5,24.96,59.39,6.55,garlic,Complete (14-14-14)
110.6,16.9,28.3,23.66,71.73,4.95,coffee,Complete (14-14-14)
44.0,26.7,71.7,26.05,70.61,4.91,pineapple,Muriate of Potash (0-0-60)
56.4,21.4,73.9,29.19,59.45,5.45,cassava,Muriate of Potash (0-0-60)
41.8,63.1,46.0,31.87,81.73,5.8,papaya,Complete (14-14-14)
78.5,32.1,83.1,24.82,92.81,6.04,abaca,Complete (14-14-14)
86.0,40.5,59.5,22.49,65.26,6.27,onion,Complete (14-14-14)
93.8,46.6,20.2,30.63,62.87,5.89,corn,Urea (46-0-0)
18.7,11.1,34.7,30.87,88.38,5.22,coconut,Muriate of Potash (0-0-60)
22.7,47.3,28.2,30.33,67.35,6.81,mungbean,Ammonium Phosphate (16-20-0)
116.7,48.5,54.4,29.68,61.3,6.62,sugarcane,Urea (46-0-0)
57.0,32.8,33.9,30.9,62.48,6.07,okra,Complete (14-14-14)
63.8,43.6,50.9,32.35,83.49,6.71,cacao,Complete (14-14-14)
25.0,41.2,28.9,29.59,61.12,6.49,mungbean,Ammonium Phosphate (16-20-0)
41.9,37.0,44.5,28.84,60.29,6.37,okra,Complete (14-14-14)
91.6,50.8,42.2,29.32,84.78,7.09,rice,Complete (14-14-14)
48.7,46.0,46.1,30.58,61.5,6.52,okra,Complete (14-14-14)
64.8,30.3,59.1,27.74,76.97,6.91,cacao,Complete (14-14-14)
91.6,23.9,30.9,21.59,60.01,5.16,coffee,Complete (14-14-14)
58.4,34.7,50.5,26.1,79.85,6.32,ampalaya,Complete (14-14-14)
15.6,17.2,19.9,26.51,81.86,6.45,calamansi,Ammonium Sulfate (21-0-0)
89.7,45.7,23.6,27.86,72.06,6.7,corn,Urea (46-0-0)
134.6,44.4,47.7,26.31,64.1,5.79,sugarcane,Urea (46-0-0)
119.8,42.4,45.2,27.94,76.16,6.08,rice,Complete (14-14-14)
46.3,20.6,85.6,27.45,65.87,5.52,pineapple,Muriate of Potash (0-0-60)
16.2,17.8,16.2,29.84,74.29,6.14,calamansi,Ammonium Sulfate (21-0-0)
48.1,44.0,43.8,26.28,78.65,6.11,ampalaya,Complete (14-14-14)
24.2,40.2,35.3,26.07,63.52,6.75,peanut,Ammonium Phosphate (16-20-0)
72.5,36.0,86.3,28.35,85.83,5.18,abaca,Complete (14-14-14)
16.6,41.9,21.0,28.43,74.45,6.79,mungbean,Ammonium Phosphate (16-20-0)
49.8,23.8,73.0,28.14,54.05,5.7,tobacco,Ammonium Sulfate (21-0-0)
76.6,40.1,49.4,25.16,53.92,6.49,onion,Complete (14-14-14)
79.4,48.0,48.9,21.82,63.98,6.34,onion,Complete (14-14-14)
108.6,28.3,25.1,21.93,70.47,6.05,coffee,Complete (14-14-14)
68.7,18.5,61.9,29.99,93.15,5.8,abaca,Complete (14-14-14)
94.3,88.0,53.4,29.25,88.04,5.74,banana,Muriate of Potash (0-0-60)
18.1,5.8,29.3,28.21,84.6,5.19,coconut,Muriate of Potash (0-0-60)
71.3,48.9,48.8,25.97,56.86,6.27,garlic,Complete (14-14-14)
24.0,7.7,28.5,31.4,81.65,5.39,coconut,Muriate of Potash (0-0-60)
21.7,42.3,26.9,25.3,71.45,6.12,mungbean,Ammonium Phosphate (16-20-0)
49.5,41.6,33.6,27.89,75.38,6.44,okra,Complete (14-14-14)
85.6,42.6,21.2,26.17,65.46,7.16,corn,Urea (46-0-0)
98.9,43.2,50.5,25.6,77.67,6.99,sugarcane,Urea (46-0-0)
22.5,22.3,32.0,27.38,57.16,7.14,mango,Complete (14-14-14)
24.0,9.7,34.6,27.18,83.72,5.04,coconut,Muriate of Potash (0-0-60)
82.8,45.0,60.3,25.84,62.85,6.98,garlic,Complete (14-14-14)
85.9,44.7,85.1,26.27,76.18,5.92,tomato,Complete (14-14-14)
35.8,27.5,28.2,29.3,81.89,4.96,rubber,Ammonium Sulfate (21-0-0)
103.4,41.3,45.0,28.36,90.54,5.56,rice,Complete (14-14-14)
48.9,24.1,88.7,26.85,57.33,6.5,tobacco,Ammonium Sulfate (21-0-0)
112.9,57.4,44.3,26.43,78.3,6.59,rice,Complete (14-14-14)
60.4,33.1,49.5,19.91,69.22,6.17,garlic,Complete (14-14-14)
83.8,38.0,57.1,21.63,56.95,6.11,onion,Complete (14-14-14)
131.3,59.7,55.5,27.34,62.14,5.89,sugarcane,Urea (46-0-0)
75.3,57.7,43.4,28.79,76.21,6.4,eggplant,Complete (14-14-14)
96.3,22.3,30.4,25.76,77.33,6.33,coffee,Complete (14-14-14)
42.5,45.0,35.8,28.23,68.44,6.43,ampalaya,Complete (14-14-14)
29.5,26.1,20.7,30.32,86.54,5.05,rubber,Ammonium Sulfate (21-0-0)
99.1,52.0,44.9,30.28,82.42,6.9,rice,Complete (14-14-14)
56.0,55.1,54.1,32.17,71.03,6.77,papaya,Complete (14-14-14)
46.3,26.7,83.4,26.85,70.68,6.72,sweet_potato,Muriate of Potash (0-0-60)
37.3,37.3,71.2,26.07,62.44,5.59,sweet_potato,Muriate of Potash (0-0-60)
58.2,40.8,44.1,27.51,74.98,6.09,ampalaya,Complete (14-14-14)
81.2,40.1,40.9,30.55,83.48,5.61,rice,Complete (14-14-14)
84.3,51.9,47.3,23.99,75.92,6.51,eggplant,Complete (14-14-14)
52.6,34.9,49.5,26.55,72.76,6.64,ampalaya,Complete (14-14-14)
20.0,23.9,31.2,32.12,53.85,7.14,mango,Complete (14-14-14)
16.0,10.1,19.3,32.65,82.47,5.53,calamansi,Ammonium Sulfate (21-0-0)
65.6,47.4,45.4,26.9,66.04,6.56,garlic,Complete (14-14-14)
39.4,21.9,84.3,30.76,65.82,5.85,cassava,Muriate of Potash (0-0-60)
60.7,42.5,52.3,25.92,67.52,5.59,eggplant,Complete (14-14-14)
94.3,18.9,32.1,25.82,67.38,5.31,coffee,Complete (14-14-14)
73.7,41.7,49.5,21.53,56.22,6.42,garlic,Complete (14-14-14)
75.5,32.5,56.6,20.54,65.22,6.39,garlic,Complete (14-14-14)
56.3,22.2,85.2,25.52,76.89,4.56,pineapple,Muriate of Potash (0-0-60)
63.7,41.5,43.2,30.44,75.03,6.1,cacao,Complete (14-14-14)
109.5,45.9,43.5,28.72,64.75,6.64,sugarcane,Urea (46-0-0)
115.9,82.3,51.3,25.03,83.55,5.8,banana,Muriate of Potash (0-0-60)
66.0,43.6,46.1,24.27,68.07,6.46,garlic,Complete (14-14-14)
21.4,18.6,22.0,30.31,71.31,6.01,calamansi,Ammonium Sulfate (21-0-0)
86.5,46.7,24.2,28.68,61.37,5.56,corn,Urea (46-0-0)
55.3,44.3,48.1,29.63,68.75,6.06,okra,Complete (14-14-14)
66.0,31.2,84.0,25.99,67.6,6.55,tobacco,Ammonium Sulfate (21-0-0)
15.3,19.7,32.3,30.27,60.85,6.29,mango,Complete (14-14-14)
22.3,13.6,24.7,25.55,71.12,5.99,calamansi,Ammonium Sulfate (21-0-0)
63.0,38.6,57.3,24.5,83.03,6.43,cacao,Complete (14-14-14)
20.3,36.7,47.6,30.24,60.56,6.4,peanut,Ammonium Phosphate (16-20-0)
113.1,52.0,41.1,31.57,86.54,6.22,rice,Complete (14-14-14)
23.1,43.2,21.9,31.59,63.8,6.8,mungbean,Ammonium Phosphate (16-20-0)
69.8,37.8,56.4,27.67,82.79,6.77,cacao,Complete (14-14-14)
23.1,13.5,19.3,27.85,69.58,6.08,calamansi,Ammonium Sulfate (21-0-0)
29.5,44.1,43.7,27.88,56.35,6.63,peanut,Ammonium Phosphate (16-20-0)
17.8,12.4,24.9,31.76,81.42,7.06,coconut,Muriate of Potash (0-0-60)
84.1,52.4,22.1,25.35,67.69,5.96,corn,Urea (46-0-0)
56.7,25.6,72.1,28.46,72.82,6.76,cassava,Muriate of Potash (0-0-60)
92.8,90.8,54.1,30.51,88.46,6.33,banana,Muriate of Potash (0-0-60)
57.2,61.3,50.1,26.24,73.44,5.64,papaya,Complete (14-14-14)
51.5,33.2,87.8,22.67,62.08,5.59,sweet_potato,Muriate of Potash (0-0-60)
43.3,28.9,85.2,24.9,67.96,6.04,tobacco,Ammonium Sulfate (21-0-0)
78.2,34.8,47.1,24.57,61.29,6.17,garlic,Complete (14-14-14)
14.5,30.1,42.6,30.26,57.58,6.69,peanut,Ammonium Phosphate (16-20-0)
19.0,35.7,37.0,23.7,65.77,6.42,peanut,Ammonium Phosphate (16-20-0)
65.9,31.1,59.1,25.09,65.64,6.22,onion,Complete (14-14-14)
53.0,40.8,40.8,30.05,69.22,5.96,ampalaya,Complete (14-14-14)
116.3,56.5,43.2,31.11,82.3,5.97,rice,Complete (14-14-14)
124.7,50.2,51.1,25.69,74.37,6.22,sugarcane,Urea (46-0-0)
96.0,17.8,30.3,23.66,78.51,5.91,coffee,Complete (14-14-14)
24.8,5.9,25.0,29.89,89.59,8.02,coconut,Muriate of Potash (0-0-60)
59.8,34.0,43.4,30.97,85.71,5.81,cacao,Complete (14-14-14)
58.5,30.5,30.3,30.85,60.9,6.19,okra,Complete (14-14-14)
103.8,90.9,47.9,32.62,83.02,5.99,banana,Muriate of Potash (0-0-60)
19.6,13.0,20.3,24.46,70.12,5.88,calamansi,Ammonium Sulfate (21-0-0)
28.3,18.1,25.9,24.99,76.47,5.44,rubber,Ammonium Sulfate (21-0-0)
68.0,58.4,87.8,24.98,73.49,5.83,tomato,Complete (14-14-14)
76.9,34.7,75.8,24.41,83.83,6.51,abaca,Complete (14-14-14)
79.7,36.6,88.6,27.61,85.06,6.39,abaca,Complete (14-14-14)
93.7,23.8,31.1,23.54,62.2,6.19,coffee,Complete (14-14-14)
51.0,45.8,45.8,27.68,69.51,6.35,ampalaya,Complete (14-14-14)
124.4,39.6,42.7,34.01,78.28,7.0,sugarcane,Urea (46-0-0)
40.4,35.1,48.5,31.88,74.98,6.43,ampalaya,Complete (14-14-14)
17.5,39.1,46.5,29.39,64.33,6.02,peanut,Ammonium Phosphate (16-20-0)
37.8,27.1,66.7,25.78,74.35,5.6,sweet_potato,Muriate of Potash (0-0-60)
85.9,34.1,75.3,25.26,93.57,5.3,abaca,Complete (14-14-14)
53.9,24.8,73.7,26.17,76.46,4.82,pineapple,Muriate of Potash (0-0-60)
101.6,23.4,27.4,25.48,74.25,6.57,coffee,Complete (14-14-14)
95.2,54.6,40.3,30.01,89.96,7.01,rice,Complete (14-14-14)
68.0,35.1,40.9,30.21,89.2,6.14,cacao,Complete (14-14-14)
106.4,24.2,33.8,26.91,70.97,5.56,coffee,Complete (14-14-14)
40.8,30.9,77.8,28.62,67.03,5.88,pineapple,Muriate of Potash (0-0-60)
18.0,41.7,45.3,29.0,61.18,6.43,peanut,Ammonium Phosphate (16-20-0)
22.8,35.9,29.7,32.75,62.54,6.4,mungbean,Ammonium Phosphate (16-20-0)
19.1,20.4,26.0,27.35,62.47,6.92,mango,Complete (14-14-14)
85.9,38.9,53.3,21.22,63.39,6.06,onion,Complete (14-14-14)
47.3,49.1,48.1,31.28,86.6,6.07,papaya,Complete (14-14-14)
49.7,62.3,50.6,27.75,82.48,5.95,papaya,Complete (14-14-14)
24.7,32.4,24.7,29.81,68.31,6.97,mungbean,Ammonium Phosphate (16-20-0)
46.7,29.0,66.7,22.98,73.49,6.52,sweet_potato,Muriate of Potash (0-0-60)
56.0,32.9,65.8,30.57,71.11,6.37,cassava,Muriate of Potash (0-0-60)
102.4,98.6,50.4,27.25,89.31,5.59,banana,Muriate of Potash (0-0-60)
15.8,23.6,27.3,34.38,50.87,7.03,mango,Complete (14-14-14)
60.6,47.8,40.5,25.68,73.3,6.33,eggplant,Complete (14-14-14)
59.5,43.1,46.0,26.92,61.98,6.91,garlic,Complete (14-14-14)
100.8,83.6,45.4,29.25,88.0,6.51,banana,Muriate of Potash (0-0-60)
67.7,29.6,88.7,28.68,82.61,5.59,abaca,Complete (14-14-14)
100.0,24.3,25.4,22.01,80.28,5.56,coffee,Complete (14-14-14)
93.0,19.3,33.8,20.01,74.18,5.24,coffee,Complete (14-14-14)
16.8,32.9,27.2,31.41,69.48,6.84,mungbean,Ammonium Phosphate (16-20-0)
48.2,22.9,83.9,27.23,56.24,6.08,cassava,Muriate of Potash (0-0-60)
74.7,29.7,85.4,27.35,92.7,5.52,abaca,Complete (14-14-14)
112.8,43.6,54.6,25.33,75.57,7.17,sugarcane,Urea (46-0-0)
21.5,15.7,32.1,32.88,64.73,6.27,mango,Complete (14-14-14)
48.3,32.3,72.8,29.06,57.24,6.1,tobacco,Ammonium Sulfate (21-0-0)
56.3,36.1,81.8,26.48,57.52,5.93,tobacco,Ammonium Sulfate (21-0-0)
15.4,34.2,20.3,29.42,72.1,6.37,mungbean,Ammonium Phosphate (16-20-0)
86.3,57.8,76.3,21.74,60.78,6.65,tomato,Complete (14-14-14)
40.1,46.1,49.5,27.1,82.72,5.81,papaya,Complete (14-14-14)
77.8,38.9,40.8,24.9,58.54,6.23,garlic,Complete (14-14-14)
75.3,49.9,87.7,25.27,72.2,5.5,tomato,Complete (14-14-14)
20.6,42.8,23.6,25.91,62.24,6.18,mungbean,Ammonium Phosphate (16-20-0)
49.4,25.1,74.3,27.13,63.58,6.12,tobacco,Ammonium Sulfate (21-0-0)
28.3,22.8,28.1,32.16,84.66,4.65,rubber,Ammonium Sulfate (21-0-0)
72.9,58.2,44.2,23.37,67.18,6.24,eggplant,Complete (14-14-14)
69.6,43.1,43.0,26.79,67.82,5.8,eggplant,Complete (14-14-14)
88.3,53.9,63.9,23.8,73.46,5.7,tomato,Complete (14-14-14)
46.2,55.3,51.3,28.8,81.84,6.56,papaya,Complete (14-14-14)
21.1,38.2,43.9,23.58,68.98,6.21,peanut,Ammonium Phosphate (16-20-0)
40.7,51.5,42.9,24.28,70.38,6.54,okra,Complete (14-14-14)
27.4,30.5,31.4,27.96,66.35,6.8,peanut,Ammonium Phosphate (16-20-0)
37.9,16.6,27.9,28.46,81.66,4.69,rubber,Ammonium Sulfate (21-0-0)
65.9,23.3,60.3,23.97,63.69,5.9,tobacco,Ammonium Sulfate (21-0-0)
18.1,36.5,43.9,30.15,61.7,6.39,peanut,Ammonium Phosphate (16-20-0)
72.5,37.0,44.6,25.28,85.1,5.56,cacao,Complete (14-14-14)
79.7,49.6,42.1,30.31,81.06,6.18,rice,Complete (14-14-14)
47.5,35.2,71.3,26.47,66.87,6.23,sweet_potato,Muriate of Potash (0-0-60)
62.2,35.7,60.0,32.05,82.64,6.76,cacao,Complete (14-14-14)
48.4,45.3,33.9,30.53,72.76,6.17,ampalaya,Complete (14-14-14)
15.8,19.7,34.5,33.1,66.7,7.0,mango,Complete (14-14-14)
62.5,43.5,43.0,25.97,68.92,6.11,garlic,Complete (14-14-14)
51.3,60.5,50.5,29.25,81.48,5.92,papaya,Complete (14-14-14)
98.6,57.9,42.4,28.37,83.76,6.27,rice,Complete (14-14-14)
91.1,41.9,22.3,30.49,67.37,5.56,corn,Urea (46-0-0)
41.6,31.0,63.8,24.36,72.83,6.63,sweet_potato,Muriate of Potash (0-0-60)
59.3,35.7,70.8,25.03,85.71,6.22,abaca,Complete (14-14-14)
87.4,36.4,74.4,31.5,85.86,5.55,abaca,Complete (14-14-14)
70.5,32.5,40.6,30.77,75.36,6.22,cacao,Complete (14-14-14)
61.4,58.0,50.2,28.07,79.06,5.63,eggplant,Complete (14-14-14)
47.6,47.6,52.1,28.32,73.08,6.75,papaya,Complete (14-14-14)
65.4,49.4,89.4,25.55,67.08,5.7,tomato,Complete (14-14-14)
23.2,48.8,44.3,28.91,59.15,5.82,peanut,Ammonium Phosphate (16-20-0)
56.0,26.9,75.6,30.14,79.16,5.13,pineapple,Muriate of Potash (0-0-60)
28.9,27.4,31.1,24.97,88.31,4.85,rubber,Ammonium Sulfate (21-0-0)
116.3,83.6,53.1,30.99,87.36,6.51,banana,Muriate of Potash (0-0-60)
102.3,71.2,52.1,26.86,85.76,5.8,banana,Muriate of Potash (0-0-60)
57.8,29.2,60.1,31.74,70.11,5.68,cassava,Muriate of Potash (0-0-60)
23.1,43.9,29.6,25.37,70.5,6.61,mungbean,Ammonium Phosphate (16-20-0)
83.9,40.6,53.3,24.89,82.89,6.7,cacao,Complete (14-14-14)
81.5,42.5,46.1,26.97,77.99,6.4,cacao,Complete (14-14-14)
27.3,21.9,28.7,27.1,81.95,4.96,rubber,Ammonium Sulfate (21-0-0)
125.2,42.5,54.4,25.88,63.54,5.83,sugarcane,Urea (46-0-0)
45.4,36.3,31.0,27.36,62.34,6.07,okra,Complete (14-14-14)
61.4,41.1,54.8,23.7,57.63,6.02,garlic,Complete (14-14-14)
68.7,20.0,63.2,27.04,60.01,6.08,tobacco,Ammonium Sulfate (21-0-0)
70.5,39.9,42.8,21.68,70.29,6.36,garlic,Complete (14-14-14)
53.0,48.2,52.8,31.52,88.67,6.25,papaya,Complete (14-14-14)
21.5,21.8,33.2,35.35,62.59,6.12,mango,Complete (14-14-14)
98.7,58.1,25.2,31.08,66.67,6.23,corn,Urea (46-0-0)
85.3,56.9,41.9,22.86,76.1,5.92,eggplant,Complete (14-14-14)
34.6,24.6,76.2,24.23,62.84,5.88,sweet_potato,Muriate of Potash (0-0-60)
116.8,44.5,40.9,31.64,78.53,5.53,rice,Complete (14-14-14)
76.1,51.9,71.3,24.61,75.14,6.6,tomato,Complete (14-14-14)
102.7,26.5,28.5,23.25,67.58,5.11,coffee,Complete (14-14-14)
85.6,48.5,45.0,30.3,83.92,6.18,rice,Complete (14-14-14)
97.8,58.9,24.2,29.05,70.15,7.33,corn,Urea (46-0-0)
25.8,48.4,30.2,27.99,60.11,6.38,peanut,Ammonium Phosphate (16-20-0)
65.6,33.7,44.7,29.07,89.54,6.92,cacao,Complete (14-14-14)
20.9,19.2,16.4,29.77,74.04,6.01,calamansi,Ammonium Sulfate (21-0-0)
62.1,38.6,58.4,20.73,60.61,6.48,onion,Complete (14-14-14)
28.2,19.9,27.7,26.9,84.14,4.62,rubber,Ammonium Sulfate (21-0-0)
46.8,21.9,72.7,29.39,66.99,6.26,cassava,Muriate of Potash (0-0-60)
47.9,20.3,62.1,26.69,70.82,5.92,sweet_potato,Muriate of Potash (0-0-60)
19.5,40.3,24.4,31.36,75.22,6.84,mungbean,Ammonium Phosphate (16-20-0)
20.1,12.5,19.2,29.61,73.78,5.93,calamansi,Ammonium Sulfate (21-0-0)
18.7,31.4,24.7,27.12,75.26,6.64,mungbean,Ammonium Phosphate (16-20-0)
51.2,18.9,85.2,28.98,71.57,4.72,pineapple,Muriate of Potash (0-0-60)
41.3,48.5,44.1,30.6,72.74,6.1,okra,Complete (14-14-14)
105.5,44.1,51.1,27.23,71.45,6.21,sugarcane,Urea (46-0-0)
16.6,17.5,23.7,31.26,82.44,6.05,calamansi,Ammonium Sulfate (21-0-0)
20.4,38.9,29.8,30.48,60.37,6.47,mungbean,Ammonium Phosphate (16-20-0)
89.0,48.5,87.3,27.34,63.9,5.89,tomato,Complete (14-14-14)
55.5,32.7,39.3,31.57,66.8,6.61,okra,Complete (14-14-14)
93.3,86.8,45.3,26.41,84.98,6.06,banana,Muriate of Potash (0-0-60)
59.7,44.3,40.8,27.81,60.12,6.36,onion,Complete (14-14-14)
48.3,34.8,85.4,26.72,62.53,6.72,sweet_potato,Muriate of Potash (0-0-60)
117.5,55.3,40.0,24.96,86.25,6.73,rice,Complete (14-14-14)
85.9,42.8,61.1,23.59,69.26,6.14,tomato,Complete (14-14-14)
24.3,42.6,44.0,24.46,64.94,5.9,peanut,Ammonium Phosphate (16-20-0)
19.9,10.7,21.9,24.83,82.61,5.58,calamansi,Ammonium Sulfate (21-0-0)
97.8,17.7,32.3,22.42,61.64,5.17,coffee,Complete (14-14-14)
83.3,38.8,87.0,26.47,82.41,5.66,abaca,Complete (14-14-14)
76.0,44.5,51.0,28.47,78.16,6.67,eggplant,Complete (14-14-14)
100.0,51.2,24.3,28.87,72.72,7.36,corn,Urea (46-0-0)
45.1,29.9,72.9,29.45,57.61,5.72,tobacco,Ammonium Sulfate (21-0-0)
61.6,37.1,42.0,25.17,65.63,6.57,okra,Complete (14-14-14)
37.6,27.7,63.8,22.91,64.31,5.62,sweet_potato,Muriate of Potash (0-0-60)
80.0,40.6,73.1,21.92,65.11,6.45,tomato,Complete (14-14-14)
26.1,34.8,38.5,28.82,58.42,6.3,peanut,Ammonium Phosphate (16-20-0)
50.6,63.9,50.3,24.81,84.4,6.72,papaya,Complete (14-14-14)
85.1,37.4,72.6,24.53,92.52,6.24,abaca,Complete (14-14-14)
136.6,52.3,50.5,34.69,58.51,5.82,sugarcane,Urea (46-0-0)
81.4,35.7,63.4,29.58,93.13,5.83,abaca,Complete (14-14-14)
59.2,19.7,74.9,30.74,72.7,5.44,cassava,Muriate of Potash (0-0-60)
44.7,25.9,91.3,25.87,70.89,6.54,cassava,Muriate of Potash (0-0-60)
48.4,22.7,84.0,26.81,64.55,5.12,pineapple,Muriate of Potash (0-0-60)
103.9,18.8,28.8,22.9,75.26,6.05,coffee,Complete (14-14-14)
16.1,17.7,35.2,31.92,65.84,6.38,mango,Complete (14-14-14)
18.2,10.3,31.1,29.98,94.23,8.12,coconut,Muriate of Potash (0-0-60)
100.2,20.7,31.8,24.88,60.43,5.26,coffee,Complete (14-14-14)
34.1,24.8,23.7,27.06,89.58,5.33,rubber,Ammonium Sulfate (21-0-0)
42.4,31.7,69.8,23.3,66.37,6.21,sweet_potato,Muriate of Potash (0-0-60)
34.5,38.2,77.3,22.72,67.02,6.8,sweet_potato,Muriate of Potash (0-0-60)
88.6,43.0,41.5,26.6,59.21,6.91,garlic,Complete (14-14-14)
51.4,53.7,51.4,31.83,71.47,6.47,papaya,Complete (14-14-14)
75.0,34.7,52.4,26.35,65.62,6.11,onion,Complete (14-14-14)
63.7,39.8,77.1,30.55,93.9,6.05,abaca,Complete (14-14-14)
21.2,47.8,32.1,27.32,58.49,6.01,peanut,Ammonium Phosphate (16-20-0)
51.0,39.5,67.4,32.03,63.58,6.12,cassava,Muriate of Potash (0-0-60)
47.3,33.6,47.1,27.49,65.23,6.55,ampalaya,Complete (14-14-14)
83.2,43.7,22.4,30.28,72.26,6.04,corn,Urea (46-0-0)
46.7,41.4,67.2,26.79,57.75,5.23,cassava,Muriate of Potash (0-0-60)
58.3,27.9,75.6,28.34,72.24,5.04,pineapple,Muriate of Potash (0-0-60)
40.1,35.0,87.2,25.93,71.33,6.11,sweet_potato,Muriate of Potash (0-0-60)
44.2,39.5,63.4,24.77,62.37,6.49,sweet_potato,Muriate of Potash (0-0-60)
64.5,57.2,80.5,25.58,61.78,6.83,tomato,Complete (14-14-14)
82.7,51.1,75.3,22.82,63.71,5.54,tomato,Complete (14-14-14)
82.1,56.0,38.7,26.38,70.49,5.97,eggplant,Complete (14-14-14)
60.7,42.6,42.4,31.91,82.66,6.85,cacao,Complete (14-14-14)
67.1,22.1,81.4,26.28,91.6,6.38,abaca,Complete (14-14-14)
46.7,33.9,60.0,27.19,73.68,6.49,cassava,Muriate of Potash (0-0-60)
21.2,14.0,23.9,24.89,79.15,5.88,calamansi,Ammonium Sulfate (21-0-0)
58.0,60.8,50.8,30.31,86.53,6.24,papaya,Complete (14-14-14)
59.5,36.4,50.7,26.85,66.9,6.37,garlic,Complete (14-14-14)
83.6,37.1,43.8,30.55,81.08,5.86,cacao,Complete (14-14-14)
85.2,51.7,24.1,31.61,73.91,5.81,corn,Urea (46-0-0)
32.3,25.2,24.7,30.52,84.77,4.93,rubber,Ammonium Sulfate (21-0-0)
69.7,33.3,48.1,28.34,56.42,6.32,onion,Complete (14-14-14)
69.7,39.4,45.7,31.44,87.05,6.42,cacao,Complete (14-14-14)
83.6,45.9,75.6,25.2,65.19,6.39,tomato,Complete (14-14-14)
80.6,44.4,59.2,26.93,67.11,6.62,eggplant,Complete (14-14-14)
101.9,16.8,31.9,22.06,76.11,5.03,coffee,Complete (14-14-14)
96.8,20.7,34.4,25.97,66.15,5.14,coffee,Complete (14-14-14)
50.1,35.6,86.2,30.19,64.14,5.97,tobacco,Ammonium Sulfate (21-0-0)
107.2,42.1,59.9,30.11,66.94,7.31,sugarcane,Urea (46-0-0)
21.2,6.9,24.9,28.84,87.38,6.95,coconut,Muriate of Potash (0-0-60)
95.8,54.9,44.5,31.49,77.57,5.64,rice,Complete (14-14-14)
28.0,42.3,37.2,29.35,55.06,5.69,peanut,Ammonium Phosphate (16-20-0)
100.7,48.6,54.0,27.64,79.04,5.6,sugarcane,Urea (46-0-0)
107.1,89.4,54.2,28.36,74.68,6.58,banana,Muriate of Potash (0-0-60)
90.7,46.7,51.4,21.58,62.53,6.27,garlic,Complete (14-14-14)
98.0,46.1,24.3,28.6,72.19,6.84,corn,Urea (46-0-0)
59.8,30.1,70.8,32.0,61.69,6.86,cassava,Muriate of Potash (0-0-60)
52.3,21.5,68.2,23.24,63.03,5.85,tobacco,Ammonium Sulfate (21-0-0)
49.6,56.7,55.6,31.28,85.31,6.54,papaya,Complete (14-14-14)
22.4,46.5,25.7,26.31,61.04,6.17,mungbean,Ammonium Phosphate (16-20-0)
49.1,49.5,47.5,29.0,87.27,6.19,papaya,Complete (14-14-14)
46.0,22.1,58.8,24.49,73.24,4.61,pineapple,Muriate of Potash (0-0-60)
110.1,43.5,40.5,24.83,87.13,6.16,rice,Complete (14-14-14)
16.7,42.3,44.0,28.69,65.11,5.69,peanut,Ammonium Phosphate (16-20-0)
21.2,14.2,19.9,26.35,71.29,6.07,calamansi,Ammonium Sulfate (21-0-0)
88.9,34.6,42.7,23.84,79.58,5.41,cacao,Complete (14-14-14)
80.2,46.0,49.0,24.44,78.63,5.68,cacao,Complete (14-14-14)
16.9,11.6,26.4,27.01,90.36,6.67,coconut,Muriate of Potash (0-0-60)
22.2,5.6,26.4,31.47,82.91,5.61,coconut,Muriate of Potash (0-0-60)
74.7,42.4,71.0,23.81,69.31,5.78,tomato,Complete (14-14-14)
46.3,48.0,30.2,30.35,70.41,6.31,ampalaya,Complete (14-14-14)
15.2,50.3,22.1,26.14,72.5,6.21,mungbean,Ammonium Phosphate (16-20-0)
22.4,17.9,17.0,29.31,81.37,5.98,calamansi,Ammonium Sulfate (21-0-0)
86.3,39.3,41.3,27.73,75.0,6.78,rice,Complete (14-14-14)
37.0,29.6,34.8,24.78,75.43,4.68,rubber,Ammonium Sulfate (21-0-0)
29.7,32.5,33.6,27.65,55.12,5.63,peanut,Ammonium Phosphate (16-20-0)
15.1,21.7,33.1,34.16,61.0,6.25,mango,Complete (14-14-14)
21.7,21.9,28.7,24.62,83.26,4.66,rubber,Ammonium Sulfate (21-0-0)
57.6,30.0,75.4,25.96,58.62,6.19,tobacco,Ammonium Sulfate (21-0-0)
90.9,29.9,59.2,27.09,62.28,6.52,garlic,Complete (14-14-14)
61.0,35.8,66.8,29.86,82.25,5.59,abaca,Complete (14-14-14)
79.5,40.8,85.7,26.45,70.38,5.9,tomato,Complete (14-14-14)
40.6,33.2,76.4,26.68,66.85,6.79,sweet_potato,Muriate of Potash (0-0-60)
58.8,44.3,48.5,25.86,72.07,6.38,ampalaya,Complete (14-14-14)
100.1,27.2,31.0,22.95,64.71,6.33,coffee,Complete (14-14-14)
87.4,59.9,24.4,29.41,68.59,6.4,corn,Urea (46-0-0)
88.1,29.5,65.8,30.63,79.99,5.2,abaca,Complete (14-14-14)
106.6,57.8,61.2,32.67,73.64,6.88,sugarcane,Urea (46-0-0)
16.0,11.9,19.2,25.76,81.66,5.71,calamansi,Ammonium Sulfate (21-0-0)
74.3,54.0,58.3,26.38,71.39,5.93,eggplant,Complete (14-14-14)
24.9,17.6,27.9,30.69,69.53,7.4,mango,Complete (14-14-14)
90.9,29.0,32.1,22.68,72.93,6.28,coffee,Complete (14-14-14)
61.1,33.6,57.8,29.9,59.48,5.98,tobacco,Ammonium Sulfate (21-0-0)
66.6,35.3,49.3,25.72,65.53,6.23,onion,Complete (14-14-14)
95.3,18.3,34.1,23.13,64.35,5.28,coffee,Complete (14-14-14)
84.1,44.2,51.8,24.61,56.31,6.18,onion,Complete (14-14-14)
21.2,28.8,21.5,29.12,64.64,6.4,mungbean,Ammonium Phosphate (16-20-0)
136.3,43.5,44.6,26.46,74.53,7.05,sugarcane,Urea (46-0-0)
45.3,34.1,84.6,25.13,63.05,5.35,cassava,Muriate of Potash (0-0-60)
72.5,43.3,79.6,27.05,62.17,6.16,tomato,Complete (14-14-14)
43.6,31.2,40.4,30.35,73.5,6.0,okra,Complete (14-14-14)
82.6,49.6,88.7,26.32,73.07,6.13,tomato,Complete (14-14-14)
60.5,32.7,51.2,27.68,88.98,6.27,cacao,Complete (14-14-14)
83.7,36.5,45.3,24.85,60.82,6.06,garlic,Complete (14-14-14)
57.4,60.7,45.1,23.86,81.47,6.08,papaya,Complete (14-14-14)
17.5,22.3,35.0,32.72,54.64,6.79,mango,Complete (14-14-14)
94.8,56.8,21.2,31.18,63.61,7.37,corn,Urea (46-0-0)
115.2,55.0,46.6,27.01,77.69,7.43,sugarcane,Urea (46-0-0)
36.1,24.8,27.0,23.82,89.93,4.84,rubber,Ammonium Sulfate (21-0-0)
44.1,48.4,49.2,25.11,70.55,6.83,okra,Complete (14-14-14)
79.2,36.2,79.6,24.64,90.32,6.11,abaca,Complete (14-14-14)
15.4,23.3,30.4,33.83,57.41,6.17,mango,Complete (14-14-14)
20.9,20.7,21.6,29.34,78.3,5.09,rubber,Ammonium Sulfate (21-0-0)
81.7,50.5,40.7,26.39,76.33,6.16,rice,Complete (14-14-14)
85.3,44.2,43.5,27.49,90.38,6.08,cacao,Complete (14-14-14)
95.5,15.8,30.7,23.09,79.41,6.33,coffee,Complete (14-14-14)
22.2,26.3,28.7,27.02,89.21,5.7,rubber,Ammonium Sulfate (21-0-0)
107.3,22.0,27.4,27.36,65.16,5.1,coffee,Complete (14-14-14)
133.8,52.2,59.4,34.6,67.09,7.45,sugarcane,Urea (46-0-0)
28.2,39.8,36.6,24.14,62.17,6.43,peanut,Ammonium Phosphate (16-20-0)
56.4,51.0,51.7,25.02,78.86,6.55,papaya,Complete (14-14-14)
16.8,45.0,21.6,26.62,61.68,6.49,mungbean,Ammonium Phosphate (16-20-0)
43.7,29.3,40.4,26.43,69.92,5.99,okra,Complete (14-14-14)
110.5,59.4,42.6,31.67,74.75,7.0,rice,Complete (14-14-14)
111.4,86.9,45.3,31.21,90.08,6.84,banana,Muriate of Potash (0-0-60)
17.5,11.8,33.7,28.35,90.72,5.07,coconut,Muriate of Potash (0-0-60)
38.0,25.3,22.0,31.52,89.66,5.59,rubber,Ammonium Sulfate (21-0-0)
51.6,33.1,74.6,27.29,53.19,5.88,cassava,Muriate of Potash (0-0-60)
22.0,14.0,16.1,30.93,78.08,5.88,calamansi,Ammonium Sulfate (21-0-0)
38.6,34.5,75.7,27.47,74.63,6.04,sweet_potato,Muriate of Potash (0-0-60)
65.5,53.4,55.8,27.38,76.8,5.85,eggplant,Complete (14-14-14)
46.6,41.0,46.7,30.16,62.5,5.99,okra,Complete (14-14-14)
20.6,17.7,22.3,29.75,83.42,5.72,calamansi,Ammonium Sulfate (21-0-0)
49.2,29.8,70.7,22.04,62.87,6.3,tobacco,Ammonium Sulfate (21-0-0)
51.2,37.6,77.8,24.2,62.53,5.85,tobacco,Ammonium Sulfate (21-0-0)
79.9,48.3,54.9,27.83,78.69,6.15,eggplant,Complete (14-14-14)
17.1,25.0,32.7,29.3,53.74,7.49,mango,Complete (14-14-14)
78.4,33.7,56.3,21.62,64.45,6.07,onion,Complete (14-14-14)
45.7,56.1,51.6,25.18,73.95,5.47,papaya,Complete (14-14-14)
62.1,49.8,81.6,24.05,69.75,5.93,tomato,Complete (14-14-14)
34.6,29.2,25.2,31.38,76.57,5.39,rubber,Ammonium Sulfate (21-0-0)
28.8,17.4,31.0,28.78,80.45,5.7,rubber,Ammonium Sulfate (21-0-0)
22.1,23.6,27.2,28.73,61.73,7.18,mango,Complete (14-14-14)
64.2,42.2,40.5,27.45,57.43,6.25,onion,Complete (14-14-14)
56.5,45.6,37.5,29.7,73.18,6.64,okra,Complete (14-14-14)
91.0,43.2,42.4,28.65,81.44,7.02,cacao,Complete (14-14-14)
68.8,43.9,47.2,26.03,75.85,6.53,eggplant,Complete (14-14-14)
83.3,49.7,24.4,25.54,61.19,7.0,corn,Urea (46-0-0)
70.5,34.4,40.9,27.55,89.42,6.33,cacao,Complete (14-14-14)
138.3,56.5,44.3,28.66,80.19,6.07,sugarcane,Urea (46-0-0)
18.5,13.1,31.3,28.91,92.93,6.14,coconut,Muriate of Potash (0-0-60)
49.0,43.0,34.9,31.14,72.26,6.55,ampalaya,Complete (14-14-14)
112.9,97.6,49.0,27.75,89.59,6.55,banana,Muriate of Potash (0-0-60)
38.8,17.0,26.8,30.37,88.19,4.97,rubber,Ammonium Sulfate (21-0-0)
44.0,32.9,81.5,31.91,65.99,7.17,cassava,Muriate of Potash (0-0-60)
52.5,20.1,65.6,24.77,66.79,5.56,pineapple,Muriate of Potash (0-0-60)
22.2,38.0,24.0,31.28,62.49,6.6,mungbean,Ammonium Phosphate (16-20-0)
40.9,36.5,88.9,26.57,62.1,7.04,cassava,Muriate of Potash (0-0-60)
98.6,21.2,31.1,26.7,73.28,5.75,coffee,Complete (14-14-14)
59.9,33.9,71.4,22.49,60.48,5.98,tobacco,Ammonium Sulfate (21-0-0)
112.5,61.0,48.0,26.51,72.77,5.91,sugarcane,Urea (46-0-0)
36.6,24.1,23.8,29.48,87.04,4.91,rubber,Ammonium Sulfate (21-0-0)
92.5,24.6,33.2,23.62,62.28,5.77,coffee,Complete (14-14-14)
54.4,59.1,54.2,31.61,87.6,6.75,papaya,Complete (14-14-14)
27.3,30.2,32.7,26.49,59.27,6.05,peanut,Ammonium Phosphate (16-20-0)
20.7,46.7,44.7,26.03,61.51,6.71,peanut,Ammonium Phosphate (16-20-0)
65.3,40.4,44.7,28.99,78.99,7.01,cacao,Complete (14-14-14)
36.2,26.8,63.2,23.65,63.92,6.15,sweet_potato,Muriate of Potash (0-0-60)
23.5,17.0,17.9,27.2,76.63,5.67,calamansi,Ammonium Sulfate (21-0-0)
53.8,48.9,46.9,32.01,67.72,6.51,ampalaya,Complete (14-14-14)
43.4,27.9,89.1,24.5,71.2,5.02,pineapple,Muriate of Potash (0-0-60)
45.9,30.2,42.6,24.21,74.55,6.46,ampalaya,Complete (14-14-14)
80.2,41.6,44.4,29.98,89.21,6.33,rice,Complete (14-14-14)
109.5,81.2,47.7,27.01,79.39,6.72,banana,Muriate of Potash (0-0-60)
49.4,26.4,66.9,23.03,69.58,6.12,tobacco,Ammonium Sulfate (21-0-0)
25.5,45.8,42.0,29.19,65.12,6.55,peanut,Ammonium Phosphate (16-20-0)
24.8,31.8,27.8,28.34,65.34,6.95,mungbean,Ammonium Phosphate (16-20-0)
61.6,35.2,31.9,27.94,63.68,6.71,okra,Complete (14-14-14)
44.3,26.8,63.5,24.86,71.4,5.49,pineapple,Muriate of Potash (0-0-60)
92.5,86.8,49.3,25.52,85.74,6.79,banana,Muriate of Potash (0-0-60)
120.0,47.7,43.3,26.0,66.22,5.79,sugarcane,Urea (46-0-0)
124.4,41.0,43.8,26.43,70.68,6.76,sugarcane,Urea (46-0-0)
15.0,8.2,34.3,24.82,81.51,5.35,coconut,Muriate of Potash (0-0-60)
84.7,36.5,88.7,26.99,85.31,5.24,abaca,Complete (14-14-14)
28.3,34.3,44.9,25.38,63.79,5.49,peanut,Ammonium Phosphate (16-20-0)
87.3,33.2,42.3,20.88,63.97,6.05,onion,Complete (14-14-14)
46.4,36.3,87.3,30.51,74.51,5.89,cassava,Muriate of Potash (0-0-60)
75.7,22.2,67.8,27.1,89.71,4.95,abaca,Complete (14-14-14)
56.9,39.2,34.7,29.68,67.02,6.73,ampalaya,Complete (14-14-14)
102.2,59.5,42.8,27.59,80.49,5.55,rice,Complete (14-14-14)
42.2,25.9,64.2,27.23,68.61,6.01,cassava,Muriate of Potash (0-0-60)
56.5,21.9,67.5,26.45,69.7,7.01,cassava,Muriate of Potash (0-0-60)
46.9,24.1,79.7,26.65,57.25,5.3,cassava,Muriate of Potash (0-0-60)
23.7,22.4,34.5,31.32,90.07,4.71,rubber,Ammonium Sulfate (21-0-0)
57.8,55.3,52.6,32.03,81.39,5.94,papaya,Complete (14-14-14)
18.2,44.5,22.0,31.73,61.95,6.1,mungbean,Ammonium Phosphate (16-20-0)
25.0,19.8,29.4,32.98,58.56,5.6,mango,Complete (14-14-14)
31.1,35.7,67.0,21.83,72.17,5.57,sweet_potato,Muriate of Potash (0-0-60)
82.1,31.5,62.2,26.23,93.76,5.54,abaca,Complete (14-14-14)
66.4,40.6,55.8,28.38,78.19,5.8,eggplant,Complete (14-14-14)
48.1,32.4,29.4,29.91,65.38,6.61,okra,Complete (14-14-14)
98.4,43.4,22.8,27.46,62.42,6.95,corn,Urea (46-0-0)
41.7,27.0,72.0,29.86,57.27,5.95,cassava,Muriate of Potash (0-0-60)
67.4,28.0,89.4,26.77,55.98,6.05,tobacco,Ammonium Sulfate (21-0-0)
22.4,9.8,27.1,29.25,90.76,7.69,coconut,Muriate of Potash (0-0-60)
20.4,17.9,25.2,27.55,75.69,5.67,rubber,Ammonium Sulfate (21-0-0)
94.6,18.3,26.6,25.19,63.68,5.55,coffee,Complete (14-14-14)
55.2,29.1,92.5,29.67,71.34,5.65,pineapple,Muriate of Potash (0-0-60)
75.1,45.5,51.7,25.88,68.86,5.96,eggplant,Complete (14-14-14)
99.7,16.0,29.7,26.26,73.5,6.37,coffee,Complete (14-14-14)
63.9,42.3,58.8,23.42,58.82,6.55,garlic,Complete (14-14-14)
25.2,44.5,49.9,27.09,63.55,6.26,peanut,Ammonium Phosphate (16-20-0)
17.2,34.6,42.7,25.9,67.47,5.74,peanut,Ammonium Phosphate (16-20-0)
89.6,42.2,50.5,31.64,84.78,5.98,cacao,Complete (14-14-14)
41.3,56.1,46.1,31.45,82.98,6.2,papaya,Complete (14-14-14)
25.4,42.9,37.7,26.47,56.85,6.76,peanut,Ammonium Phosphate (16-20-0)
126.4,57.9,47.0,27.84,69.52,5.4,sugarcane,Urea (46-0-0)
57.2,48.4,36.9,26.33,66.81,6.63,okra,Complete (14-14-14)
54.9,29.3,89.0,27.21,78.06,4.49,pineapple,Muriate of Potash (0-0-60)
41.4,24.9,59.8,25.76,62.19,5.87,sweet_potato,Muriate of Potash (0-0-60)
39.2,34.8,78.3,22.27,75.42,6.6,sweet_potato,Muriate of Potash (0-0-60)
46.0,18.9,82.3,26.64,69.87,5.61,pineapple,Muriate of Potash (0-0-60)
24.0,22.6,25.2,27.82,62.79,5.9,mango,Complete (14-14-14)
71.1,31.1,55.8,21.64,58.37,6.36,garlic,Complete (14-14-14)
43.3,30.2,36.0,25.17,74.53,6.54,okra,Complete (14-14-14)
55.2,30.6,68.9,26.41,61.13,6.25,cassava,Muriate of Potash (0-0-60)
42.4,46.5,48.2,31.27,69.89,5.68,papaya,Complete (14-14-14)
42.1,33.6,74.5,22.25,74.21,6.21,sweet_potato,Muriate of Potash (0-0-60)
55.2,36.8,65.9,25.09,67.88,5.81,tobacco,Ammonium Sulfate (21-0-0)
80.4,43.3,20.4,30.41,71.64,7.26,corn,Urea (46-0-0)
98.8,26.1,32.9,24.78,71.1,5.74,coffee,Complete (14-14-14)
61.7,34.1,86.4,23.27,56.85,6.42,tobacco,Ammonium Sulfate (21-0-0)
56.4,43.3,50.7,24.56,87.9,5.96,papaya,Complete (14-14-14)
48.5,20.4,68.2,31.69,69.73,6.91,cassava,Muriate of Potash (0-0-60)
16.1,17.8,19.6,23.53,79.64,5.65,calamansi,Ammonium Sulfate (21-0-0)
86.6,34.1,52.4,26.99,86.33,5.74,cacao,Complete (14-14-14)
87.0,43.5,23.6,29.57,68.33,7.22,corn,Urea (46-0-0)
24.8,14.4,31.0,32.23,53.01,6.19,mango,Complete (14-14-14)
67.2,41.0,56.7,21.8,60.73,6.65,onion,Complete (14-14-14)
87.4,49.0,56.1,25.59,58.61,6.01,onion,Complete (14-14-14)
24.2,18.8,31.9,25.48,85.4,5.76,rubber,Ammonium Sulfate (21-0-0)
24.3,24.6,29.3,28.22,66.02,5.73,mango,Complete (14-14-14)
91.6,98.0,50.7,28.88,86.3,6.62,banana,Muriate of Potash (0-0-60)
17.0,11.8,26.9,27.72,88.01,6.18,coconut,Muriate of Potash (0-0-60)
111.3,49.4,44.8,30.32,86.45,6.46,rice,Complete (14-14-14)
65.3,31.3,84.7,27.5,92.9,6.0,abaca,Complete (14-14-14)
64.2,42.3,41.1,25.75,80.34,6.69,cacao,Complete (14-14-14)
104.1,25.0,30.1,22.26,77.82,5.25,coffee,Complete (14-14-14)
19.4,31.6,49.4,29.42,56.4,6.59,peanut,Ammonium Phosphate (16-20-0)
41.7,21.0,69.2,24.73,74.95,5.98,sweet_potato,Muriate of Potash (0-0-60)
95.5,55.5,42.9,26.29,82.19,6.02,rice,Complete (14-14-14)
60.3,40.4,82.4,25.31,64.12,5.56,tomato,Complete (14-14-14)
48.4,27.6,70.6,31.37,68.57,5.38,cassava,Muriate of Potash (0-0-60)
70.3,41.1,53.2,25.29,82.03,6.19,cacao,Complete (14-14-14)
24.9,24.6,33.2,33.12,66.42,6.4,mango,Complete (14-14-14)
48.2,41.0,30.1,24.7,70.06,6.57,ampalaya,Complete (14-14-14)
37.6,32.6,69.6,27.44,63.33,6.37,sweet_potato,Muriate of Potash (0-0-60)
40.8,16.3,71.8,28.53,78.48,5.04,pineapple,Muriate of Potash (0-0-60)
89.1,40.0,41.5,27.98,75.77,6.47,rice,Complete (14-14-14)
88.3,36.0,58.4,25.8,86.67,6.21,cacao,Complete (14-14-14)
47.1,45.7,44.5,31.72,86.57,5.74,papaya,Complete (14-14-14)
23.8,17.9,25.4,27.12,79.3,6.21,calamansi,Ammonium Sulfate (21-0-0)
70.5,38.7,52.8,29.38,81.12,6.51,cacao,Complete (14-14-14)
33.0,40.0,87.4,23.56,72.44,6.8,sweet_potato,Muriate of Potash (0-0-60)
34.1,23.5,92.5,24.12,72.0,6.55,sweet_potato,Muriate of Potash (0-0-60)
40.8,50.6,45.6,23.67,86.26,5.56,papaya,Complete (14-14-14)
68.0,21.3,71.2,26.28,92.15,5.37,abaca,Complete (14-14-14)
94.8,94.3,51.6,26.0,82.02,6.14,banana,Muriate of Potash (0-0-60)
113.5,57.3,44.8,30.26,86.61,6.32,rice,Complete (14-14-14)
16.7,22.3,31.1,33.29,51.37,7.39,mango,Complete (14-14-14)
85.2,58.4,42.6,31.85,81.39,5.63,rice,Complete (14-14-14)
46.9,32.5,86.6,27.9,59.33,6.14,tobacco,Ammonium Sulfate (21-0-0)
47.2,15.5,64.2,27.98,68.21,5.18,pineapple,Muriate of Potash (0-0-60)
89.3,24.8,79.6,26.6,94.86,6.09,abaca,Complete (14-14-14)
16.2,11.8,17.7,26.66,76.25,5.85,calamansi,Ammonium Sulfate (21-0-0)
21.3,12.9,18.5,30.69,84.53,5.49,calamansi,Ammonium Sulfate (21-0-0)
55.5,31.1,68.6,26.01,72.68,4.84,pineapple,Muriate of Potash (0-0-60)
58.9,34.6,29.8,30.38,71.33,6.7,ampalaya,Complete (14-14-14)
24.6,29.3,24.5,29.37,83.52,5.67,rubber,Ammonium Sulfate (21-0-0)
23.4,13.3,33.8,29.94,93.84,6.93,coconut,Muriate of Potash (0-0-60)
101.7,20.0,34.5,27.31,80.42,6.22,coffee,Complete (14-14-14)
74.2,47.3,59.9,28.18,79.33,6.39,eggplant,Complete (14-14-14)
84.5,54.1,23.9,30.6,61.1,5.52,corn,Urea (46-0-0)
58.3,47.9,32.1,27.85,67.39,6.11,okra,Complete (14-14-14)
23.9,24.4,30.1,27.88,52.69,6.07,mango,Complete (14-14-14)
26.0,17.8,31.8,27.85,87.33,5.53,rubber,Ammonium Sulfate (21-0-0)
18.8,38.6,23.8,29.97,70.98,6.88,mungbean,Ammonium Phosphate (16-20-0)
40.0,19.8,82.5,26.84,70.41,6.02,pineapple,Muriate of Potash (0-0-60)
54.5,33.2,32.2,31.5,75.92,6.26,ampalaya,Complete (14-14-14)
18.1,17.4,19.8,26.2,75.26,5.83,calamansi,Ammonium Sulfate (21-0-0)
89.4,46.0,58.9,22.92,67.2,6.27,garlic,Complete (14-14-14)
91.8,54.0,23.8,27.35,63.48,5.79,corn,Urea (46-0-0)
38.6,27.8,18.9,30.13,76.38,5.57,rubber,Ammonium Sulfate (21-0-0)
78.9,43.9,45.7,27.9,66.92,6.54,garlic,Complete (14-14-14)
75.3,22.8,78.8,27.41,86.2,5.98,abaca,Complete (14-14-14)
82.4,61.6,23.7,25.1,62.31,6.33,corn,Urea (46-0-0)
44.8,24.4,74.8,26.66,67.33,5.43,sweet_potato,Muriate of Potash (0-0-60)
77.1,28.4,70.1,26.89,82.01,5.31,abaca,Complete (14-14-14)
17.6,24.3,30.2,34.73,58.58,5.92,mango,Complete (14-14-14)
18.1,16.0,31.7,28.49,69.01,5.66,mango,Complete (14-14-14)
94.6,42.3,20.8,26.61,63.2,6.47,corn,Urea (46-0-0)
99.1,78.5,53.6,31.37,81.83,6.54,banana,Muriate of Potash (0-0-60)
51.1,38.2,70.6,31.83,71.15,6.92,cassava,Muriate of Potash (0-0-60)
63.1,20.3,62.1,22.79,68.74,5.46,tobacco,Ammonium Sulfate (21-0-0)
51.4,29.0,63.4,28.65,58.83,6.08,cassava,Muriate of Potash (0-0-60)
26.1,42.4,32.7,26.91,69.05,6.21,peanut,Ammonium Phosphate (16-20-0)
103.2,48.6,42.8,28.48,77.73,6.94,rice,Complete (14-14-14)
26.6,15.0,31.9,24.63,86.12,5.59,rubber,Ammonium Sulfate (21-0-0)
38.9,21.1,68.3,26.44,69.99,5.19,pineapple,Muriate of Potash (0-0-60)
17.0,18.9,25.4,30.48,65.41,5.63,mango,Complete (14-14-14)
74.0,46.5,41.4,22.3,57.05,6.45,onion,Complete (14-14-14)
79.0,36.2,51.8,24.82,67.19,6.94,onion,Complete (14-14-14)
81.6,55.3,79.3,23.35,67.47,5.86,tomato,Complete (14-14-14)
81.4,21.6,82.1,27.6,92.23,6.07,abaca,Complete (14-14-14)
103.4,23.8,25.8,20.48,66.39,5.24,coffee,Complete (14-14-14)
23.9,8.3,29.1,28.38,93.49,7.34,coconut,Muriate of Potash (0-0-60)
78.5,36.9,54.7,20.59,56.51,6.05,garlic,Complete (14-14-14)
50.5,42.9,39.3,27.41,74.66,6.06,ampalaya,Complete (14-14-14)
34.7,29.5,31.3,29.89,78.64,5.59,rubber,Ammonium Sulfate (21-0-0)
88.2,30.4,50.8,24.36,69.33,6.75,garlic,Complete (14-14-14)
50.7,36.0,32.7,29.91,71.72,6.07,okra,Complete (14-14-14)
57.5,32.7,64.0,26.13,66.69,6.33,cassava,Muriate of Potash (0-0-60)
142.1,47.2,48.1,33.99,68.81,5.73,sugarcane,Urea (46-0-0)
61.8,29.5,78.3,30.52,89.26,6.47,abaca,Complete (14-14-14)
29.9,27.7,33.0,30.39,87.74,4.54,rubber,Ammonium Sulfate (21-0-0)
18.0,22.3,32.4,34.49,67.92,5.32,mango,Complete (14-14-14)
50.7,39.0,63.6,29.33,66.34,6.24,tobacco,Ammonium Sulfate (21-0-0)
28.6,38.1,42.5,28.05,61.85,6.7,peanut,Ammonium Phosphate (16-20-0)
34.2,20.8,76.0,22.61,65.95,6.19,sweet_potato,Muriate of Potash (0-0-60)
80.5,54.8,45.7,27.46,69.24,5.96,eggplant,Complete (14-14-14)
82.2,51.3,49.7,21.53,67.66,6.89,onion,Complete (14-14-14)
70.9,47.2,81.3,23.34,61.85,6.54,tomato,Complete (14-14-14)
27.7,24.9,24.6,25.45,83.25,5.33,rubber,Ammonium Sulfate (21-0-0)
17.8,31.1,22.2,27.97,61.79,6.73,mungbean,Ammonium Phosphate (16-20-0)
43.0,37.2,77.9,22.96,56.63,6.16,tobacco,Ammonium Sulfate (21-0-0)
51.0,31.4,49.8,28.39,72.89,6.28,okra,Complete (14-14-14)
97.4,51.2,23.3,28.97,66.52,7.57,corn,Urea (46-0-0)
46.0,31.5,41.8,26.64,73.19,6.42,ampalaya,Complete (14-14-14)
63.3,25.0,79.6,31.59,91.43,6.54,abaca,Complete (14-14-14)
27.6,20.4,28.5,24.45,79.33,5.09,rubber,Ammonium Sulfate (21-0-0)
90.2,41.4,44.4,28.11,82.19,6.15,cacao,Complete (14-14-14)
46.0,56.1,45.2,32.15,72.33,6.66,papaya,Complete (14-14-14)
20.6,14.7,20.0,27.53,77.68,5.78,calamansi,Ammonium Sulfate (21-0-0)
112.7,57.1,43.8,29.76,85.66,6.88,rice,Complete (14-14-14)
47.4,38.1,66.0,28.93,59.13,6.05,tobacco,Ammonium Sulfate (21-0-0)
21.4,12.5,27.1,28.07,85.45,6.95,coconut,Muriate of Potash (0-0-60)
81.5,50.2,22.1,27.95,60.91,6.92,corn,Urea (46-0-0)
82.6,47.4,42.9,26.76,74.17,6.4,eggplant,Complete (14-14-14)
88.8,44.8,58.9,21.92,68.26,6.4,eggplant,Complete (14-14-14)
41.5,46.1,34.5,31.73,72.82,6.53,okra,Complete (14-14-14)
43.2,28.2,71.3,25.33,76.18,4.76,pineapple,Muriate of Potash (0-0-60)
16.1,21.2,29.9,32.2,50.64,6.1,mango,Complete (14-14-14)
49.0,44.9,33.6,24.73,64.05,6.69,okra,Complete (14-14-14)
71.6,30.7,45.5,27.68,63.79,6.58,onion,Complete (14-14-14)
107.9,39.6,46.7,28.04,66.15,6.32,sugarcane,Urea (46-0-0)
44.0,22.8,69.4,26.43,62.29,5.83,sweet_potato,Muriate of Potash (0-0-60)
41.3,42.0,32.9,24.28,70.99,6.32,okra,Complete (14-14-14)
76.7,42.1,48.6,22.8,65.28,6.45,garlic,Complete (14-14-14)
56.5,26.1,70.8,24.41,58.92,5.82,tobacco,Ammonium Sulfate (21-0-0)
113.6,40.5,50.5,30.01,65.99,6.45,sugarcane,Urea (46-0-0)
23.0,31.4,27.6,30.46,63.01,6.34,mungbean,Ammonium Phosphate (16-20-0)
76.5,32.2,46.4,24.52,64.09,6.68,garlic,Complete (14-14-14)
60.5,29.9,58.5,25.33,88.3,5.8,cacao,Complete (14-14-14)
20.7,25.8,22.8,29.77,75.39,5.76,rubber,Ammonium Sulfate (21-0-0)
24.7,15.1,27.2,29.67,63.05,5.86,mango,Complete (14-14-14)
57.6,23.0,59.7,29.25,67.11,6.33,tobacco,Ammonium Sulfate (21-0-0)
54.5,45.4,36.2,30.18,75.32,6.63,ampalaya,Complete (14-14-14)
21.4,8.8,26.2,25.72,85.98,7.89,coconut,Muriate of Potash (0-0-60)
40.6,39.3,33.9,30.5,74.31,6.64,okra,Complete (14-14-14)
82.2,40.5,44.3,28.83,67.47,5.93,eggplant,Complete (14-14-14)
74.7,33.9,43.3,24.82,69.34,6.52,onion,Complete (14-14-14)
59.9,57.6,50.4,31.76,80.3,6.28,papaya,Complete (14-14-14)
14.9,17.0,24.7,30.69,76.73,6.53,calamansi,Ammonium Sulfate (21-0-0)
16.0,24.4,28.3,35.06,55.95,7.36,mango,Complete (14-14-14)
47.5,26.4,79.2,27.57,60.01,6.29,tobacco,Ammonium Sulfate (21-0-0)
42.9,50.3,51.4,24.58,77.82,5.53,papaya,Complete (14-14-14)
132.7,41.2,54.3,27.08,68.94,5.62,sugarcane,Urea (46-0-0)
23.4,12.9,16.4,25.78,73.16,6.19,calamansi,Ammonium Sulfate (21-0-0)
48.4,36.1,41.2,29.54,66.11,6.76,ampalaya,Complete (14-14-14)
86.0,47.1,24.5,29.85,60.3,6.2,corn,Urea (46-0-0)
91.6,59.2,62.7,25.23,68.2,6.2,tomato,Complete (14-14-14)
53.2,51.7,52.1,28.13,79.57,6.3,papaya,Complete (14-14-14)
16.7,35.6,29.6,30.82,74.79,7.0,mungbean,Ammonium Phosphate (16-20-0)
27.9,23.3,25.8,28.62,89.14,5.26,rubber,Ammonium Sulfate (21-0-0)
16.0,22.2,25.6,36.27,62.93,6.13,mango,Complete (14-14-14)
51.3,41.6,42.5,24.62,67.53,6.15,ampalaya,Complete (14-14-14)
96.5,49.8,24.3,29.08,66.03,5.54,corn,Urea (46-0-0)
34.4,27.3,81.4,24.7,73.66,5.9,sweet_potato,Muriate of Potash (0-0-60)
21.1,16.4,28.1,33.76,56.6,5.56,mango,Complete (14-14-14)
74.4,39.7,55.8,26.03,68.73,6.47,onion,Complete (14-14-14)
48.9,49.4,48.8,29.6,86.39,5.81,papaya,Complete (14-14-14)
92.4,60.8,24.0,25.25,60.97,6.84,corn,Urea (46-0-0)
22.3,11.8,29.7,25.53,80.11,6.21,coconut,Muriate of Potash (0-0-60)
98.8,16.3,29.9,25.42,78.1,5.09,coffee,Complete (14-14-14)
102.4,43.0,50.4,28.0,77.89,5.63,sugarcane,Urea (46-0-0)
98.0,45.7,21.2,32.32,67.71,7.3,corn,Urea (46-0-0)
21.5,13.8,31.6,27.13,81.44,7.36,coconut,Muriate of Potash (0-0-60)
82.4,39.6,45.5,24.43,80.82,5.92,cacao,Complete (14-14-14)
89.4,55.0,44.7,22.19,75.79,6.17,eggplant,Complete (14-14-14)
55.2,40.4,28.9,24.34,73.69,6.39,ampalaya,Complete (14-14-14)
56.1,42.5,31.4,28.33,72.79,6.71,okra,Complete (14-14-14)
48.0,41.6,33.6,31.75,73.11,6.53,ampalaya,Complete (14-14-14)
37.6,30.2,33.2,24.31,83.42,5.75,rubber,Ammonium Sulfate (21-0-0)
47.5,38.8,74.8,26.03,63.94,5.68,sweet_potato,Muriate of Potash (0-0-60)
41.6,37.3,32.2,27.99,63.91,6.4,okra,Complete (14-14-14)
55.1,35.0,47.5,31.07,72.71,6.6,ampalaya,Complete (14-14-14)
61.5,49.2,41.1,29.13,76.99,6.53,cacao,Complete (14-14-14)
67.8,57.6,85.3,25.9,60.76,5.84,tomato,Complete (14-14-14)
16.6,15.0,31.5,31.64,60.95,7.15,mango,Complete (14-14-14)
100.3,56.5,43.6,31.7,86.41,6.23,rice,Complete (14-14-14)
76.9,45.3,57.1,25.28,66.39,6.59,onion,Complete (14-14-14)
22.8,23.1,25.2,35.02,64.14,5.89,mango,Complete (14-14-14)
42.1,31.2,39.8,27.7,69.02,6.69,okra,Complete (14-14-14)
22.8,36.7,48.2,25.77,63.14,6.48,peanut,Ammonium Phosphate (16-20-0)
63.8,30.1,62.5,29.7,64.78,5.73,tobacco,Ammonium Sulfate (21-0-0)
89.8,54.7,81.5,20.25,62.27,6.61,tomato,Complete (14-14-14)
19.1,15.4,15.5,29.04,80.3,6.0,calamansi,Ammonium Sulfate (21-0-0)
30.9,35.5,60.8,26.61,68.1,6.31,sweet_potato,Muriate of Potash (0-0-60)
36.9,26.6,31.7,29.15,86.44,4.67,rubber,Ammonium Sulfate (21-0-0)
54.0,48.8,48.1,25.19,74.37,6.0,okra,Complete (14-14-14)
42.3,54.9,44.9,25.02,87.72,6.28,papaya,Complete (14-14-14)
24.4,22.9,32.7,28.91,64.09,5.95,mango,Complete (14-14-14)
16.5,22.3,27.6,27.56,62.48,7.14,mango,Complete (14-14-14)
18.9,36.2,42.6,24.48,62.0,5.62,peanut,Ammonium Phosphate (16-20-0)
92.1,86.2,49.6,27.18,85.88,6.04,banana,Muriate of Potash (0-0-60)
21.9,17.0,27.3,34.61,58.04,6.1,mango,Complete (14-14-14)
84.2,56.4,48.7,29.33,72.22,6.82,eggplant,Complete (14-14-14)
65.3,56.7,42.6,24.44,67.83,6.15,eggplant,Complete (14-14-14)
96.0,28.0,24.8,23.65,61.55,6.25,coffee,Complete (14-14-14)
24.8,40.0,30.1,28.88,68.42,6.36,peanut,Ammonium Phosphate (16-20-0)
52.1,45.7,33.0,28.85,65.77,6.25,ampalaya,Complete (14-14-14)
70.6,21.9,66.0,23.77,88.27,6.16,abaca,Complete (14-14-14)
17.3,49.0,30.6,30.92,69.78,6.74,mungbean,Ammonium Phosphate (16-20-0)
70.7,56.0,47.1,22.46,72.31,6.19,eggplant,Complete (14-14-14)
84.3,42.8,44.8,24.5,66.29,6.22,eggplant,Complete (14-14-14)
61.2,33.6,63.7,22.35,68.35,5.52,tobacco,Ammonium Sulfate (21-0-0)
63.3,59.7,43.8,23.95,65.47,5.74,eggplant,Complete (14-14-14)
85.8,36.0,58.9,19.84,65.39,6.32,garlic,Complete (14-14-14)
59.0,45.7,86.7,20.87,74.18,6.48,tomato,Complete (14-14-14)
57.4,34.4,34.0,30.1,61.34,6.79,okra,Complete (14-14-14)
23.8,29.7,28.2,24.87,70.76,6.37,mungbean,Ammonium Phosphate (16-20-0)
19.6,24.5,27.6,28.41,77.29,5.2,rubber,Ammonium Sulfate (21-0-0)
31.6,28.3,30.0,31.14,78.38,5.4,rubber,Ammonium Sulfate (21-0-0)
49.1,40.7,29.0,24.26,65.95,6.1,okra,Complete (14-14-14)
51.1,36.4,89.2,26.61,56.57,5.39,cassava,Muriate of Potash (0-0-60)
90.4,30.5,34.9,23.31,76.45,6.0,coffee,Complete (14-14-14)
79.2,52.5,74.3,24.06,63.16,5.79,tomato,Complete (14-14-14)
20.2,11.5,21.4,29.82,73.53,5.63,calamansi,Ammonium Sulfate (21-0-0)
49.7,49.7,43.5,26.44,68.5,6.62,ampalaya,Complete (14-14-14)
40.7,35.0,69.3,23.26,72.96,5.73,sweet_potato,Muriate of Potash (0-0-60)
48.3,29.3,79.8,27.79,67.27,5.39,cassava,Muriate of Potash (0-0-60)
44.2,29.8,77.5,26.35,70.14,5.88,pineapple,Muriate of Potash (0-0-60)
44.9,44.3,46.3,27.97,64.82,6.16,okra,Complete (14-14-14)
35.8,21.4,26.2,26.46,80.4,5.53,rubber,Ammonium Sulfate (21-0-0)
57.5,35.8,41.9,27.06,77.57,6.21,ampalaya,Complete (14-14-14)
42.8,47.1,47.2,28.97,79.69,6.42,papaya,Complete (14-14-14)
117.8,53.0,44.6,31.42,79.58,5.91,rice,Complete (14-14-14)
43.9,39.2,64.9,26.08,76.52,5.46,cassava,Muriate of Potash (0-0-60)
52.5,25.9,83.3,27.69,67.71,5.0,pineapple,Muriate of Potash (0-0-60)
84.0,37.0,42.4,24.45,83.72,6.31,cacao,Complete (14-14-14)
66.8,51.7,47.2,24.54,77.64,6.6,eggplant,Complete (14-14-14)
17.8,17.9,17.4,26.78,72.32,6.41,calamansi,Ammonium Sulfate (21-0-0)
59.3,27.7,74.6,26.15,53.83,5.88,cassava,Muriate of Potash (0-0-60)
16.0,13.8,25.4,27.73,84.15,5.32,coconut,Muriate of Potash (0-0-60)
110.4,84.8,45.6,29.64,75.84,5.97,banana,Muriate of Potash (0-0-60)
64.6,40.6,51.0,29.58,77.92,6.02,cacao,Complete (14-14-14)
97.5,97.4,49.5,25.78,89.93,6.91,banana,Muriate of Potash (0-0-60)
24.6,26.5,22.4,31.83,83.39,4.88,rubber,Ammonium Sulfate (21-0-0)
52.4,31.9,70.1,28.7,72.67,6.92,cassava,Muriate of Potash (0-0-60)
69.3,58.5,59.6,26.07,66.01,5.61,eggplant,Complete (14-14-14)
89.2,38.1,78.1,26.32,92.48,6.24,abaca,Complete (14-14-14)
75.2,42.4,62.6,21.98,67.78,6.06,tomato,Complete (14-14-14)
18.4,10.6,19.1,25.26,80.88,5.97,calamansi,Ammonium Sulfate (21-0-0)
88.8,49.4,53.4,21.57,60.79,6.95,onion,Complete (14-14-14)
64.0,30.1,56.6,24.35,78.84,6.6,cacao,Complete (14-14-14)
58.9,32.9,33.6,27.04,77.56,6.53,ampalaya,Complete (14-14-14)
40.2,28.9,85.0,28.28,74.5,4.33,pineapple,Muriate of Potash (0-0-60)
93.2,16.4,31.2,21.66,71.07,5.96,coffee,Complete (14-14-14)
17.3,10.8,16.2,26.4,79.97,5.85,calamansi,Ammonium Sulfate (21-0-0)
24.3,9.1,31.1,26.71,81.32,7.15,coconut,Muriate of Potash (0-0-60)
82.1,35.4,41.8,26.77,61.98,6.49,onion,Complete (14-14-14)
71.1,31.9,44.6,27.3,57.43,6.38,garlic,Complete (14-14-14)
68.9,36.3,62.3,28.35,60.13,5.76,tobacco,Ammonium Sulfate (21-0-0)
54.1,46.5,48.5,30.32,71.52,6.77,ampalaya,Complete (14-14-14)
99.5,89.4,54.2,25.23,90.4,6.92,banana,Muriate of Potash (0-0-60)
128.6,58.2,49.2,29.51,78.99,6.36,sugarcane,Urea (46-0-0)
57.3,49.5,42.8,25.14,68.65,6.66,okra,Complete (14-14-14)
98.3,77.8,50.9,30.24,76.93,5.54,banana,Muriate of Potash (0-0-60)
82.5,44.7,67.5,24.62,64.2,6.04,tomato,Complete (14-14-14)
35.1,26.0,74.6,25.85,65.74,6.33,sweet_potato,Muriate of Potash (0-0-60)
71.4,47.5,61.0,25.44,73.88,6.12,eggplant,Complete (14-14-14)
90.8,35.3,40.4,21.52,63.73,6.23,garlic,Complete (14-14-14)
46.9,35.6,76.7,25.63,68.57,6.01,sweet_potato,Muriate of Potash (0-0-60)
17.1,45.1,23.1,31.4,72.52,6.73,mungbean,Ammonium Phosphate (16-20-0)
101.9,60.2,43.3,25.41,79.59,5.98,rice,Complete (14-14-14)
83.6,46.4,51.3,26.83,58.32,6.74,garlic,Complete (14-14-14)
38.8,33.3,83.8,22.74,62.79,6.67,sweet_potato,Muriate of Potash (0-0-60)
112.4,48.1,49.9,29.12,70.13,6.98,sugarcane,Urea (46-0-0)
96.4,75.3,47.2,25.7,86.9,6.26,banana,Muriate of Potash (0-0-60)
54.8,30.6,84.3,22.49,65.21,5.99,tobacco,Ammonium Sulfate (21-0-0)
107.9,15.8,30.1,27.49,67.82,5.52,coffee,Complete (14-14-14)
50.7,35.3,72.2,24.67,68.47,5.69,tobacco,Ammonium Sulfate (21-0-0)
91.1,17.7,34.7,21.84,69.78,5.06,coffee,Complete (14-14-14)
49.4,35.7,72.3,27.35,75.22,5.66,cassava,Muriate of Potash (0-0-60)
62.9,32.1,43.8,30.74,82.93,6.59,cacao,Complete (14-14-14)
107.5,71.7,51.1,27.78,83.46,6.04,banana,Muriate of Potash (0-0-60)
44.9,26.7,75.9,27.39,68.18,5.27,cassava,Muriate of Potash (0-0-60)
23.5,44.4,41.3,26.42,65.01,5.63,peanut,Ammonium Phosphate (16-20-0)
132.8,54.8,54.9,28.66,66.27,6.97,sugarcane,Urea (46-0-0)
63.8,47.6,44.5,27.53,79.26,6.14,cacao,Complete (14-14-14)
29.0,28.6,24.9,28.02,83.97,4.68,rubber,Ammonium Sulfate (21-0-0)
81.8,32.0,64.3,27.15,81.24,5.71,abaca,Complete (14-14-14)
54.9,63.8,47.3,28.78,85.51,6.39,papaya,Complete (14-14-14)
17.3,11.3,27.4,27.45,85.24,7.32,coconut,Muriate of Potash (0-0-60)
91.0,47.4,22.8,29.87,71.2,5.73,corn,Urea (46-0-0)
63.1,43.9,72.4,25.11,71.92,6.3,tomato,Complete (14-14-14)
102.3,24.9,31.5,19.8,60.94,6.14,coffee,Complete (14-14-14)
88.4,47.1,71.2,24.74,67.85,5.7,tomato,Complete (14-14-14)
41.4,39.3,76.9,25.95,60.04,6.49,sweet_potato,Muriate of Potash (0-0-60)
43.1,28.5,78.1,28.21,65.54,6.97,cassava,Muriate of Potash (0-0-60)
63.1,52.4,66.2,20.53,69.43,6.14,tomato,Complete (14-14-14)
53.9,51.2,45.5,24.67,84.54,6.78,papaya,Complete (14-14-14)
55.7,27.6,79.9,26.88,61.08,5.65,tobacco,Ammonium Sulfate (21-0-0)
84.7,39.4,45.4,29.95,84.14,6.09,rice,Complete (14-14-14)
105.0,18.3,30.3,24.86,60.47,5.58,coffee,Complete (14-14-14)
83.8,47.0,49.6,29.14,68.66,6.77,eggplant,Complete (14-14-14)
22.6,35.1,24.5,30.91,67.23,6.0,mungbean,Ammonium Phosphate (16-20-0)
81.8,41.6,55.8,23.49,63.79,6.0,onion,Complete (14-14-14)
20.8,48.4,28.4,28.45,72.24,6.42,mungbean,Ammonium Phosphate (16-20-0)
63.8,42.8,56.0,22.03,61.88,6.75,garlic,Complete (14-14-14)
17.3,14.2,27.7,26.51,85.93,5.93,coconut,Muriate of Potash (0-0-60)
72.9,44.8,59.7,23.06,62.93,6.33,garlic,Complete (14-14-14)
17.9,20.0,33.6,31.21,65.15,7.27,mango,Complete (14-14-14)
16.2,43.1,45.0,28.36,53.48,5.92,peanut,Ammonium Phosphate (16-20-0)
42.5,20.9,75.8,28.69,65.75,6.31,tobacco,Ammonium Sulfate (21-0-0)
67.8,48.4,52.3,25.28,67.75,6.62,garlic,Complete (14-14-14)
18.1,21.6,34.3,27.23,57.91,7.1,mango,Complete (14-14-14)
83.9,51.9,70.2,25.99,74.36,5.71,tomato,Complete (14-14-14)
21.5,41.7,34.1,25.87,69.71,6.11,peanut,Ammonium Phosphate (16-20-0)
23.8,19.5,22.2,25.85,71.06,5.62,calamansi,Ammonium Sulfate (21-0-0)
46.9,30.2,69.5,23.58,80.46,5.16,pineapple,Muriate of Potash (0-0-60)
81.7,45.1,22.6,24.71,68.81,6.44,corn,Urea (46-0-0)
19.5,17.6,17.2,27.28,75.1,5.86,calamansi,Ammonium Sulfate (21-0-0)
71.7,31.7,89.9,30.9,82.54,6.37,abaca,Complete (14-14-14)
78.3,34.8,49.2,26.63,66.93,6.13,garlic,Complete (14-14-14)
45.4,23.6,76.0,25.8,68.26,5.37,cassava,Muriate of Potash (0-0-60)
137.8,54.6,41.6,31.16,71.38,6.02,sugarcane,Urea (46-0-0)
96.1,25.7,32.0,23.89,60.66,5.06,coffee,Complete (14-14-14)
25.6,26.3,26.6,26.69,80.78,5.05,rubber,Ammonium Sulfate (21-0-0)
94.0,57.4,43.9,28.78,85.14,6.53,rice,Complete (14-14-14)
117.5,60.1,41.2,26.74,73.34,7.39,sugarcane,Urea (46-0-0)
44.3,38.1,62.6,28.48,73.11,6.71,sweet_potato,Muriate of Potash (0-0-60)
31.6,19.7,20.9,31.48,81.88,5.59,rubber,Ammonium Sulfate (21-0-0)
77.7,20.7,70.1,25.75,94.49,6.41,abaca,Complete (14-14-14)
15.3,37.1,46.3,27.03,58.84,6.28,peanut,Ammonium Phosphate (16-20-0)
88.3,39.3,82.5,23.31,68.72,5.84,tomato,Complete (14-14-14)
109.0,20.7,29.1,28.1,76.0,5.52,coffee,Complete (14-14-14)
55.8,34.0,36.9,29.91,74.15,6.58,okra,Complete (14-14-14)
84.0,60.1,21.5,26.56,63.02,7.36,corn,Urea (46-0-0)
60.6,35.4,50.0,22.15,69.83,6.64,onion,Complete (14-14-14)
74.4,48.9,51.1,26.34,69.03,5.61,eggplant,Complete (14-14-14)
103.8,90.5,47.9,28.85,81.23,6.77,banana,Muriate of Potash (0-0-60)
29.4,40.6,43.6,27.46,59.19,6.62,peanut,Ammonium Phosphate (16-20-0)
142.5,59.6,57.5,27.1,77.46,5.98,sugarcane,Urea (46-0-0)
91.3,42.4,60.5,25.18,57.94,6.74,onion,Complete (14-14-14)
47.2,36.2,35.0,25.47,71.74,6.79,okra,Complete (14-14-14)
47.5,29.4,77.4,30.28,71.14,5.61,cassava,Muriate of Potash (0-0-60)
45.6,27.0,69.8,25.75,71.37,6.68,sweet_potato,Muriate of Potash (0-0-60)
19.6,38.9,40.0,25.48,68.75,6.49,peanut,Ammonium Phosphate (16-20-0)
89.9,30.3,56.2,28.79,77.53,5.89,cacao,Complete (14-14-14)
