soil_moisture,soil_temperature,air_temperature,humidity,ph,nitrogen,phosphorus,potassium,crop
70.98,18.88,20.87974371,82.00274423,6.502985292000001,90,42,43,rice
76.94,20.82,21.77046169,80.31964408,7.038096361,85,58,41,rice
86.31,21.24,23.00445915,82.3207629,7.840207144,60,55,44,rice
81.01,24.94,26.49109635,80.15836264,6.980400905,74,35,40,rice
86.0,18.22,20.13017482,81.60487287,7.628472891,78,42,42,rice
83.07,20.69,23.05804872,83.37011772,7.073453503,69,37,42,rice
88.16,20.27,22.70883798,82.63941394,5.70080568,69,55,38,rice
80.79,18.38,20.27774362,82.89408619,5.718627177999999,94,53,40,rice
77.89,23.99,24.51588066,83.53521629999999,6.685346424,89,54,38,rice
75.57,22.05,23.22397386,83.03322691,6.336253525,68,58,38,rice
86.47,25.09,26.52723513,81.41753846,5.386167788,91,53,40,rice
82.82,22.83,23.97898217,81.45061596,7.50283396,90,46,42,rice
91.45,24.96,26.80079604,80.88684822,5.108681786,78,58,44,rice
66.54,23.24,24.01497622,82.05687182,6.98435366,93,56,36,rice
72.65,24.85,25.66585205,80.66385045,6.94801983,94,50,37,rice
78.05,21.82,24.28209415,80.30025587,7.042299068999999,60,48,39,rice
89.5,20.38,21.58711777,82.7883708,6.2490506560000005,85,38,41,rice
71.81,21.95,23.79391957,80.41817957,6.970859754,91,35,39,rice
76.41,20.72,21.8652524,80.1923008,5.953933276,77,38,36,rice
93.18,23.0,23.57943626,83.58760316,5.85393208,88,35,40,rice
66.6,19.6,21.32504158,80.47476396,6.442475375,89,45,36,rice
78.13,24.0,25.15745531,83.11713476,5.070175667,76,40,43,rice
73.6,20.17,21.94766735,80.97384195,6.012632591,67,59,41,rice
78.56,19.99,21.0525355,82.67839517,6.254028451,83,41,43,rice
76.28,21.97,23.48381344,81.33265073,7.375482851,98,47,37,rice
84.56,24.04,25.0756354,80.52389148,7.778915154,66,53,41,rice
88.17,25.49,26.35927159,84.04403589,6.2865001760000006,97,59,43,rice
85.38,22.62,24.52922681,80.54498576,7.070959995,97,50,41,rice
80.31,20.12,20.77576147,84.49774397,6.244841491,60,49,44,rice
69.73,20.89,22.30157427,80.64416466,6.043304899,84,51,35,rice
88.38,20.81,21.44653958,84.94375962,5.824709117,73,57,41,rice
70.26,19.97,22.17931888,80.33127223,6.3573893660000005,92,35,40,rice
76.44,23.87,24.52783742,82.73685569,6.364134967999999,85,37,39,rice
87.94,19.3,20.26707606,81.63895217,5.01450727,98,53,38,rice
78.56,24.85,25.7354293,83.88266234,6.149410611,88,54,44,rice
68.57,25.54,26.79533926,82.1480873,5.950660556,95,55,42,rice
88.4,25.36,26.75754171,81.17734011,5.960370061,99,57,35,rice
91.66,21.83,23.86330467,83.15250801,5.561398642,95,39,36,rice
94.96,18.94,21.01944696,82.95221726,7.416245107000001,60,43,44,rice
84.57,22.01,24.17298839,83.7287574,5.583370042,63,44,41,rice
82.48,20.6,22.78133816,82.06719137,6.430010215,62,42,36,rice
72.73,24.73,25.62980105,83.52842314,5.534878156,64,45,43,rice
70.45,24.91,25.59704938,80.14509262,6.903985986,83,60,36,rice
95.0,21.64,23.83067496,84.81360127,6.271478837999999,82,40,40,rice
86.7,25.35,26.31355498,82.36698992,7.224285503,85,52,45,rice
66.14,23.53,24.8972823,80.52586088,6.13428721,91,35,38,rice
69.48,22.95,24.958779,84.47963372,5.206373153,76,49,42,rice
78.54,21.14,23.24113501,84.59201843,7.782051312999999,74,39,38,rice
72.96,19.69,21.66628296,80.70960551,7.062779015,79,43,39,rice
83.74,22.22,24.63544858,80.41363018,7.730367824,88,55,45,rice
75.24,21.01,23.43121862,83.06310136,5.286203711000001,60,36,43,rice
72.4,19.08,20.0454142,80.3477562,6.766240045,76,60,39,rice
69.01,22.56,23.85724032,82.22572988,7.382762603,93,56,42,rice
77.12,20.46,21.97199397,81.89918197,5.658169482000001,65,60,43,rice
91.97,24.6,26.22916897,83.83625819,5.543360237999999,95,52,36,rice
91.33,22.02,23.44676801,84.79352417,6.215109715,75,38,39,rice
74.61,24.83,25.65553461,83.47021081,7.120272972,74,54,38,rice
87.32,23.07,24.44345477,82.45432595,5.950647577000001,91,36,45,rice
68.22,19.17,20.2801937,82.1235421,7.236705436,71,46,40,rice
89.83,19.89,21.7238313,80.2389895,6.501697816,99,55,35,rice
81.58,19.62,20.41447029,82.20802629,7.592490617,72,40,38,rice
81.71,25.18,25.75528612,83.51827127,5.875345751,83,58,45,rice
90.22,19.81,20.61521424,83.77345559,6.932400225,93,58,38,rice
70.84,19.63,21.84106875,80.72886384,6.9462098810000015,70,36,42,rice
86.23,19.31,20.08369642,83.29114712,5.739175027000001,76,47,42,rice
65.86,22.33,24.45802087,82.74835604,6.738652179,99,41,36,rice
69.91,18.72,21.14347496,80.33502926,5.5948196260000005,99,54,37,rice
81.17,25.11,25.78720567,82.11124033,6.946636369,86,59,35,rice
86.09,23.01,23.64124821,80.28597873,5.012139669,69,46,41,rice
87.7,22.34,23.43191632,80.56887849,6.363472207999999,91,56,37,rice
71.45,22.65,24.97669518,83.891805,6.880431223,61,52,41,rice
85.54,21.89,22.72791041,82.17068809999998,7.300410836,67,45,38,rice
94.26,23.8,24.87300744,82.84022551,6.587918707999999,79,42,37,rice
68.31,19.38,21.32376327,83.00320459,7.283736617000001,78,43,42,rice
84.68,24.58,26.29465461,84.56919326,7.023936392,75,54,36,rice
89.86,19.91,22.2286982,81.85872947,6.939083505,97,36,45,rice
90.44,25.81,26.73072391,81.78596776,7.868474653,67,47,44,rice
66.71,22.93,24.88921174,81.97927117,5.005306977,73,35,38,rice
68.88,26.11,26.88444878,81.46033732,6.136131869,77,36,37,rice
70.47,22.03,22.67846116,83.72874389,7.5240800760000015,81,41,38,rice
65.95,24.02,26.08867875,80.37979919,5.706943251,68,57,43,rice
69.07,23.37,25.42977518,82.94682591,5.758506323,72,45,35,rice
76.11,24.31,26.40323239,81.05635517,6.349606327,61,53,43,rice
66.91,25.51,26.04371967,84.96907151,5.9999690260000005,67,43,39,rice
75.29,23.18,25.2827223,80.54372813,5.453592032,67,58,39,rice
78.21,21.36,22.08576562,83.47038318,6.372576327000001,66,60,38,rice
80.87,21.97,23.28617173,81.43321641,5.105588355,82,43,38,rice
65.88,23.58,25.48591986,81.40633547,5.9353444060000005,84,50,44,rice
78.71,21.46,23.67575393,81.03569343,5.17782304,81,53,42,rice
77.83,18.51,20.82477109,84.1341879,6.462391607000001,91,50,40,rice
93.02,24.88,26.92995077,81.91411159,7.069172227,93,53,38,rice
80.59,21.46,23.83509503,83.88387074,7.473134377,90,44,38,rice
74.99,25.66,26.52872817,80.12267476,6.158376967000001,81,45,35,rice
82.36,24.2,26.46428311,83.85642678,7.549873681,78,40,38,rice
84.56,21.13,22.69657794,82.81088865,6.028321557999999,60,51,36,rice
68.8,22.01,22.68319059,83.46358271,6.604993475,88,46,42,rice
94.34,20.37,21.53346343,82.14004101,6.500343222000001,93,47,37,rice
92.24,20.4,21.40865769,83.32931909999998,5.935745417000001,60,55,45,rice
66.13,24.95,26.54348085,84.67353597,7.072655622,78,35,44,rice
67.33,21.84,23.35905428,83.59512273,5.333322606,65,37,40,rice
42.05,20.51,22.61359953,63.69070564,5.7499144210000015,71,54,16,maize
45.69,24.01,26.10018422,71.57476937,6.931756557999999,61,44,17,maize
36.76,21.91,23.55882094,71.59351368,6.657964753,80,43,16,maize
35.24,18.02,19.97215954,57.68272924,6.596060648,73,58,21,maize
36.44,17.47,18.47891261,62.69503871,5.970458434,61,38,20,maize
45.64,20.32,21.77689322,57.80840636,6.158830619,68,41,16,maize
46.49,24.08,25.6217169,66.50415474,6.047906679,93,41,17,maize
39.61,23.03,25.19192419,66.69029010000001,5.913664501,89,60,19,maize
36.4,19.29,20.41683147,62.55424820000001,5.855442401,76,44,17,maize
47.44,23.49,24.92162194,66.78627406,5.750254943,67,60,25,maize
43.69,21.55,23.31689124,73.4541537,5.852607099,70,44,19,maize
38.6,23.69,24.84016732,68.3584573,6.4725232870000005,90,49,21,maize
36.04,21.54,22.27526694,58.84015925,6.9670577620000005,62,52,16,maize
43.8,17.25,18.87751445,65.76816093,6.082973754,92,44,16,maize
38.12,24.28,25.19008683,60.200168700000006,5.919045532,66,54,21,maize
36.01,17.64,18.25405352,55.28220433,6.204747652999999,63,58,22,maize
46.17,23.33,24.612911800000006,70.4162444,6.600827017,70,47,17,maize
39.26,23.82,25.1420613,65.26185135,6.021902237000001,61,41,17,maize
36.45,21.41,23.09348056,60.11593810000001,6.033550195,66,53,19,maize
41.16,16.42,18.05033737,62.89366992,6.28886807,74,55,19,maize
40.03,22.96,24.9321581,73.80435276,6.550563822999999,77,57,21,maize
42.13,16.88,18.14710054,71.09445342,5.573286437,99,50,15,maize
40.34,16.04,18.28362235,66.65952796,6.829199275,74,56,22,maize
40.03,16.61,18.83344471,58.75082029,5.716222912,83,45,21,maize
38.72,23.34,25.71895816,67.22190688,5.54990242,100,48,16,maize
44.23,24.78,25.33797709,68.49835977,6.586244581,79,51,16,maize
45.83,22.05,23.89114571,57.48775781,5.893093135,94,39,18,maize
45.74,19.06,21.53574127,71.50905983,5.918263801,75,49,15,maize
37.69,20.71,23.08974909,63.10459626,5.588650585,78,48,22,maize
47.34,24.1,25.61707368,63.4711755,6.576418207000001,87,54,20,maize
36.55,20.06,21.44526922,63.1621551,6.178056304,87,35,25,maize
42.86,17.56,18.51816776,55.53128131,6.641906353,63,43,19,maize
36.18,21.34,22.53510514,67.99257471,6.489040367,84,57,25,maize
35.84,20.84,23.02038334,61.89472002,5.680361037999999,64,35,23,maize
42.09,22.77,24.89364635,65.61418761,6.625404347999999,60,46,22,maize
47.0,24.68,25.77175115,74.089114,6.524478032,98,44,21,maize
35.31,18.48,19.39851734,62.35750641,5.696205468,75,56,18,maize
47.57,20.17,21.54156232,59.64024162,6.803931519,86,55,21,maize
43.05,22.92,23.79746068,74.82913698,6.252797547999999,98,35,18,maize
43.68,18.12,18.9802729,74.52600826,6.092725883,76,57,18,maize
37.85,21.7,24.10859207,73.13112261,6.234330356,99,56,17,maize
39.27,22.65,24.7947077,70.04556743,5.722579819,60,44,23,maize
37.39,20.6,21.63162756,60.27766379,6.430616465,74,48,17,maize
45.55,24.25,25.37548751,57.21025565,5.983952675,89,60,17,maize
46.78,20.2,22.21738222,72.85462807,6.80163854,69,51,23,maize
36.65,19.75,20.58314011,69.00128641,6.499936446,96,46,22,maize
42.93,23.19,24.87502824,68.74248334,6.265564338,61,60,15,maize
47.39,17.93,20.03728219,56.35606753,6.727303282,74,58,18,maize
45.02,24.84,25.95263264,61.89082199,6.325235159,74,43,23,maize
37.92,17.95,19.28889933,65.47050802,6.807487794,63,43,17,maize
39.68,19.23,20.57981887,65.34583901,6.671085817000001,99,36,20,maize
42.22,22.32,24.71417533,56.73426469,6.648725327,77,36,23,maize
35.7,18.83,20.27317074,63.91281869,6.439071996,87,60,23,maize
39.2,17.69,18.41932981,64.23580251,6.474476516,60,38,17,maize
46.96,21.8,23.39128187,61.74427165,5.871647806,94,54,17,maize
45.31,17.68,19.84939404,61.24500053,5.730617109,95,38,22,maize
46.95,20.32,21.869274,61.91044947,5.850439831,84,44,21,maize
45.52,21.79,22.8056033,56.50768935,5.791649933,77,58,19,maize
40.28,18.29,19.0781471,69.02298571,6.740000687999999,66,44,20,maize
41.03,20.64,22.02720976,65.35549924,6.272417541,63,35,16,maize
42.6,22.31,23.80546189,59.24537979,5.715208817000001,79,45,20,maize
42.13,16.91,18.52510753,69.0276233,5.773454729,72,60,25,maize
36.27,22.38,23.50297882,61.32026065,5.584171461,67,51,24,maize
38.42,24.57,26.54986394,72.89187265,5.787268394,86,36,24,maize
40.9,16.86,19.29563411,69.63481219,5.77597783,76,48,18,maize
46.04,19.41,20.68899915,59.4375337,6.864793607,75,53,18,maize
41.16,16.98,19.32666088,68.03449300000001,6.192360002999999,81,45,23,maize
44.26,23.37,24.60532218,73.58868502,6.636803222999999,73,45,21,maize
37.07,21.09,22.27373646,59.52193158,5.826426917,71,35,24,maize
40.9,24.97,25.70196694,61.33450447,6.960358276,96,54,22,maize
42.07,18.0,19.20129357,68.30578978,6.11275104,99,39,18,maize
44.04,21.09,21.70181447,60.47470519,6.708446922,62,48,20,maize
36.98,18.03,20.51716779,59.21235483,5.561510732,86,37,16,maize
44.52,21.12,23.30355338,73.62548442,5.873242491,94,50,19,maize
36.14,22.68,24.2547451,55.64709899,6.995843776,76,39,24,maize
39.05,24.15,24.86374934,65.7420046,5.714799723,77,52,17,maize
42.15,20.13,22.6265115,65.77472881,6.78073637,74,39,23,maize
46.18,17.18,18.04185513,60.61494304,5.513697923,81,49,20,maize
36.86,22.12,23.26237612,72.33125523,5.798423907999999,63,42,21,maize
37.01,20.46,22.88330922,71.59722446,6.352471866,99,38,21,maize
45.93,24.28,25.97482359,69.36385721,6.822586546,90,52,25,maize
46.94,25.12,26.14384005,66.20569924,6.655426355,68,40,19,maize
38.85,17.86,18.66116213,61.55327249,6.1212940410000005,60,57,24,maize
39.63,24.5,25.10787449,55.97732754,5.790770202999999,71,52,18,maize
46.38,21.55,23.33844615,59.24580604,6.47444292,61,59,17,maize
35.7,24.57,25.08239719,65.92195844,6.455116637000001,88,38,15,maize
47.11,24.77,25.36768364,72.52054555,6.6069840860000015,65,60,22,maize
38.72,22.99,25.34217103,63.31801994,6.330554389,78,37,22,maize
35.8,23.52,25.00933355,67.816568,6.5286312660000005,78,58,15,maize
37.57,17.93,18.66746724,71.516474,5.721667141,92,60,23,maize
47.26,18.48,20.37999665,63.73849998,6.644205485,79,59,17,maize
39.84,17.07,18.09300227,72.61024172,6.376651091,91,55,15,maize
40.06,24.52,26.16985907,71.96246617,6.247040422,76,51,18,maize
43.52,17.32,18.65396672,61.37879671,6.656730007999999,87,48,25,maize
41.54,24.93,26.07470121,59.37147589,6.2048017,71,60,22,maize
40.68,17.35,18.92851916,72.80086137,6.158860284,90,57,24,maize
47.32,22.27,23.30546753,63.24648023,6.385684213999999,67,35,22,maize
37.64,17.36,18.74826712,62.49878458,6.417820493,60,54,19,maize
36.46,17.9,19.74213321,59.66263104,6.381201909,83,58,23,maize
44.8,24.17,25.73044432,70.74739256,6.877869005,83,57,19,maize
42.24,15.01,17.02498456,16.98861173,7.485996067,40,72,77,chickpea
40.08,17.08,19.02061277,17.13159126,6.920251378,23,72,84,chickpea
37.22,16.28,17.88776475,15.40589717,5.9969320370000005,39,58,85,chickpea
42.23,17.63,18.86805647,15.65809214,6.391173589,22,72,85,chickpea
39.91,16.53,18.36952567,19.56381041,7.152811172000001,36,67,77,chickpea
43.28,19.68,20.45078582,15.40312102,5.988992796000002,32,73,81,chickpea
38.76,18.17,20.6543203,16.60820843,6.231049027999999,58,70,84,chickpea
40.75,16.35,17.3348681,18.74926979,7.550808267000001,59,70,84,chickpea
40.56,17.29,18.17912258,18.90426935,7.010570541,42,62,75,chickpea
40.6,16.51,18.01272266,18.30968112,8.753795334,28,74,81,chickpea
43.5,18.96,20.99373558,19.33470387,8.718192847000001,58,66,79,chickpea
38.74,17.59,19.46233971,15.22538951,7.976607593,43,66,79,chickpea
39.84,19.12,19.81344531,14.69765308,6.515499548999999,58,63,81,chickpea
40.28,18.16,18.97424756,19.5161216,8.490127142,23,62,85,chickpea
37.63,17.35,18.19737048,14.71070537,6.576415562,27,62,77,chickpea
37.98,17.23,18.72963144,19.18197264,6.481783042999999,28,72,84,chickpea
38.47,19.1,20.99502153,19.8601304,7.966605025,50,56,76,chickpea
40.73,18.16,20.28155898,16.39535215,8.140825437,39,71,84,chickpea
36.82,16.24,17.48042641,15.7559405,7.228963452,25,78,76,chickpea
42.72,19.84,20.88818675,14.32313811,6.492546046,31,70,77,chickpea
37.91,15.32,17.08498521,16.14565756,7.528599957000001,26,80,83,chickpea
41.54,19.5,20.09340593,15.11279612,7.701446446,25,68,77,chickpea
42.44,16.65,17.57212145,14.99927489,8.519975748,31,78,76,chickpea
41.49,16.81,19.12065218,18.43475844,6.620900869,60,68,83,chickpea
38.33,16.25,18.57665902,19.22008229,8.104396057999999,59,62,83,chickpea
38.17,15.79,17.16606398,14.42457525,6.204090835,22,67,78,chickpea
38.81,17.23,18.2872007,16.67921616,6.051091339,36,65,80,chickpea
43.79,18.5,19.03025305,18.66725565,7.690962337999999,59,60,84,chickpea
41.04,14.77,17.141861399999996,17.0662427,7.8292111439999985,54,77,85,chickpea
39.83,16.7,17.47809436,17.93253975,6.761599706,43,68,81,chickpea
41.04,19.28,20.56601874,14.25803981,6.654425315,28,76,82,chickpea
39.24,15.85,17.22385224,15.82069268,6.129533877,42,79,85,chickpea
43.05,18.06,19.69141713,19.44225438,8.829273328,32,60,83,chickpea
39.17,17.16,17.84851658,19.09172907,8.621662982,22,78,76,chickpea
42.54,16.38,18.8202251,16.1074793,8.204862075,31,79,75,chickpea
43.45,16.52,17.47500984,16.54314829,6.18042747,28,58,81,chickpea
40.4,17.57,18.72649425,17.58406365,7.978996755,57,58,77,chickpea
40.53,17.46,18.65580107,16.17772668,7.863113671,49,55,78,chickpea
41.04,17.46,18.2356751,19.68538502,6.967843048,46,76,77,chickpea
39.48,18.11,18.81198127,15.21618225,6.206582192999999,54,61,77,chickpea
39.58,17.73,18.65054116,17.80852431,8.868741443,38,60,76,chickpea
40.66,19.08,20.36720401,16.89574311,8.766128654,59,55,79,chickpea
37.72,16.46,18.38120357,16.63805158,8.736337905,36,76,75,chickpea
38.28,15.73,17.17012591,17.30457712,8.081095263,57,68,81,chickpea
41.41,17.25,19.37101121,15.77458129,6.138243973,35,66,81,chickpea
41.45,17.34,17.92845928,14.27327988,7.496645259,35,64,78,chickpea
39.0,17.08,19.45339934,18.23490739,8.380185271,52,60,79,chickpea
42.51,18.03,19.12829388,14.92241479,6.289614016,27,76,83,chickpea
38.96,17.63,19.1034283,17.26184541,6.586777189,57,60,84,chickpea
41.62,15.04,17.48504075,16.96070581,6.89655198,52,68,78,chickpea
40.16,17.86,19.40751744,18.98030507,7.8067476560000015,43,79,79,chickpea
39.66,18.09,20.18649426,19.63719995,7.150681303,44,74,85,chickpea
38.99,15.01,17.30287885,15.15405941,6.64919573,24,55,78,chickpea
38.32,15.73,17.50361137,15.48083156,7.778591617999999,29,77,75,chickpea
42.8,16.1,18.17234999,14.70085967,6.358740355,20,60,78,chickpea
39.55,15.67,17.57445618,16.71826572,8.255450758,56,67,78,chickpea
39.61,20.09,20.93175255,18.91295403,6.456148474,37,66,85,chickpea
41.5,18.5,19.71098332,17.63879418,6.613072145,49,71,76,chickpea
37.44,18.19,19.07937684,17.86754927,8.165359297,59,69,80,chickpea
39.17,16.52,18.54988627,16.02542689,7.64867466,20,79,77,chickpea
40.26,16.93,18.19903647,17.41333199,6.545888558,24,56,85,chickpea
40.12,17.02,18.88852533,14.99451145,7.1042247970000005,51,72,75,chickpea
43.1,16.48,18.49311205,14.72115044,7.358099622,57,73,85,chickpea
41.98,18.98,19.48974337,17.17260319,6.4740245000000005,22,64,82,chickpea
43.61,16.36,17.25769499,18.74943955,7.840339388999999,52,73,79,chickpea
42.22,18.77,19.62416326,18.71483156,7.064790365,29,75,75,chickpea
41.3,19.46,20.67526473,19.85388984,7.599033472,44,59,78,chickpea
37.33,18.04,20.02381489,16.63294455,6.715587232000001,41,69,82,chickpea
42.28,18.32,20.118744600000007,14.44228303,6.81712422,52,56,85,chickpea
36.39,18.41,20.65691793,15.84572566,7.985417393,34,76,80,chickpea
36.52,18.59,19.2582557,14.2804191,7.545258424,42,74,83,chickpea
38.75,16.69,17.927806,15.85622899,7.728998197,34,71,79,chickpea
40.77,18.23,19.16288268,15.83500655,7.354973451,27,73,79,chickpea
37.5,18.47,20.26942271,19.96978871,7.313122235,30,70,79,chickpea
41.92,16.56,17.09104223,18.25142068,7.785039076,57,57,75,chickpea
37.8,15.12,17.06579293,17.54024066,6.307004922999999,27,79,82,chickpea
43.13,19.27,20.62767492,14.44008871,6.4039823160000005,32,71,85,chickpea
39.9,20.0,20.8248451,17.85057083,7.599279991,31,76,82,chickpea
37.29,17.47,19.46210401,18.72831993,7.217018459,33,75,84,chickpea
38.3,15.65,17.18248372,16.42891834,7.561108006,47,80,77,chickpea
39.96,15.77,17.48911699,16.39055394,7.489545074,54,62,80,chickpea
36.36,16.4,17.48395377,14.76014523,6.609696734,47,79,78,chickpea
40.22,18.88,19.48316794,17.44534641,7.476800943,35,57,83,chickpea
38.5,17.74,19.71359733,18.09665739,7.325451279,53,73,77,chickpea
40.48,17.86,19.48649305,16.06240074,6.489389282,45,61,78,chickpea
42.28,19.27,19.95264829,14.82633099,7.786366322,37,78,79,chickpea
37.21,17.16,19.41789736,16.80472243,6.4084378860000015,30,75,81,chickpea
39.71,16.98,19.45591848,18.02235902,8.423873703,37,55,82,chickpea
39.43,18.3,20.19137759,16.41998269,8.719960893,53,65,76,chickpea
43.81,17.25,18.8392908,14.74071856,7.811997977000001,22,60,85,chickpea
43.62,18.26,20.71219282,19.83643308,6.317153205,60,61,78,chickpea
39.77,16.54,18.99424448,15.9362937,7.114405288,42,67,77,chickpea
37.37,18.38,19.96837462,15.57324389,8.135900726000001,39,76,76,chickpea
42.81,16.71,17.81564548,17.60756635,7.714153037999999,35,63,76,chickpea
39.29,19.6,20.71424384,15.27824066,7.103798069,30,65,82,chickpea
37.07,16.52,17.34150229,18.75626255,8.861479668,57,56,78,chickpea
38.36,16.0,17.43732714,14.33847406,7.861128148,48,65,78,chickpea
37.36,18.0,18.89780215,19.76182946,7.4526709,36,56,83,chickpea
42.51,18.07,18.59190771,14.77959596,7.168096055,40,58,75,chickpea
40.55,17.74,18.31561493,15.36143547,7.26311855,49,69,82,chickpea
52.22,14.89,17.13692774,20.59541693,5.68597166,13,60,25,kidneybeans
46.72,18.02,19.63474332,18.90705639,5.759237003,25,70,16,kidneybeans
47.44,21.93,22.91350245,21.33953114,5.873171894,31,55,22,kidneybeans
55.26,14.49,16.43340342,24.24045875,5.926676985,40,64,16,kidneybeans
39.25,20.38,22.13974653,23.02251117,5.95561668,2,61,20,kidneybeans
55.95,16.7,17.84806561,18.77621951,5.9499490810000015,26,65,22,kidneybeans
35.3,18.61,19.88394011,20.31564139,5.789214288999999,17,57,21,kidneybeans
46.32,18.78,19.32509638,23.3334788,5.581021521,26,80,18,kidneybeans
53.41,16.1,18.416700100000003,23.42829938,5.689858133,17,59,17,kidneybeans
52.67,20.67,21.81167649,23.20591245,5.794158503999999,27,59,22,kidneybeans
56.11,18.67,19.72702528,18.28173015,5.748190462999999,28,58,24,kidneybeans
42.11,14.87,17.15432954,19.87070659,5.566522896,25,57,19,kidneybeans
56.21,17.55,19.62207826,18.67170854,5.809419584,28,80,17,kidneybeans
53.75,19.24,21.63149148,21.17919701,5.887263027,25,60,22,kidneybeans
42.12,15.14,16.06522754,18.72479695,5.99812453,12,78,23,kidneybeans
37.49,18.15,20.61162204,24.36314135,5.792744849,6,77,25,kidneybeans
49.27,19.78,21.42451099,20.39659714,5.912289889,22,79,17,kidneybeans
41.66,17.14,19.07096165,21.21092266,5.7883869510000014,27,80,15,kidneybeans
54.46,20.35,21.18853178,19.63438599,5.728233081,10,55,23,kidneybeans
47.22,21.2,23.0429097,22.42610972,5.833940084,23,65,20,kidneybeans
37.01,18.57,20.65375833,23.10538637,5.967533236,19,78,16,kidneybeans
56.37,17.39,18.09551014,18.29318436,5.6250964460000015,19,65,25,kidneybeans
37.45,16.98,18.23775702,21.07643273,5.515615023,22,70,19,kidneybeans
50.63,15.84,17.48189735,18.8251973,5.954665349,37,64,22,kidneybeans
40.77,18.24,19.9191786,21.47324158,5.74644777,11,71,17,kidneybeans
55.11,18.81,20.27514686,23.2353604,5.877347515,18,79,20,kidneybeans
47.22,14.23,15.77370214,19.2303162,5.979973965,21,63,17,kidneybeans
44.31,14.94,16.71170642,19.17651433,5.635993966,24,80,22,kidneybeans
45.29,15.34,17.66148158,18.15302753,5.635231778,34,60,22,kidneybeans
41.87,16.98,18.50692825,23.61670065,5.679224346,16,75,21,kidneybeans
36.13,23.13,24.51324787,20.81527638,5.670062975,17,77,23,kidneybeans
46.48,18.17,18.87614998,24.54038287,5.724242065,37,72,18,kidneybeans
35.36,19.13,21.59343016,20.31871249,5.811314232000001,40,73,20,kidneybeans
46.67,18.44,20.12373284,24.45202552,5.783425416,9,77,17,kidneybeans
54.93,13.09,15.43546065,18.37477907,5.607808432000001,1,62,23,kidneybeans
50.74,20.59,22.64236876,21.59396123,5.946999529,33,59,22,kidneybeans
52.55,19.79,21.98560799,24.87304788,5.852046999,23,59,19,kidneybeans
50.26,19.18,20.53052663,18.09224048,5.824090984,6,62,22,kidneybeans
43.91,14.45,15.78601387,21.14544088,5.502999119,25,63,20,kidneybeans
44.28,17.57,19.6365349,19.68751084,5.821649914,7,79,23,kidneybeans
42.08,19.29,20.57341244,19.7520218,5.711439256,8,72,17,kidneybeans
54.73,19.64,20.16080524,24.84207559,5.514927264,27,64,15,kidneybeans
50.32,19.69,21.53989176,24.25386207,5.99616119,28,66,23,kidneybeans
46.98,14.24,15.53834801,23.75560241,5.695422862999999,32,57,18,kidneybeans
47.29,18.89,19.91853092,20.70099804,5.833010957999999,27,56,22,kidneybeans
47.39,18.75,20.76952209,18.93146941,5.568456899,17,77,24,kidneybeans
44.08,22.86,23.46168338,23.22197648,5.645435626,0,65,15,kidneybeans
35.14,22.21,24.32116642,21.0278674,5.821194486,13,72,21,kidneybeans
45.13,18.61,20.12574053,24.96969858,5.659254981,34,60,23,kidneybeans
51.43,20.98,21.80619564,18.57086554,5.945465949,9,80,19,kidneybeans
48.47,17.62,19.52226241,24.92607153,5.9511774520000005,11,72,20,kidneybeans
45.95,14.87,17.00067625,19.90790546,5.520880013999999,3,67,24,kidneybeans
38.95,14.78,16.78791503,24.96881755,5.578410206,35,69,23,kidneybeans
35.63,24.05,24.84906168,22.89464642,5.608165195,3,77,25,kidneybeans
44.81,14.47,16.51783455,20.4555596,5.609435127999999,23,62,19,kidneybeans
47.05,17.48,18.15300153,19.38602098,5.509295379,22,71,17,kidneybeans
35.92,21.57,23.18864385,22.3104551,5.902033406,31,79,25,kidneybeans
42.02,22.72,23.38002569,21.98879437,5.744117663,34,59,18,kidneybeans
54.77,16.51,18.358923,19.37703396,5.717143397,12,63,17,kidneybeans
43.85,18.67,19.25975367,20.51346956,5.542690119,27,56,20,kidneybeans
47.06,21.3,22.95458237,24.03553105,5.858617867,7,63,24,kidneybeans
46.28,17.78,20.120043,22.89845607,5.618844277000001,24,67,22,kidneybeans
55.57,20.12,21.14011423,22.7182355,5.6066203460000015,11,71,24,kidneybeans
35.75,24.14,24.92360104,18.22590825,5.582178402,37,74,15,kidneybeans
54.0,13.96,15.33042636,24.91506728,5.56503533,25,76,24,kidneybeans
51.42,17.24,18.81097271,21.27833035,5.889614577000001,34,66,17,kidneybeans
46.98,22.51,23.44260668,22.77255917,5.934136378,20,69,15,kidneybeans
35.97,21.61,22.8352024,18.97267518,5.683548308,37,65,16,kidneybeans
56.79,24.37,24.9035819,22.27512704,5.70836603,18,74,15,kidneybeans
50.05,22.32,23.78709569,24.35679348,5.948164454,4,67,25,kidneybeans
51.83,20.34,22.05592283,19.60379304,5.774755143999999,37,56,25,kidneybeans
53.71,17.51,18.87492997,20.18238348,5.97229163,5,59,15,kidneybeans
54.0,17.67,18.62328774,23.02410338,5.532100554,11,61,21,kidneybeans
45.15,20.96,23.00884744,18.86880997,5.669560726,22,80,20,kidneybeans
37.21,17.21,19.33162606,24.13995025,5.655726817000001,12,61,19,kidneybeans
36.82,15.53,16.24469193,21.35793891,5.591704013999999,5,74,21,kidneybeans
37.37,17.35,17.91652287,24.90814655,5.932323085,27,69,22,kidneybeans
42.33,14.29,15.46789263,21.43780702,5.824208308999999,31,75,18,kidneybeans
40.56,16.09,17.06104474,23.77201471,5.86442953,36,68,20,kidneybeans
47.41,20.13,21.32776028,18.48522915,5.866744372,5,65,16,kidneybeans
40.5,22.21,23.90910104,20.74619325,5.706198621,32,79,15,kidneybeans
48.3,23.21,23.89756791,22.74378977,5.940546818,11,78,22,kidneybeans
56.14,21.54,22.98666928,20.57940608,5.916779289,0,55,22,kidneybeans
56.79,19.67,21.35135729,22.91244883,5.779090476,14,59,15,kidneybeans
49.32,23.63,24.1638445,19.27907819,5.82738029,29,68,23,kidneybeans
57.62,22.6,24.62835037,18.18325169,5.514234138,32,68,19,kidneybeans
51.3,19.47,21.02213209,24.93896255,5.662699104,17,64,17,kidneybeans
48.94,14.85,17.30844532,20.01730914,5.86390397,13,69,19,kidneybeans
41.26,21.39,23.82576704,24.75485098,5.624690247999999,14,67,22,kidneybeans
52.49,18.41,19.30607278,23.96362799,5.591560999,9,69,20,kidneybeans
52.75,15.42,16.03768615,22.33195853,5.976312537999999,20,73,22,kidneybeans
40.13,16.81,19.18572809,20.83398341,5.669236258,40,78,20,kidneybeans
36.08,18.02,19.92889503,21.79992115,5.961934481,27,72,23,kidneybeans
54.99,17.78,19.56376468,24.67385131,5.690065688,14,67,15,kidneybeans
39.13,16.8,18.31357543,24.32991649,5.698371311,7,56,18,kidneybeans
38.43,18.08,20.10993761,23.22323766,5.59503163,27,65,18,kidneybeans
45.27,21.89,23.60506572,21.90539577,5.5259045260000015,30,63,16,kidneybeans
41.12,18.67,19.73136909,24.89487354,5.819403771,37,70,25,kidneybeans
53.46,20.37,20.93409877,21.1893007,5.562201934,27,63,19,kidneybeans
46.19,17.99,18.78226261,20.24768314,5.630664753,22,60,24,kidneybeans
50.81,35.91,36.51268371,57.92887167,6.03160778,3,72,24,pigeonpeas
61.13,34.71,36.89163721,62.73178224,5.269084669,40,59,23,pigeonpeas
45.96,28.14,29.23540524,59.38967583,5.985792703,33,73,23,pigeonpeas
55.75,25.29,27.33534897,43.35795962,6.09186275,27,57,24,pigeonpeas
66.38,19.95,21.0643684,55.46985938,5.624731337999999,10,79,18,pigeonpeas
57.5,28.14,30.33276599,42.35249879,6.446091759,30,75,25,pigeonpeas
56.94,29.45,31.80130272,45.03186173,5.623490042999999,40,70,20,pigeonpeas
69.95,31.02,33.18184225,38.23184742,5.864623352000001,38,55,19,pigeonpeas
42.62,26.94,29.38538562,63.47742011,5.761702519,35,58,20,pigeonpeas
52.1,27.82,30.27374995,67.38680755,4.696518678,38,61,21,pigeonpeas
47.29,33.49,35.45790488,68.75810535,5.269504214,33,58,24,pigeonpeas
64.37,33.29,33.80020039,40.03262418,7.445444882999999,16,56,17,pigeonpeas
44.21,28.12,28.69180475,49.47225353,5.833031707999999,31,72,17,pigeonpeas
50.65,29.26,31.24021696,56.67369054,7.3393209289999986,16,80,20,pigeonpeas
50.33,28.06,28.98039357,57.23265151,6.347929353,27,72,17,pigeonpeas
44.25,26.4,27.32198928,34.13737127,4.697750704,40,62,19,pigeonpeas
65.31,19.87,21.47607807,38.80023714,4.962661422,18,58,16,pigeonpeas
47.0,16.77,18.31910448,34.69776639,4.964887857,3,68,16,pigeonpeas
60.57,36.46,36.97794384,37.73992903,5.642813116,26,67,24,pigeonpeas
50.54,23.52,24.80467592,40.1242747,5.6093956,16,70,20,pigeonpeas
68.88,17.66,19.3479443,55.96805489,4.681576043,24,63,19,pigeonpeas
65.02,27.37,28.88302142,50.12323801,5.70951224,9,76,25,pigeonpeas
68.34,18.94,19.54314136,47.19188279,6.413543781,16,55,19,pigeonpeas
48.71,23.41,24.7741949,50.54621094,6.007508163,28,75,21,pigeonpeas
55.08,17.01,18.33124824,38.40975482,4.946369874,16,71,24,pigeonpeas
53.35,17.85,19.14729038,45.3733757,5.517208078,24,70,21,pigeonpeas
66.85,25.96,28.23416057,49.4421345,5.902103172,38,72,21,pigeonpeas
59.46,29.34,30.11812084,34.13307843,5.719889876,9,66,21,pigeonpeas
55.09,31.7,33.4126864,35.42910045,4.548202098,34,56,17,pigeonpeas
64.55,21.75,24.18553163,46.68746847,6.6695294160000005,1,76,19,pigeonpeas
43.73,24.73,26.88630675,41.69617915,4.7509292180000005,6,69,19,pigeonpeas
60.64,30.73,31.33170829,57.97429171,4.946263888,26,73,21,pigeonpeas
47.26,31.81,33.30711818,67.07780816,5.266227032,27,61,18,pigeonpeas
57.9,21.27,23.45379018,46.48714759,7.10959773,27,71,23,pigeonpeas
62.35,33.14,34.53823889,39.04468913,5.617008201,36,61,21,pigeonpeas
69.58,17.72,19.50112224,34.51086611,5.632353113,17,73,18,pigeonpeas
43.04,27.65,28.76794904,37.57792132,4.674941549,26,72,22,pigeonpeas
65.4,29.49,30.97758716,32.24914235,7.161797643,17,64,16,pigeonpeas
43.39,16.85,18.39759147,36.82639309,6.624966131,14,74,19,pigeonpeas
49.37,34.3,35.09357419,30.98685456,5.004074623999999,39,60,15,pigeonpeas
60.01,32.63,34.93174223,30.40046769,6.3458060110000005,6,66,15,pigeonpeas
67.2,28.58,29.50523036,35.72032498,6.216814453,8,59,18,pigeonpeas
52.41,33.23,34.51934775,47.52980027,5.921666758,2,67,18,pigeonpeas
56.94,27.0,28.43430726,52.10010827,6.012719118,1,76,17,pigeonpeas
61.02,16.46,18.41645629,34.80541039,4.684079249,16,73,19,pigeonpeas
42.94,28.58,31.07508973,47.19847683,7.077170002000001,23,75,25,pigeonpeas
69.13,18.5,20.89342749,46.24856523,6.208843215,32,70,20,pigeonpeas
62.95,29.09,30.90607799,52.79913039,7.05181629,28,59,22,pigeonpeas
56.52,26.66,27.9348279,66.45457122,4.722222454,5,62,23,pigeonpeas
54.18,34.33,35.95176642,36.52780776,6.418062652000001,36,67,25,pigeonpeas
63.5,17.12,19.54317155,56.92831399,4.803564468,1,66,23,pigeonpeas
64.32,18.18,19.63736208,32.31528909,4.608695247,24,73,20,pigeonpeas
52.46,30.22,31.2192752,56.46868874,5.611510977000001,17,67,18,pigeonpeas
51.82,32.11,33.50876355,45.70976142,7.322097972000001,5,55,18,pigeonpeas
67.35,24.2,24.80710166,45.01110015,5.023115055,5,56,24,pigeonpeas
68.0,35.31,36.20970524,31.94550613,5.617122801,37,77,17,pigeonpeas
60.84,28.57,30.50420876,35.48885969,5.391560417999999,13,73,20,pigeonpeas
60.28,23.9,26.01630259,49.94704718,5.906596905,6,63,23,pigeonpeas
45.26,29.22,31.48469278,35.6395615,6.574209678,16,77,22,pigeonpeas
46.39,31.02,33.15122581,32.45974539,4.807776748999999,25,64,20,pigeonpeas
68.31,22.34,23.50222822,51.29019509,4.760038038999999,34,75,24,pigeonpeas
57.24,33.13,34.87248659,38.83786012,5.180271502,20,77,23,pigeonpeas
69.52,25.83,28.09269012,44.93322042,4.895927306,35,80,25,pigeonpeas
49.73,22.82,24.54757829,57.3414485,6.436160044,14,75,24,pigeonpeas
45.24,32.16,33.64769646,48.41490082,7.066087261,36,80,21,pigeonpeas
68.0,18.46,20.5591255,60.54880693,6.655918077999999,7,77,18,pigeonpeas
69.18,18.62,19.95991719,59.33157782,5.982854522999999,29,78,25,pigeonpeas
65.79,27.87,28.87667593,62.4901206,5.457871272999999,30,60,21,pigeonpeas
60.17,34.87,36.04353699,43.61444121,4.759490199,20,74,16,pigeonpeas
55.45,22.84,23.6734328,47.2879691,7.342409555,19,57,23,pigeonpeas
45.32,24.33,25.74679443,40.7192594,4.820788186000001,3,60,19,pigeonpeas
64.19,29.17,31.08564994,66.68832981,6.242052013,5,77,19,pigeonpeas
55.14,18.16,18.72987676,61.33186249,5.001038726,5,68,20,pigeonpeas
67.61,27.1,29.50304807,63.46513414,5.560224582999999,37,73,21,pigeonpeas
54.47,19.72,20.43517772,39.37252634,4.747352458,9,59,24,pigeonpeas
53.88,34.81,36.00415838,56.01334416,7.313517308,20,72,15,pigeonpeas
63.85,29.18,31.46846241,35.39454002,5.661826398,31,56,23,pigeonpeas
45.52,34.1,36.30049702,56.03021253,4.672437054,0,70,21,pigeonpeas
58.5,27.59,29.49096726,67.10604388,6.471862118,21,74,15,pigeonpeas
64.61,29.2,30.5753044,34.75591197,5.384762927000001,13,67,18,pigeonpeas
43.1,23.86,24.69487673,59.96669215,5.8598134160000015,27,74,20,pigeonpeas
60.84,21.46,23.17409556,36.67847052,6.962386495,29,72,24,pigeonpeas
59.03,17.56,19.04380471,33.10695144,6.12166671,5,68,20,pigeonpeas
61.55,28.08,29.32379604,45.93248374,6.421748487,39,57,19,pigeonpeas
65.44,33.88,34.6455408,54.32342534,4.828936119,22,62,16,pigeonpeas
54.37,19.62,21.9989826,56.31006755,6.98571967,18,55,23,pigeonpeas
60.11,21.25,22.99774444,60.24218572,4.603563116,39,77,21,pigeonpeas
64.94,29.23,30.55992394,35.29006485,6.979540061,13,75,20,pigeonpeas
61.55,29.19,31.46417866,48.17631461,7.064973419,27,71,24,pigeonpeas
47.43,25.35,25.95058595,40.58227261,5.16516459,26,64,22,pigeonpeas
66.52,20.37,21.01142393,69.69141302,5.111488821,23,55,16,pigeonpeas
57.45,17.18,19.25100056,47.70351758,5.374358869,4,69,19,pigeonpeas
65.38,17.62,19.24462755,50.54495302,5.671419084,20,67,19,pigeonpeas
44.3,20.18,22.47253208,62.56532471,5.667419697000001,7,74,17,pigeonpeas
51.3,35.75,36.75087487,58.25799145,6.07938452,17,64,18,pigeonpeas
69.77,28.44,29.89286629,66.35375127,6.931924962999999,35,71,17,pigeonpeas
63.31,27.38,29.37735586,44.82294584,6.842744374,11,72,22,pigeonpeas
66.96,27.37,29.65052947,42.89833235,6.876572502999999,20,60,22,pigeonpeas
63.49,17.33,19.54284889,66.34777265,6.151029296,10,71,18,pigeonpeas
50.76,18.76,20.04611791,48.93905624,4.567446499,33,61,24,pigeonpeas
28.21,27.2,27.91095209,64.70930606,3.692863601,3,49,18,mothbeans
29.17,26.5,27.32220619,51.27868781,4.371745575,22,59,23,mothbeans
29.28,27.54,28.66024187,59.3189118,8.399135957999999,36,58,25,mothbeans
38.33,28.35,29.02955344,61.09387478,8.840656256,4,43,18,mothbeans
28.05,27.18,27.78031515,54.65030015,8.153022903,29,54,16,mothbeans
37.99,30.21,31.99928579,54.1077461,5.270749441,32,43,22,mothbeans
38.45,25.97,27.33580911,55.27755933,8.050304395,14,55,15,mothbeans
36.67,27.95,28.92952635,53.57014709,9.679240873,5,35,20,mothbeans
29.28,26.79,27.65472156,58.59986279,6.974978386,25,57,24,mothbeans
35.41,26.24,28.52396666,55.77264351,7.39389918,11,53,24,mothbeans
33.46,29.37,31.02215872,45.89239456,6.68727523,40,49,17,mothbeans
36.94,23.74,25.74095321,45.38497051,7.88118645,38,56,25,mothbeans
31.29,29.64,31.70447482,56.85420099,5.875333778,27,43,23,mothbeans
28.78,22.2,24.47876451,58.51663927,8.202706015,24,38,22,mothbeans
38.7,30.35,31.46511256,51.79939437,8.985348193,23,45,21,mothbeans
33.41,25.08,25.60973447,50.7330069,5.87707519,29,57,20,mothbeans
37.09,29.34,30.30260453,47.18283631,7.707595055,31,35,23,mothbeans
31.5,26.8,28.17489437,43.6672299,4.524171562,0,55,25,mothbeans
38.67,23.13,25.50634557,44.8302551,9.926212291,7,45,22,mothbeans
28.23,30.38,31.12896766,43.58788762,6.455592696,17,58,25,mothbeans
28.82,24.48,26.34043268,55.59160391,8.016210782,11,44,17,mothbeans
38.25,26.49,28.23494706,61.5620517,3.71105919,22,49,22,mothbeans
32.12,26.44,27.04453473,49.32609633,5.49091063,9,51,19,mothbeans
30.27,23.71,25.16125354,55.25435777,9.254089438,28,48,15,mothbeans
28.18,24.86,27.3179125,51.66921088,6.005242945,26,50,19,mothbeans
28.01,23.84,25.4123765,49.66474269,7.437078236,36,56,20,mothbeans
33.34,29.75,31.21629982,46.01868196,3.808429173,8,60,18,mothbeans
35.76,28.61,30.573999,58.22686794,5.818219385,24,37,21,mothbeans
31.6,24.16,25.42517036,53.22082660000001,4.52363558,22,43,24,mothbeans
30.43,24.75,27.09400578,43.65305437,3.510404312,36,43,24,mothbeans
34.82,23.57,24.30935081,56.32938343,6.030447288,22,44,24,mothbeans
30.31,28.51,30.06142622,45.90067655,5.498340807999999,17,43,22,mothbeans
28.5,25.76,28.09568993,60.98353839999999,4.61136408,8,45,15,mothbeans
33.94,24.66,26.33908791,40.00933429,5.545219232000001,7,56,23,mothbeans
34.33,26.79,28.61409059,57.14218792,8.292875733999999,36,57,16,mothbeans
31.08,26.87,28.70012137,44.359648,3.828031463,11,45,19,mothbeans
30.61,23.47,24.21610338,59.79236306,8.869532817,6,36,22,mothbeans
36.62,26.75,28.50677929,45.20094476,3.793575185,17,57,20,mothbeans
38.14,24.43,25.97948991,64.95585424,4.193189124,4,47,20,mothbeans
33.83,29.59,30.88482722,41.36561835,7.661537347999999,9,49,16,mothbeans
36.35,23.96,25.5042419,61.66852372,9.392694614,25,51,24,mothbeans
29.67,23.85,25.12528913,51.33189406,4.516154055,36,44,21,mothbeans
35.63,25.43,27.10508014,63.56791363,5.794289715,21,38,20,mothbeans
37.79,28.92,31.1006247,44.82069159,7.354286985,37,57,20,mothbeans
36.12,24.58,26.45707778,56.40226277,5.993513566,32,48,18,mothbeans
28.0,28.97,30.04132304,63.56222995,8.620107545,29,44,20,mothbeans
32.63,26.61,27.77799528,54.82130787,9.45949344,25,51,18,mothbeans
34.64,29.02,30.99256944,43.02151392,8.0344125,10,44,24,mothbeans
29.29,24.31,26.4908332,47.36534833,5.414492777,23,35,18,mothbeans
36.14,30.1,31.96987867,57.17377029,6.2760043360000015,9,60,23,mothbeans
33.97,23.89,25.36140526,46.82652785,9.160691747,3,58,21,mothbeans
32.18,24.78,25.54249137,56.96640758,7.887658711,22,42,22,mothbeans
37.7,28.17,28.99319096,62.85948245,8.183844843,12,39,21,mothbeans
28.55,27.16,29.34317422,60.50320928,9.072011412,39,36,22,mothbeans
37.22,28.1,28.63618921,61.39451307,7.702287236,32,41,16,mothbeans
33.08,24.2,24.83206631,44.17085032,5.88509677,30,41,15,mothbeans
34.33,23.49,25.44689075,58.55363573,6.16496284,19,36,22,mothbeans
36.02,29.04,31.01274943,62.40392519,3.504752314,4,46,15,mothbeans
35.26,25.71,27.06179658,52.3003173,7.388007482999999,21,39,20,mothbeans
37.87,25.78,27.0956288,42.26206161,8.340398059,35,57,25,mothbeans
36.21,27.75,28.56800579,57.30636014,8.66077954,22,55,24,mothbeans
30.26,26.97,28.79929247,49.84213387,3.558822825,35,51,17,mothbeans
37.5,25.54,27.94293692,45.41393636,5.9565851,17,56,17,mothbeans
35.54,28.1,30.47757686,61.58245338,9.416003106,28,57,17,mothbeans
36.22,29.98,30.58139475,50.77148138,8.18422855,22,36,16,mothbeans
31.09,25.16,26.85911286,41.81420849,5.131779302,11,41,19,mothbeans
28.98,25.57,26.31051759,61.18749126,6.294130312999999,38,38,18,mothbeans
28.53,26.54,28.77833449,44.2252605,7.991902443,23,37,24,mothbeans
38.06,27.1,28.90245417,43.35365671,8.923095695,25,35,20,mothbeans
29.63,28.86,29.37687468,57.69622912,6.878498176,40,45,20,mothbeans
34.87,22.65,24.17093241,58.25204566,5.243634848999999,23,58,19,mothbeans
29.27,25.18,26.65333029,59.79023382,7.550090941,2,56,23,mothbeans
33.1,26.42,28.19912143,53.50567601,8.709291687999999,3,56,17,mothbeans
33.87,27.21,28.76488954,52.62741529,7.792508067999999,26,51,25,mothbeans
30.26,27.88,29.3499706,61.25353851,8.055908857999999,39,42,20,mothbeans
29.05,26.23,28.00937423,52.60950014,4.397698806,27,59,20,mothbeans
28.73,26.31,26.85851927,48.8246387,5.9523849570000005,24,45,19,mothbeans
33.51,30.51,31.2123945,40.92604945,8.532078732999999,7,40,17,mothbeans
31.56,22.46,24.20422636,61.43378674,7.224193642,15,45,23,mothbeans
33.3,27.53,29.98835437,49.60384796,4.931890506,26,52,23,mothbeans
31.41,28.96,29.93964907,54.61813464,4.626212446,20,45,16,mothbeans
37.28,30.69,31.2119298,41.55934359,5.026003659,34,54,24,mothbeans
31.02,24.44,26.80474415,48.23991436,3.5253661,19,51,25,mothbeans
36.22,30.58,31.49398069,62.84916863,8.86979671,29,41,21,mothbeans
29.63,28.61,30.99694676,46.42693735,9.406887533,20,50,22,mothbeans
32.61,27.79,29.61253065,63.04749127,5.80428611,11,40,23,mothbeans
31.27,27.5,29.97604322,57.03184356,8.35495812,15,54,15,mothbeans
33.95,28.66,30.88883074,52.62696801,8.634929739,35,55,22,mothbeans
28.89,28.56,30.39321309,60.16299493,7.699200949,9,59,25,mothbeans
27.77,28.43,30.43683729,55.20522037,5.261285926,40,45,18,mothbeans
28.22,23.37,25.32688786,63.18180319,9.112771682,35,38,19,mothbeans
28.41,28.22,30.53684308,59.96664731,4.605700542,14,58,17,mothbeans
32.05,29.32,30.38257873,40.5926071,7.115994051,40,55,18,mothbeans
28.8,22.65,24.01825377,53.76623369,7.214078621,18,36,23,mothbeans
36.5,26.48,28.69841277,61.14754363,9.93509073,35,52,15,mothbeans
30.66,27.13,29.33743412,49.00323081,8.914074888,4,59,22,mothbeans
37.61,26.06,27.96583691,61.34900107,8.639586199,22,51,16,mothbeans
36.06,22.65,24.86803974,48.27531965,8.621514073,33,47,17,mothbeans
29.68,24.52,25.87682261,45.96341933,5.838508699,2,51,17,mothbeans
28.24,30.33,31.01963639,49.97675220000001,3.532008668,16,51,21,mothbeans
33.75,26.81,27.43329405,87.80507732,7.18530147,19,55,20,mungbean
29.75,27.56,28.3340432,80.77275974,7.034214276,8,54,20,mungbean
33.89,24.76,27.01470397,84.34262707,6.635968697999999,36,55,20,mungbean
29.13,26.03,28.17432665,81.04554836,6.828187498999998,10,56,16,mungbean
31.24,28.34,29.87888063,87.32761241,6.89077995,22,56,17,mungbean
30.8,27.64,29.89232778,89.71503316,7.165121108999998,9,57,24,mungbean
34.19,26.09,28.56212158,83.24855855,6.935804256,34,59,23,mungbean
33.32,25.41,27.53592929,85.57019009999998,7.196774236,31,51,25,mungbean
30.51,28.09,29.68361658,87.93598094,6.990095452,0,49,18,mungbean
31.75,25.8,28.14448546,82.1193047,7.064782137999999,21,39,20,mungbean
35.04,28.4,29.53037621,86.73346018,7.156563094,28,35,22,mungbean
31.21,26.45,27.88352946,86.45147631,6.364967184,17,52,17,mungbean
31.06,27.64,28.22471276,82.35916228,6.428054409,24,42,23,mungbean
31.53,27.62,29.008124,84.96089355,6.664187809,28,46,16,mungbean
29.43,27.46,29.75538903,86.45193297,6.637677489,21,38,21,mungbean
30.24,28.41,29.78416743,85.16906976,6.79385576,34,60,25,mungbean
30.76,26.58,27.8640132,80.4513142,6.852884642999999,19,53,22,mungbean
32.94,25.91,27.11026483,84.96771717,7.121571293,31,58,15,mungbean
32.34,26.3,27.11030369,83.64274107,6.883308033,19,35,24,mungbean
34.48,27.58,28.95451232,89.07866095,6.421271178,24,53,17,mungbean
30.84,28.25,29.21780035,87.93724219,6.54450214,13,47,20,mungbean
32.2,27.67,28.7420098,85.81675947,6.452006451,31,53,16,mungbean
34.26,28.93,29.65021184,80.29868321,6.489259136,28,45,23,mungbean
29.37,25.2,27.23924995,86.404241,6.713410626,31,37,21,mungbean
34.2,28.29,28.95172351,81.67085323,6.510840928,33,60,15,mungbean
29.3,27.04,28.18837136,82.60629652,6.2873801170000005,34,45,21,mungbean
32.68,26.76,28.30041493,86.20681554,6.86308576,13,57,25,mungbean
34.52,26.28,27.89636126,88.71782287,6.78415271,33,57,17,mungbean
31.2,26.7,28.6899851,87.50436797,6.769415887999999,32,57,22,mungbean
34.24,25.67,27.826262300000003,88.73100226,6.320768488,23,59,25,mungbean
35.04,27.7,28.70562673,81.59200689,6.705008503999999,35,41,18,mungbean
32.18,27.3,28.6362812,84.61431076,6.790736339,6,48,24,mungbean
32.2,27.69,28.28511547,88.4393979,7.130278657000001,29,36,25,mungbean
31.0,27.09,27.60887393,86.13316408,7.012740397000001,4,36,22,mungbean
29.28,27.61,28.60901145,86.99495766,7.1556850160000005,10,59,22,mungbean
33.42,28.46,29.24598976,84.80084105,6.991242362,14,48,21,mungbean
32.69,27.24,28.62911222,89.11480590000002,6.218923893,8,50,21,mungbean
31.32,28.5,29.57329479,88.07505524,7.199495367999999,20,40,15,mungbean
34.66,25.41,27.82684262,87.16679147,6.3898821660000005,36,43,22,mungbean
30.08,27.9,29.8757015,83.14796296,6.623438282,14,57,15,mungbean
32.84,25.84,27.33684386,88.50229102,7.033012777000001,11,60,23,mungbean
34.79,27.34,29.83040388,89.30428305,6.32400451,10,59,15,mungbean
34.08,26.0,28.2753171,82.76020821,6.397636709,7,60,25,mungbean
34.67,29.13,29.86860065,85.99127934,6.401455706,2,47,15,mungbean
33.81,27.85,29.5888162,89.9939693,6.904587016,20,45,22,mungbean
32.46,27.28,28.07219563,82.9116472,6.478557136,2,39,15,mungbean
33.28,26.91,27.84026517,89.99615558,7.063022095,27,40,24,mungbean
33.83,26.42,27.10818093,87.45126690000002,6.981758362000001,35,48,15,mungbean
33.72,26.58,27.68515114,81.94268594,6.227134139,4,59,25,mungbean
34.83,28.36,29.34594634,85.60472562,6.232836962,1,48,24,mungbean
33.3,27.14,28.36319404,84.8593608,7.140437859,36,43,21,mungbean
34.2,26.55,27.65280218,89.80650642,6.459252023,11,46,24,mungbean
33.35,25.68,27.31372793,85.44815232,6.568795403999999,34,47,19,mungbean
32.68,25.81,27.06909959,86.89934108,7.12851089,21,44,18,mungbean
29.86,26.63,28.06642822,85.91625451,6.42937879,17,58,20,mungbean
31.1,26.0,27.73329078,81.13903037,6.248900919,25,40,21,mungbean
31.43,26.23,27.53632932,89.92908171,6.619891497999999,2,38,18,mungbean
34.09,27.21,29.66461594,84.28187572,6.377568542000001,9,48,20,mungbean
30.4,28.68,29.914544300000006,85.85384444,6.415459592,37,49,25,mungbean
34.57,26.92,28.36363858,87.59810657,6.3206620120000006,36,38,15,mungbean
30.84,27.97,29.46416042,87.60890009,6.978400282000001,40,58,15,mungbean
32.79,28.07,29.73013036,82.89166381,6.442335592999999,30,44,16,mungbean
31.0,25.64,27.46852989,87.17649,7.184398832,1,59,23,mungbean
32.44,25.98,27.77076285,87.09979549,6.402926221,9,48,22,mungbean
29.16,27.4,29.12939524,88.48312598,7.085982325,14,41,17,mungbean
29.41,25.34,27.10606808,89.89593328,6.698574085,35,52,19,mungbean
33.51,27.15,28.88078945,86.94206817,6.594739424,31,48,17,mungbean
29.41,25.92,28.14720892,83.8001509,6.647965508,4,41,20,mungbean
33.77,27.97,29.89129144,80.14487166,7.120032489,30,37,25,mungbean
30.18,25.56,27.41503453,80.98004661,6.91380932,9,35,20,mungbean
32.79,28.08,29.27308605,89.4875022,7.073048264,20,41,20,mungbean
34.07,28.89,29.65296893,88.48587386,6.5304707,37,50,23,mungbean
34.62,27.5,28.44524991,82.67639542,6.684381357,34,35,21,mungbean
32.29,27.12,27.96235681,83.97586797,6.581351374,14,37,15,mungbean
30.56,27.21,29.25649321,81.97952224,6.86483915,23,39,22,mungbean
30.81,26.8,28.36291385,88.00989267,6.487124217000001,5,45,21,mungbean
29.86,26.9,27.62749466,86.49366929,6.605733067999999,22,37,20,mungbean
32.56,26.75,28.66086349,86.12194568,6.860602782000001,40,51,17,mungbean
32.95,26.8,29.2114218,87.11497805,6.41874299,27,56,20,mungbean
33.4,27.49,29.40889385,86.16063492,6.365513634,31,40,22,mungbean
29.07,26.0,28.02952623,84.8845732,6.5563729660000005,38,36,21,mungbean
29.58,26.24,28.08657178,80.35005927,6.760694227999999,6,37,17,mungbean
30.09,28.53,29.16174608,80.28038146,6.715276662999999,6,47,18,mungbean
32.73,28.38,29.8596912,80.03499648,6.666380512000001,24,44,17,mungbean
31.04,26.62,29.06631494,83.6869203,6.626629798,25,59,19,mungbean
34.65,26.35,27.38538997,88.66663953,6.702772465,32,56,21,mungbean
30.86,27.42,27.93034941,85.42058715,7.011030515,8,45,18,mungbean
31.17,28.04,29.2808618,81.8009244,6.890156495,19,39,17,mungbean
35.03,27.4,28.9973145,83.78911515,6.821747052,39,37,15,mungbean
30.92,27.37,27.92678579,86.5543196,7.183189922,33,37,19,mungbean
32.43,27.8,28.5474135,88.9570454,6.27258822,26,54,17,mungbean
32.13,27.77,29.36488409,89.1886954,6.679127482,21,51,15,mungbean
30.3,26.45,28.56149805,83.63802195,6.689825155,22,54,20,mungbean
30.83,27.02,28.43683487,87.91332682,6.583381939,29,45,16,mungbean
31.13,27.62,28.79728147,80.45744422,6.725551062,4,40,21,mungbean
34.7,28.14,28.7275267,89.12760359,7.069747813999999,10,37,22,mungbean
30.87,26.47,27.95639663,83.52706038,6.921993877999999,4,44,19,mungbean
29.36,25.74,28.17458662,83.69659318,6.770955317,20,45,17,mungbean
34.1,27.85,28.77653519,86.69133979,6.983130466,23,45,23,mungbean
33.2,26.98,28.438097,83.48991368,6.267684328,25,48,21,mungbean
38.06,28.46,29.48439992,63.19915325,7.454532137,56,79,15,blackgram
36.87,25.66,26.73433965,68.13999721,7.040056094,25,62,21,blackgram
37.64,25.65,26.27274407,62.28814857,7.418650668,42,61,22,blackgram
38.4,31.64,34.03679184,67.21113844,6.501869314,42,73,25,blackgram
38.21,26.41,28.03644051,65.06601664,6.814410927999999,44,58,18,blackgram
35.64,26.88,28.81460716,65.33538112,7.581442888,50,55,16,blackgram
36.79,33.1,34.03619494,64.28791388,7.741418772,35,72,21,blackgram
37.09,33.22,33.8642935,61.57072498,6.573531614,30,64,20,blackgram
38.51,31.04,32.84213012,68.68401492,7.543804222999999,27,64,21,blackgram
38.55,26.01,27.10053268,63.36085585,6.5408208,50,74,17,blackgram
37.41,23.28,25.65842532,61.18235808,7.22405917,39,73,24,blackgram
36.22,30.72,32.34744009,66.61452812,7.551364319,57,67,25,blackgram
36.96,27.2,29.58949031,68.32176769,6.928898659,52,63,19,blackgram
36.74,29.85,30.91219459,68.79427388,7.747775262999999,55,66,22,blackgram
37.8,26.32,28.12787838,64.2097765,6.706505915,51,56,18,blackgram
36.87,29.08,30.08545364,69.34811988,6.668238556,36,66,15,blackgram
37.33,30.81,31.74379487,62.51007687,7.332375138,59,55,19,blackgram
37.52,26.5,27.81326852,62.50460464,7.596802025,50,58,23,blackgram
37.96,30.6,32.88733849,64.59457409,7.70650895,30,65,25,blackgram
35.55,27.79,29.36358721,64.98742947,7.366542647,20,62,18,blackgram
38.59,26.15,27.82592799,67.58618829999999,6.919243702,58,71,15,blackgram
38.82,27.56,28.49538735,60.44848407,7.187721817999999,25,71,24,blackgram
38.03,27.01,27.74274761,68.53997144,7.0758864720000005,52,71,16,blackgram
35.83,29.8,30.41588462,67.66323804,6.74441168,40,63,18,blackgram
35.37,25.09,27.3254209,69.09047809,6.726469087999999,20,60,25,blackgram
36.49,29.62,30.28496619,61.69295127,6.628264883,48,61,21,blackgram
35.95,26.79,28.56840626,61.53278622,7.127064207,49,68,22,blackgram
36.53,23.98,25.36586097,66.6379724,7.538631462000001,48,62,15,blackgram
37.62,33.15,34.9466155,65.26774011,7.162357641,32,66,17,blackgram
38.74,24.58,25.09737391,67.72837887,6.859409487000001,21,63,22,blackgram
36.53,30.29,32.47648301,64.34848735,7.397190844,20,72,19,blackgram
37.39,31.52,33.86351172,68.59232289,6.880245789,25,65,21,blackgram
37.81,23.1,25.19857725,60.37332688,6.581313137,41,78,21,blackgram
35.44,29.4,31.77681682,69.01852894,7.296972161,53,67,17,blackgram
36.26,34.18,34.89814946,63.59948557,6.97297656,39,60,21,blackgram
35.65,29.58,31.74105409,68.63525428,7.241148507,25,76,17,blackgram
37.55,25.02,27.16159076,66.76017239,6.92009048,21,78,19,blackgram
38.49,24.99,26.23773129,67.88521396,7.504608385,57,60,17,blackgram
36.67,28.94,30.20157245,60.06534859,7.152272256,56,75,15,blackgram
38.81,30.94,31.55846339,67.83563765,7.137004749,49,72,15,blackgram
36.5,28.61,29.67892453,69.0854554,6.8080417220000005,24,80,19,blackgram
35.19,26.45,27.05365239,67.7017527,7.393631868,49,76,18,blackgram
38.2,33.35,34.63880966,61.38597868,7.69950698,28,68,19,blackgram
35.97,31.03,33.39438752,62.93692886,6.602888248999999,55,78,21,blackgram
37.65,28.05,28.84079155,63.37230676,6.734447425,50,64,25,blackgram
37.96,29.97,31.49338309,63.0563645,6.521217963,34,80,19,blackgram
35.87,24.8,25.54960633,63.95425534,7.707332484,20,68,23,blackgram
37.65,31.99,34.37329112,69.69366426,6.596719015,55,67,16,blackgram
35.18,32.14,34.600824700000004,63.11296779,7.403623355,23,70,15,blackgram
38.13,28.24,29.43463808,64.94329356,7.517097,53,74,15,blackgram
37.04,27.8,29.10713092,67.90577375,7.17620823,26,67,16,blackgram
37.61,27.73,28.57006111,65.71765781,6.593961761,33,80,22,blackgram
37.44,25.1,27.54384835,69.3478631,7.143942758,37,79,19,blackgram
35.65,30.85,33.04687968,68.93875631,6.690655045,33,75,21,blackgram
35.36,32.9,33.95309131,69.96100028,7.423530351,22,55,20,blackgram
38.02,28.58,30.11873003,60.11680815,6.578714842999999,20,68,17,blackgram
37.44,28.26,29.57812712,66.17587668,7.497469256,43,68,20,blackgram
37.31,26.32,27.26458947,68.01232937,7.775306272000001,44,76,22,blackgram
36.04,29.89,31.35730791,64.24992106,7.322555222999999,34,60,16,blackgram
35.5,29.1,31.52104732,66.55723677,7.580527339,21,72,17,blackgram
36.95,27.45,29.39982732,64.25510719,7.1084501210000015,25,68,19,blackgram
36.39,27.9,29.38400259,64.14928485,7.358974541,41,62,15,blackgram
38.65,26.05,28.38686534,61.88871127,7.405176138,28,65,23,blackgram
37.47,26.85,28.47442276,63.53604453,6.500144962,35,64,15,blackgram
37.93,28.65,30.64095781,61.14508627,7.167435834,52,58,16,blackgram
37.24,22.98,25.25596239,61.36669662,7.261791753,58,75,25,blackgram
38.45,31.77,32.97030511,60.18122078,7.586642101,34,66,19,blackgram
36.91,31.36,33.66855394,66.60416867,7.534811832999999,52,70,16,blackgram
38.44,31.83,32.83963757,67.99803573,7.251000789,23,57,19,blackgram
37.45,25.51,27.45853567,62.90020977,6.513620917999999,42,58,25,blackgram
38.75,25.08,25.68576704,69.84354028,7.121254928,37,62,17,blackgram
37.89,28.37,30.0328403,64.14800537,7.574561547,44,75,22,blackgram
36.16,27.55,28.20667264,68.27085245,7.350869792,21,80,20,blackgram
35.9,27.35,28.27265858,61.18956161,7.5131510760000015,56,76,16,blackgram
37.51,26.51,28.541723600000005,64.2020154,7.0256077060000015,29,76,15,blackgram
35.96,25.13,26.87187036,61.61367264,6.804253866,43,61,20,blackgram
36.11,30.43,32.79766751,68.77994074,7.163043872,55,60,15,blackgram
35.94,25.39,26.42333018,64.51136845,7.338929556,44,63,15,blackgram
35.83,27.77,29.79181107,63.38789228,6.621323612,29,67,21,blackgram
38.21,26.08,27.44003279,67.10464369,6.661870999,47,63,16,blackgram
37.69,32.92,34.1262979,65.14877461,7.733149554,40,68,17,blackgram
35.77,28.71,30.94908189,64.23364112,7.402891666,58,61,15,blackgram
38.43,27.7,28.75751783,61.02701476,6.599147297999999,41,74,18,blackgram
35.65,26.18,27.24766491,66.10123083,7.04174124,58,79,17,blackgram
35.64,27.01,28.63005477,66.770943,7.353876754,27,62,24,blackgram
36.18,25.83,26.41768321,63.64698302,7.026795358999999,27,60,17,blackgram
37.29,32.0,32.81705216,66.15665137,6.814301033,52,65,20,blackgram
37.88,28.49,29.6321052,65.91359954,7.42160832,44,55,25,blackgram
36.44,32.33,33.49077065,62.73317204,6.8473828910000005,21,62,24,blackgram
38.65,30.24,31.86847286,66.74217464,7.191522601,60,59,22,blackgram
38.0,28.07,30.32992227,65.62971858,7.01285529,33,77,21,blackgram
35.78,26.18,28.546224,66.31394098,7.368318809,59,58,17,blackgram
36.7,27.68,30.02629908,67.88811637,7.26154329,29,63,17,blackgram
36.75,30.5,31.65531175,60.13263713,6.52669158,59,63,18,blackgram
38.63,28.62,30.33499674,63.54718862,6.872594461,29,70,15,blackgram
36.3,32.62,33.36984395,65.67718163,6.874142175,58,73,16,blackgram
36.27,29.41,31.4345059,62.99303471,7.76061831,55,77,22,blackgram
37.22,25.38,27.71678273,63.29103387,6.781841984,42,79,23,blackgram
35.53,31.11,32.63918668,61.3009051,7.326980454,44,77,21,blackgram
35.92,30.9,32.7477393,67.77954584,7.453975408,38,62,25,blackgram
30.89,27.53,28.05153602,63.49802189,7.604110177000001,32,76,15,lentil
31.76,17.8,19.44084326,63.27771461,7.728832424,13,61,22,lentil
31.76,27.93,29.84823072,60.63872613,7.491217102,38,60,20,lentil
31.72,19.95,21.36383757,69.92375891,6.633864582,11,74,17,lentil
31.59,24.22,26.28663931,68.51966729,7.324863481,37,71,16,lentil
33.43,21.23,22.17499963,62.13873825,6.410441476,29,71,18,lentil
32.78,24.27,26.57597546,60.97876599,7.836719564,2,72,18,lentil
32.79,25.02,26.58972517,66.14007674,6.139215944,6,59,21,lentil
29.16,17.18,19.1345771,62.57526895,6.590571088,13,64,20,lentil
28.83,26.83,28.75273118,69.15640149,7.286049977999999,8,58,17,lentil
32.35,24.29,25.78746268,60.2816298,6.058306161,6,77,20,lentil
33.2,23.17,23.89271875,61.78779413,6.658605362,2,75,22,lentil
30.79,26.67,28.67408774,63.18832976,7.299360767,3,69,23,lentil
32.32,27.3,28.42062847,61.77336343,7.815210661,27,80,24,lentil
30.5,20.66,21.35499456,62.60136323,5.925391795,39,78,15,lentil
29.73,20.47,21.12695586,63.18738532,6.403683619,40,79,17,lentil
32.51,22.82,24.02037872,61.62313345,7.397546271,37,62,22,lentil
33.04,23.03,25.40474421,65.8567539,7.722335992,31,60,24,lentil
33.8,28.52,29.03017561,64.49166566,7.475926645,22,67,22,lentil
32.79,18.8,20.21368219,68.65257685,6.887130053,3,78,18,lentil
31.29,27.58,29.19585548,68.01965728,7.441976825,4,80,16,lentil
32.41,16.98,18.29783597,69.6897615,7.629910252999999,13,61,24,lentil
31.16,24.96,27.41434987,63.41785982,7.336117221,12,66,20,lentil
32.25,24.16,24.84063998,60.09116626,6.75020529,4,61,21,lentil
30.14,29.1,29.94413861,67.31323084,7.52178027,9,60,21,lentil
32.03,24.84,25.87990287,67.55109024,6.347379185,18,66,22,lentil
31.57,18.77,20.0467711,65.84395319,7.135251532000001,32,56,18,lentil
33.69,21.77,22.99451999,66.70897237,7.670178119,6,72,15,lentil
32.32,23.29,25.13163619,66.92642362,7.399749291,15,77,20,lentil
33.35,26.77,28.49584395,62.44616219,7.841496029,0,65,24,lentil
32.21,17.38,18.28766124,69.48515056,6.254216611,30,79,22,lentil
33.35,23.05,24.38041875,61.18458224,6.868881707999999,3,63,16,lentil
31.41,19.29,21.31852148,66.43934593,7.320514721,2,78,23,lentil
31.07,16.58,18.54141834,62.70637578,6.296976913,10,78,18,lentil
32.4,22.79,25.28710601,60.85993533,7.241151936,14,67,25,lentil
30.31,23.33,25.43459777,69.12613376,7.685959305,39,65,23,lentil
31.07,28.02,28.83600962,69.76112921,6.890760124,19,72,15,lentil
32.43,24.92,27.37659643,63.93927841,6.155915975,18,57,21,lentil
31.4,26.55,28.31886863,60.19461399,6.167855382000001,31,58,15,lentil
29.5,26.42,27.4818649,62.04814951,6.861640036,28,58,25,lentil
32.26,17.42,18.28072173,68.10365387,6.978361689,5,65,19,lentil
30.73,26.37,27.61204997,69.29786244,7.043160241,16,65,19,lentil
31.41,21.2,23.43974653,63.22011726,5.94239222,34,65,19,lentil
33.16,19.07,20.95628486,63.68128841,7.239455147,14,69,19,lentil
32.49,21.77,23.7937153,68.03209183,6.516317561,22,55,16,lentil
29.62,21.86,22.6371424,65.44544859,6.233269045,24,61,17,lentil
28.98,20.91,21.53577883,65.47227704,7.505283615,2,79,15,lentil
31.29,28.75,29.87854588,65.73085206,6.950300686,26,63,17,lentil
32.14,23.41,25.2653291,67.10004577,6.958054839,27,61,15,lentil
28.8,22.86,25.17885316,68.93307305,6.54803469,24,70,16,lentil
31.11,22.13,24.12192608,61.09533545,6.461618577,13,74,25,lentil
29.09,21.17,23.33565221,67.40460704,7.065264073,6,64,23,lentil
32.67,20.19,21.74600081,63.39503184,6.765091462000001,12,58,23,lentil
33.66,26.67,27.60195453,63.46170674,5.91645379,32,79,22,lentil
31.87,23.46,24.388717,62.50453062,6.711341147000001,6,68,18,lentil
29.6,24.05,24.98287462,66.895409,6.379881442,10,79,20,lentil
28.88,27.33,28.234829,69.3159965,6.313284267999999,38,77,22,lentil
29.32,23.97,26.03026959,69.55863145,7.393210848,17,74,17,lentil
29.33,26.98,28.04849594,64.07691942,7.504930973,26,68,24,lentil
32.13,24.06,24.87425505,64.00213929,7.198076286,23,75,17,lentil
33.42,22.06,23.97081395,62.35557553,7.007037515,32,78,22,lentil
30.78,17.6,20.06003985,67.76252583,6.677262562,19,79,19,lentil
30.49,18.83,19.59221047,61.28633405,6.74398035,22,60,18,lentil
28.97,27.35,29.77013109,66.29327012,6.547361617999999,28,69,16,lentil
32.07,25.96,27.52135365,60.53657684,6.551577598,1,67,21,lentil
31.43,24.75,25.62896213,63.14909763,6.585020302999999,12,67,23,lentil
33.39,18.51,20.39078312,60.47528931,6.924042372000001,36,67,20,lentil
29.84,23.31,25.39038396,60.4989659,7.437373666,28,70,21,lentil
30.6,23.49,24.91079638,60.71367427,7.142611056000002,12,71,19,lentil
29.41,26.09,27.70496805,63.20915034,7.74672376,22,68,16,lentil
32.95,15.58,18.06486101,65.1034354,6.300479414,26,66,22,lentil
32.71,16.09,18.13027797,62.45851612,6.078724107,16,65,16,lentil
31.78,22.66,23.82723528,67.89815262,6.76660668,14,59,22,lentil
32.45,20.83,23.19305333,62.74710773,7.641024177,33,59,19,lentil
30.41,23.96,25.08966129,68.17543102,6.559681838,21,63,17,lentil
29.21,25.12,25.86928193,61.88321072,7.072923306,0,69,21,lentil
29.8,16.69,18.43966037,68.05394959,7.732194787999999,10,75,17,lentil
33.19,24.74,27.14911056,67.02664337,6.157782589,30,61,18,lentil
31.81,22.63,23.33375853,64.50515776,7.240988401,0,74,17,lentil
30.77,26.19,26.7230014,62.96841833,6.898905799,35,74,22,lentil
33.33,17.63,19.55750776,64.45268309,6.818681086000002,7,63,24,lentil
31.68,24.12,26.13708256,66.7729209,6.261937875,9,56,17,lentil
32.55,26.27,27.99990346,65.57653373,6.493036868,14,74,15,lentil
29.17,28.41,29.05941162,62.10652364,7.042474679,14,76,20,lentil
32.6,23.74,25.71269843,64.1123333,7.692013657,36,65,16,lentil
31.71,20.52,21.79792649,63.73086065,6.250994222999999,28,67,21,lentil
33.35,23.26,24.70626432,60.26854183,6.0521848810000005,28,79,16,lentil
31.11,18.62,20.94981756,65.8108757,7.002216044,40,61,22,lentil
30.45,24.05,24.84918386,68.98088448,7.272427638,10,70,19,lentil
29.07,21.22,21.91041045,65.21662467,5.962001484,12,80,19,lentil
32.82,25.2,25.93381964,68.70533022,7.080506001,37,77,20,lentil
32.95,29.19,29.82112112,69.4073209,6.5937983870000005,0,67,22,lentil
31.36,25.42,27.52185591,63.13215259,7.28805662,7,73,25,lentil
31.58,26.75,27.99627907,68.6428593,7.32710972,10,56,18,lentil
32.04,18.3,20.76774783,63.90164154,6.366355781,39,70,15,lentil
33.21,21.99,23.05276444,60.424786,7.011121216,26,56,22,lentil
29.57,20.67,21.65845777,63.58337146,6.280725549,9,77,17,lentil
30.25,23.85,26.25070298,67.62779652,7.621494566,4,59,19,lentil
33.34,20.24,20.97195263,63.83179889,7.630424082999999,34,73,15,lentil
30.24,22.37,23.89736406,66.32102048,7.802212437,33,77,15,lentil
48.13,23.66,24.55981624,91.63536236,5.922935513,2,24,38,pomegranate
47.14,17.61,19.65690085,89.93701023,5.937649577999999,6,18,37,pomegranate
45.75,17.25,18.78359608,87.4024767,6.804781106,8,26,36,pomegranate
47.69,22.69,24.1469628,94.5110662,6.424670614,37,18,39,pomegranate
47.48,20.03,22.44581266,89.90147027,6.7380162210000005,0,27,38,pomegranate
47.49,23.49,24.96273236,92.40501423,6.4973666770000005,31,25,38,pomegranate
46.35,21.16,22.5526059,89.32594859999998,6.327673765,21,21,38,pomegranate
46.87,20.68,22.77035608,91.45498527,6.36137446,6,30,40,pomegranate
47.14,16.83,19.20090378,94.27659596,6.9235093710000015,25,27,41,pomegranate
47.48,20.84,23.12808226,92.68328358,6.630646082999999,15,11,38,pomegranate
46.32,23.47,24.92639065,85.19098079,5.832525853,14,5,36,pomegranate
46.57,24.09,24.77464458,85.63608688,6.738993954,16,10,41,pomegranate
47.21,19.02,19.8671184,86.35590206,5.782435567,36,7,37,pomegranate
46.26,22.48,24.26601316,93.7974061,6.537042717,4,20,41,pomegranate
47.05,22.15,23.62600218,89.73266695,6.145104401,29,22,40,pomegranate
47.27,18.4,19.67832052,89.08935702,6.890784045,16,15,42,pomegranate
46.33,21.33,22.36509395,92.30882391,7.175344328,18,27,41,pomegranate
45.84,19.36,21.57936934,94.88267728,5.938528744,11,18,42,pomegranate
47.15,16.4,18.26233221,88.16779129,5.709380472,5,15,38,pomegranate
46.54,21.53,23.71028128,89.61794165,6.184400085,18,23,44,pomegranate
48.05,21.84,22.48720144,89.9224883,6.553509673,9,8,40,pomegranate
48.24,19.99,21.66024980000001,94.79397419,5.885638185,40,27,45,pomegranate
46.96,18.09,20.13037175,89.31505137,6.1438746910000015,22,23,44,pomegranate
46.42,16.24,18.41164435,91.11927248,6.101198974,9,16,39,pomegranate
47.95,18.79,19.68291173,89.75272999,6.594037135,12,29,40,pomegranate
47.41,21.98,23.20242586,91.19442671,6.8598408210000015,0,17,42,pomegranate
45.82,16.57,18.92157197,87.31290342,6.56893406,2,21,44,pomegranate
46.85,20.86,22.10621387,91.34039616,6.769855664,28,6,40,pomegranate
47.25,17.03,18.47412402,89.68919664,7.130837931,8,23,44,pomegranate
45.84,18.09,19.81069447,88.92944254,5.7403380020000006,29,16,36,pomegranate
45.92,23.84,24.4880844,90.83687246,5.843005428,17,18,43,pomegranate
47.89,16.74,18.75927679,89.93457597,6.648687273999999,34,21,42,pomegranate
46.22,17.68,19.54128063,90.29751796,6.902751061,21,23,42,pomegranate
47.95,17.92,18.91251245,87.74938524,6.608023872,25,17,40,pomegranate
46.13,17.77,19.91330523,94.95031368,6.828522375,8,25,36,pomegranate
47.19,17.29,19.72620525,89.64934166,6.910374919,26,18,42,pomegranate
47.94,22.03,23.83185873,87.84034604,6.306605528,4,19,42,pomegranate
46.1,23.91,24.94467632,94.25702672,7.009180374,36,24,41,pomegranate
46.29,22.29,24.692258,93.87030088,6.297907578999999,5,24,40,pomegranate
47.95,23.0,24.72485577,85.56083187,6.728599215,19,17,39,pomegranate
47.15,19.24,20.12644921,87.59629625,6.965156737999999,39,30,38,pomegranate
46.32,19.55,21.02432943,93.0569505,5.578095745,5,29,44,pomegranate
47.6,21.38,22.40423537,88.1508343,7.199504273,4,24,43,pomegranate
47.88,19.71,20.33691147,89.38003827,5.841367187,38,21,35,pomegranate
46.86,23.7,24.24779615,85.56033312,6.710143266,37,11,36,pomegranate
47.45,23.83,24.81530144,91.90842992,5.972714857000001,9,25,41,pomegranate
46.64,18.0,19.66329768,87.95158129,5.561851831,29,22,43,pomegranate
48.25,20.94,22.43377991,90.3396556,6.107054807999999,5,21,38,pomegranate
47.69,21.84,22.92052307,85.12912161,6.988035315,22,26,38,pomegranate
46.7,22.15,22.91843172,85.40695044,7.13147457,4,18,37,pomegranate
46.93,23.4,24.88244467,89.39686219,7.086947687,21,6,41,pomegranate
46.43,22.43,23.40981539,93.13277,6.749260456,29,21,45,pomegranate
47.02,18.74,21.20725375,94.26304717,7.16300467,23,5,44,pomegranate
47.55,17.47,18.20230419,91.12282162,7.013481515,13,7,43,pomegranate
45.95,20.17,22.34375696,89.7870345,5.648243648999999,5,13,37,pomegranate
47.75,23.79,24.32770134,90.88292835,6.610251186,27,24,41,pomegranate
45.76,17.77,19.75088482,88.71691157,7.054313822999999,7,23,35,pomegranate
47.89,19.12,19.86173586,86.19740917,6.026999326,12,20,39,pomegranate
46.72,16.7,18.07132963,93.14554876,5.7794274020000005,4,19,43,pomegranate
46.28,23.01,23.89162561,89.61850203,6.535244251,3,9,45,pomegranate
46.37,22.04,23.98598756,93.34236582,5.684995235,1,27,36,pomegranate
45.88,18.62,20.93892916,85.42912869,6.12476108,23,30,44,pomegranate
47.49,19.44,20.82210727,87.22815682,6.999014379,24,21,42,pomegranate
46.85,19.96,20.86474944,91.61793636,6.277148771,13,30,37,pomegranate
47.98,22.08,24.45840036,86.10874614,6.322396027000001,40,11,44,pomegranate
46.53,23.17,24.51147697,90.64498715,5.956401828,21,9,40,pomegranate
47.87,23.68,24.56811204,92.03009222,6.591302797000001,3,27,44,pomegranate
47.81,22.63,24.63228709,89.01574455,7.104094929,40,29,42,pomegranate
46.05,17.82,20.07386547,90.97819712,6.407872061,14,25,40,pomegranate
45.79,20.69,21.80523051,94.63612858,6.658402594,38,14,37,pomegranate
47.74,21.04,22.8122645,86.34233767,6.276038961,34,9,36,pomegranate
46.3,21.43,22.73031253,88.48567856,6.825256236,32,14,37,pomegranate
47.92,21.73,23.2801227,94.94330457,6.368560522,18,21,35,pomegranate
46.5,18.52,19.30106297,87.1775172,7.005410734,8,23,38,pomegranate
47.3,18.35,19.0087067,88.83768149,6.8973684770000006,15,6,41,pomegranate
46.51,22.47,24.35193812,90.88612388,6.152906502,0,5,36,pomegranate
48.18,23.59,24.72235539,88.87651295,5.744361602000001,22,9,44,pomegranate
48.06,19.64,21.92513945,94.46485312,7.051654924,14,8,43,pomegranate
47.04,24.21,24.83954414,86.88738076,6.034612928,31,11,45,pomegranate
46.35,15.73,18.09691127,90.42177379,6.9244907310000015,39,17,45,pomegranate
47.45,17.78,20.24104904,91.08706822,6.887005997,10,5,42,pomegranate
46.55,22.66,23.22594,94.42971362,6.8444019,8,28,38,pomegranate
46.78,21.26,23.50128217,92.97527546,5.786058032000001,32,13,42,pomegranate
46.67,17.91,19.44623085,89.02127045,5.627186257000001,18,9,40,pomegranate
47.78,19.42,20.51343484,92.51675903,5.700088663,20,27,41,pomegranate
47.03,17.68,18.90223032,94.99897537,5.567805185,39,25,36,pomegranate
48.25,17.21,18.90592319,89.24126808,6.077886012,20,7,45,pomegranate
47.39,21.44,22.63045168,88.45577158,6.397995609,11,10,45,pomegranate
47.61,16.97,19.38603815,86.79058496,5.767372539,40,18,43,pomegranate
46.03,22.63,24.38318965,91.19431555,7.079973241,3,26,39,pomegranate
46.87,22.94,23.77989026,92.93386903,5.893332377999999,9,16,36,pomegranate
47.66,21.34,22.59890174,93.16343942,7.058222596,30,20,38,pomegranate
46.66,23.04,24.37766782,85.4017118,5.78270695,40,9,41,pomegranate
46.24,18.96,20.89273273,91.07776977,6.269663962999999,40,30,35,pomegranate
46.88,15.95,18.09903225,85.70786282,5.892913826,32,25,35,pomegranate
48.22,18.93,20.00218987,85.83618191,7.116538883,33,23,45,pomegranate
45.83,18.9,19.85139326,89.80732335,6.430163481,4,14,41,pomegranate
46.7,20.34,21.25433607,92.65058936,7.159520979,13,17,45,pomegranate
47.58,21.2,23.65374106,93.32657504,6.431265737,39,24,39,pomegranate
47.21,21.91,23.88404783,86.20613842,6.082571701,8,28,37,pomegranate
43.32,27.32,29.36792366,76.24900101,6.149934034,91,94,46,banana
45.38,26.6,27.33368994,83.67675197,5.849076099,105,95,50,banana
46.36,25.62,27.40053601,82.96221306,6.276800323,108,92,53,banana
42.64,27.31,29.3159075,80.11585705,5.926824754,86,76,54,banana
48.44,25.53,26.05433004,79.39654531,5.519088423,80,77,49,banana
48.77,23.95,25.86632408,84.42379269,6.079178787999999,93,94,53,banana
44.45,24.96,27.00932084,80.18546798,6.13465588,90,92,55,banana
44.96,27.61,29.55054817,78.06762846,5.808497603999999,108,89,53,banana
48.61,25.0,26.28845991,83.390039,5.891458107,108,88,55,banana
45.12,28.51,29.16226551,76.16151562,5.816622478999999,105,77,52,banana
44.81,27.3,28.65003945,82.68752542,5.8431631610000005,118,88,52,banana
45.16,27.79,29.07311132,76.50045221,6.376756632999999,101,87,54,banana
49.71,26.21,28.08166093,75.26429821,5.623615687000001,95,75,50,banana
45.05,26.69,27.1994597,78.80860679999998,5.91505509,106,85,53,banana
47.23,25.64,28.05484146,78.04602887,6.458714879,86,95,49,banana
44.79,23.77,25.14748006,83.34688193,5.565028635,83,79,55,banana
50.11,25.24,25.94019018,78.3422098,6.211833161,85,95,47,banana
47.3,26.61,27.66752761,79.68542782,6.490074429,109,79,45,banana
45.82,23.17,25.56703012,75.94067692,5.590236025,100,76,45,banana
49.18,26.23,28.6956201,82.54195839,6.225225238999999,117,86,48,banana
49.81,25.56,26.33544853,76.8532006,6.190757458999999,114,94,53,banana
44.67,24.57,25.93730186,78.89864446,5.915568968,110,78,50,banana
42.98,23.84,25.13686519,84.88394407,6.195152442,94,70,48,banana
46.4,26.81,27.50527651,80.79783998,6.156373499,80,71,47,banana
48.15,25.6,26.21009246,82.34429458,6.313197204,114,79,51,banana
43.13,27.8,29.10403455,79.19588629,6.324270089,88,78,45,banana
42.78,27.23,29.244063800000006,77.32017166,5.7074889870000005,112,73,48,banana
43.39,23.92,25.56202173,77.38229006,6.119216009,117,76,47,banana
44.66,25.73,26.3985515,81.36028902,5.571401169,111,87,48,banana
47.52,27.09,28.09577643,77.79586769,5.63127166,89,83,47,banana
49.46,27.23,27.84767901,83.31110751,6.101241579,93,91,47,banana
43.69,25.51,27.39341554,81.4654833,6.438137278999998,92,81,52,banana
49.95,23.28,25.14517635,81.38204104,6.098369122,105,74,45,banana
45.74,27.89,28.65456263,79.28693687,5.695267822000001,102,71,48,banana
47.53,27.62,29.16093424,76.67484233,5.6180944460000015,94,91,51,banana
42.95,26.53,27.57278064,82.0638878,6.435785799,116,71,47,banana
48.38,23.91,25.40909896,82.36208097,6.176644228,117,79,49,banana
48.15,23.89,25.99069521,83.33983116,6.220643671,119,72,55,banana
49.81,25.17,26.29039046,81.06003778,5.8717022110000014,99,73,53,banana
49.53,27.54,29.14827211,78.71024836,6.390741836,91,84,52,banana
46.98,25.35,26.59743595,79.35898915,6.21084479,80,90,47,banana
49.28,24.73,25.36059237,75.03193255,6.012696655,101,70,48,banana
48.24,27.14,29.12036889,80.18080728,5.908770059,108,89,53,banana
47.71,26.87,27.53911354,77.25629897,6.049801781,100,80,52,banana
47.7,28.91,29.66727337,83.51014178,6.010095852999999,109,91,53,banana
47.74,23.18,25.05802193,84.97323747,5.738678895,82,78,46,banana
49.22,24.97,25.86824781,78.52399914,5.74055541,106,70,55,banana
49.91,24.15,25.85036988,81.95580471,5.793260262,90,86,52,banana
47.34,25.3,26.51682337,77.79913575,5.50947065,83,95,50,banana
49.71,27.28,28.66725136,79.59242542,5.986442306,119,90,48,banana
42.96,27.27,28.14938935,81.54448882,5.790768046,107,72,45,banana
43.9,24.63,26.42313317,83.69950440000002,5.915546415,116,81,55,banana
47.63,26.06,26.59386409,81.40740301,6.242528277999999,101,75,50,banana
45.68,26.01,27.71822477,76.57853189,6.0360792660000016,93,81,50,banana
47.39,27.43,28.98333432,82.95958244,5.829898502000001,95,75,45,banana
49.45,28.87,29.42017919,83.96754496,6.088064451,107,71,55,banana
48.17,26.01,27.39872329,81.10523402,6.469370954,83,94,47,banana
47.89,25.31,26.4020227,84.41007614,5.720726906,102,73,54,banana
44.92,26.73,27.81251452,82.69285419,5.80766417,86,79,45,banana
49.1,23.75,25.19640218,83.55829874,5.703381727999999,117,86,53,banana
50.07,26.27,28.31193338,75.77363772,6.165001277999999,111,79,53,banana
47.66,25.37,25.90113128,80.47152737,6.002481605,95,74,50,banana
47.45,26.14,27.48612983,76.11239849,6.212369363,91,75,55,banana
47.44,28.16,29.38254012,83.50423735,5.765308943,93,83,46,banana
47.35,28.5,29.22118628,81.08183635,5.740764682000001,92,85,51,banana
47.67,26.16,27.09062164,81.33506906,5.879119455,104,80,54,banana
46.25,24.82,26.12643374,81.81365007,6.099478745,103,72,51,banana
42.72,27.9,29.01207743,77.95192527,5.674403358999999,92,75,45,banana
50.01,25.77,27.96799119,79.28625709,5.694243847,93,85,49,banana
49.89,26.36,28.0764455,76.05522115,5.905494703,120,87,52,banana
42.85,22.83,25.16278237,84.97849241,6.110844721,108,72,46,banana
48.69,23.58,25.78749808,84.51194224,6.020445317,105,88,54,banana
42.88,24.23,25.34119774,84.47321314,6.435917308,98,79,50,banana
44.23,27.23,29.44795403,78.34971537,5.505393832999999,111,88,55,banana
48.42,24.96,26.47522633,78.51833782,5.677719902000001,97,74,45,banana
43.31,26.69,27.39489579,83.31172003,5.719014989,95,82,48,banana
43.7,24.04,25.08347445,80.26173100000003,6.275572297999999,89,91,55,banana
43.04,25.57,26.671983500000003,76.48541655,6.275384607,89,85,55,banana
45.29,23.37,25.44926208,79.49221962,6.201911642000001,118,88,51,banana
44.62,27.4,28.22776705,80.64303840000002,5.758054257,101,92,45,banana
46.0,27.22,28.127950899999995,77.48247073,6.3239336470000005,99,92,47,banana
44.07,28.4,28.9470467,82.1888998,5.901100841,82,77,46,banana
44.51,27.22,27.96236771,84.15403614,5.644486582000001,90,86,55,banana
43.78,27.06,28.00316034,78.90085998,6.235461772000001,95,88,52,banana
42.72,28.42,29.1400919,80.1190228,6.28236237,104,73,46,banana
42.67,26.36,27.9122104,83.36307683,6.356090905,102,73,52,banana
44.24,24.55,25.43480512,81.53977797,5.837258235,100,74,52,banana
47.91,26.74,28.55980972,84.51602322,5.653437902,94,89,48,banana
45.25,24.43,26.59580783,82.99556744,5.727469947,99,70,46,banana
44.99,25.23,27.19711623,77.39706290000002,6.200111067999999,112,87,48,banana
46.48,24.65,25.29391516,79.29122198,5.614471478,117,82,45,banana
43.11,28.02,29.90888522,76.98740841,6.257369799,96,86,51,banana
47.4,26.57,27.94972463,76.63713353,6.037430836,113,85,45,banana
47.22,23.72,25.01018457,78.76260938,5.760457558,105,93,46,banana
47.27,28.53,29.21144871,84.70189923,6.1581644220000005,85,89,51,banana
42.81,24.94,27.35911627,84.54625006,6.387431382999999,108,94,47,banana
46.05,26.76,28.0106804,76.52808057,5.891413895,92,81,52,banana
43.71,27.67,28.67208915,82.20793613,5.725418961,110,71,54,banana
43.15,26.22,27.34585147,78.48738349999998,6.281069505,82,75,55,banana
44.65,27.04,29.50704598,78.20585613,5.507641777999999,117,81,53,banana
42.63,27.65,29.73770045,47.54885174,5.954626604,2,40,27,mango
44.79,32.8,33.55695561,53.72979826,4.757114897,39,24,31,mango
44.08,24.77,27.00315545,47.67525434,5.6995869720000005,21,26,27,mango
44.04,31.87,33.56150184,45.53556603,5.977413802999999,25,22,25,mango
43.16,34.92,35.89855625,54.25964196,6.430139436,0,21,32,mango
44.62,33.02,34.17719782,50.62161586,6.113935087000001,20,19,35,mango
44.55,27.96,30.01592643,53.19212381,5.074272692,19,21,34,mango
43.55,29.57,31.74592134,45.16127859,5.667507706,18,17,31,mango
43.96,33.81,35.99009679,52.22780489,5.978634285,11,36,33,mango
44.74,30.48,31.86641378,52.19331595,5.064613314,30,28,30,mango
43.64,26.86,27.75518664,52.34605806,4.772385986000001,18,19,27,mango
44.45,32.65,34.72413192,51.4271781,5.161148592,23,23,27,mango
44.96,25.26,27.53907547,53.63549533,6.797779227,37,30,34,mango
42.57,26.58,27.69637763,48.56224879999999,6.39474303,11,27,30,mango
43.08,26.63,27.25373364,52.66319725,5.566704378,12,19,31,mango
43.72,28.15,30.33723921,48.88704844,5.755049971,3,28,33,mango
43.0,29.44,31.85744939,45.53106268,5.417340525,37,38,32,mango
44.47,34.3,35.39986338,49.45962621,6.166173833999999,26,37,30,mango
44.05,28.05,29.80747243,52.13797867,5.191265116,14,18,30,mango
44.7,33.3,34.16438906,54.16482251,4.954739564,40,16,35,mango
45.12,27.5,28.93270187,47.94053996,5.664587011,4,20,25,mango
45.02,27.05,27.98392787,53.33018851,5.548584852,36,25,33,mango
43.77,29.7,31.20478173,54.49960506,6.804437106,30,17,31,mango
44.78,31.08,32.13409675,50.52559148,6.097869767000001,28,37,28,mango
44.37,27.7,28.91862016,48.13974548,5.075504537,38,15,30,mango
42.68,28.74,31.09779147,47.41196659,4.546466109,12,37,30,mango
42.77,32.55,34.73823882,49.08864345,5.855119267999999,38,19,31,mango
43.07,28.41,29.98080499,49.48613279,6.442393461,8,33,29,mango
42.82,31.56,33.80398664,46.12866113,4.507523551,15,27,28,mango
43.14,28.23,30.07202564,50.96040505,6.10729559,34,16,25,mango
45.19,27.4,27.92063282,51.77965917,6.47544932,11,36,31,mango
43.36,29.07,31.40948821,49.21729127,6.832979508999999,33,29,34,mango
45.17,34.52,35.7877738,51.94190321,5.395275719,12,31,26,mango
44.82,31.0,33.36140093,45.02236377,6.13526938,12,34,28,mango
44.62,35.27,35.96054636,48.69677802,4.555688532,5,16,31,mango
43.03,27.06,28.33333307,51.39586505,6.4341977560000005,1,30,29,mango
44.11,31.62,32.27652024,50.19368841,5.316875978000001,16,35,31,mango
44.46,30.42,31.99490489,50.84881347,5.279388967,35,18,26,mango
44.08,26.58,27.58258929,48.56916221,6.720041791,4,40,26,mango
45.32,27.87,29.38471637,45.88744691,5.72742254,9,29,34,mango
42.66,30.24,32.38697531,53.2328243,4.691396195,2,38,33,mango
42.64,29.26,30.91471455,49.92963856,6.810186079,26,32,32,mango
44.47,34.4,35.37775595,45.58110023,6.454045329,34,38,31,mango
43.45,30.75,32.32362177,52.58967710000001,5.842763773,5,32,33,mango
44.56,26.47,28.22373428,47.40519056,5.024124683999999,31,29,26,mango
43.93,24.8,27.27433181,47.16808054,6.422710539,34,34,35,mango
43.2,26.38,27.10710832,50.70880979,4.94295037,36,19,32,mango
43.02,33.83,34.89226666,48.75613373,6.414526606,7,17,26,mango
43.18,33.14,33.7462686,48.50387598,6.777788126,38,15,27,mango
44.19,25.7,27.351105600000004,54.43945147,6.441328044,5,19,25,mango
43.74,32.38,32.89300162,52.61323969,4.650536197,37,36,26,mango
42.68,33.98,35.38598705,51.42664176,5.254532213,21,31,32,mango
42.71,26.56,27.552973600000005,47.90859131,5.910634533,37,36,27,mango
42.83,32.15,32.82141065,47.45553843,4.755273631000001,23,23,30,mango
43.92,28.75,30.17294105,51.0845903,6.814630246,36,26,26,mango
45.31,27.02,29.26382931,54.82257868,5.342866119,24,33,35,mango
44.27,29.98,32.06097197,51.08494181,6.336234623999999,26,18,30,mango
45.03,28.12,28.69818144,47.71875722,4.754435025,22,17,26,mango
44.51,27.26,29.14305008,49.40983294,6.831706773,11,34,32,mango
42.71,27.78,28.347161100000005,53.53903102,6.9674177660000005,29,35,28,mango
43.32,25.92,27.67256197,45.41692012,4.947683034,22,28,26,mango
43.44,27.55,28.1218093,46.16888595,5.630619901,23,24,32,mango
43.16,29.37,30.79375683,46.69536813,6.27339822,1,35,34,mango
43.81,27.84,28.89409382,54.80750249,6.472774648,2,24,34,mango
44.69,32.79,33.33024826,45.61143594,6.953246506,39,37,25,mango
42.86,26.04,27.78912455,53.96886679,5.6437102160000014,15,36,27,mango
42.88,30.7,31.65333432,48.20662669,6.392313972999999,3,18,31,mango
42.96,28.5,29.75150773,46.73723302,4.981816523,8,38,32,mango
42.55,29.47,31.32995611,50.22287593,5.421265282999999,33,31,34,mango
44.5,33.74,35.63627319,48.97047762,6.942520105,14,29,32,mango
42.6,29.58,31.66524687,51.98594645,5.435840509,18,20,26,mango
44.1,30.99,32.26935342,53.56092806,5.870116071,9,21,32,mango
44.09,27.21,27.81005614,51.59445462,4.74910393,20,30,27,mango
45.2,32.32,34.58561471,50.34035336,5.497946899,9,38,25,mango
42.54,30.35,31.27180992,52.23810152,6.811291098,26,24,34,mango
44.48,31.64,33.93679864,52.72170281,6.460542749,31,36,29,mango
42.98,29.29,31.09154239,47.02058367,4.791146778,14,18,35,mango
42.51,29.7,31.89356292,49.02450149,6.4841522000000005,40,16,35,mango
43.88,30.56,32.45465292,50.69693751,6.526654345,28,27,34,mango
44.57,34.18,35.47478322,47.97230503,6.279133738,0,17,30,mango
43.5,25.89,27.32961444,49.30347234,6.052026047000001,1,29,29,mango
43.05,29.17,30.90225239,49.95955487,5.73171945,2,36,31,mango
44.17,28.37,29.09382275,45.5661059,5.32307197,12,27,26,mango
44.28,27.67,30.02086169,46.78393776,4.66910839,7,28,35,mango
44.21,32.66,34.13072188,51.25786185,5.101206389,0,36,26,mango
44.63,32.91,33.44619894,53.05980465,5.339556562,26,35,31,mango
42.92,33.97,35.3915464,52.48823147,5.061081874,27,21,30,mango
44.76,29.76,31.53356352,53.06009323,5.8211060360000015,22,38,31,mango
42.71,28.58,30.764551500000003,47.93791463,5.956027059,22,18,31,mango
44.14,29.47,30.01821337,50.09831810000001,5.676032581,28,23,28,mango
43.78,30.31,31.32863689,47.59319575,6.524114355,7,31,27,mango
42.43,32.5,33.88004781,54.39416048,6.2739536760000005,29,34,26,mango
44.48,27.11,28.07802689,54.9640534,6.128167757000001,8,37,33,mango
43.0,33.46,35.53845018,52.94641947,4.934964765,39,16,27,mango
44.09,26.22,28.70595247,50.44030129,5.445008416,40,24,25,mango
43.41,30.84,31.48451729,48.77926304,4.525722333,19,38,26,mango
45.31,26.01,27.69819273,51.41593238,5.403908327999999,21,21,30,mango
43.59,29.51,30.41235793,52.48100602,6.621623545,22,18,33,mango
43.08,31.08,32.17752026,54.01352682,6.207495815,31,20,30,mango
42.89,31.73,32.611261400000004,47.74916499,5.418475257000001,18,26,31,mango
36.86,29.33,29.99677232,81.54156612,6.112305667,24,130,195,grapes
37.18,30.05,30.7280404,82.42614055,6.092241627000001,13,144,204,grapes
37.27,31.44,32.44577836,83.88504863,5.896343436,22,123,205,grapes
36.79,35.03,37.46566825,80.65968681,6.15526103,36,125,196,grapes
36.41,20.72,22.03296178,83.74372787,5.732453638,24,131,196,grapes
37.68,37.18,39.64851881,82.21079946,6.253034534,2,123,198,grapes
36.77,15.8,16.77557314,82.75241875,6.106190557000001,35,140,197,grapes
37.49,10.22,12.14190714,83.56812483,5.647202395,11,122,195,grapes
36.78,11.74,12.7567962,81.62497448,6.130310493,6,123,203,grapes
38.56,37.52,39.04071989,80.18393287,6.499604931,17,134,204,grapes
38.82,37.44,39.70772192,82.68593454,5.554831977,25,130,197,grapes
36.59,8.32,9.467960445,82.29335466,5.800242694,27,145,205,grapes
37.1,27.51,29.58748357,80.91934392,5.570290539,9,122,201,grapes
36.54,16.01,17.82803682,80.96093443,6.27564088,16,139,203,grapes
36.89,7.78,8.825674745,82.89753705,5.536645599,32,141,204,grapes
38.35,25.94,27.83487131,83.51444973,6.208196881,22,138,195,grapes
37.14,9.95,11.02105378,80.55557235,5.870600622,31,144,202,grapes
37.94,15.74,17.5862944,80.84806564,6.334771461,3,136,205,grapes
37.5,18.13,19.89363946,82.73366439,5.856575335,28,122,197,grapes
36.46,28.22,29.93707596,81.77713468,5.898944282,4,136,204,grapes
38.15,35.8,36.73126647,80.58931938,5.775600435,39,145,201,grapes
36.81,18.76,20.42094753,81.54185044,5.931101816,38,132,197,grapes
37.38,24.28,25.51939719,83.98351748,6.2286454,36,133,198,grapes
37.6,28.08,30.50734778,82.71775569,5.594240602999999,25,121,201,grapes
37.52,17.69,18.426993600000007,80.55625868,5.569230319,15,125,199,grapes
37.25,11.15,12.087022,83.59398734,5.93202852,24,140,205,grapes
38.4,22.09,23.60115364,82.48336987,6.423216506,13,132,203,grapes
36.86,12.1,12.80000387,81.20876367,6.417500829,5,126,197,grapes
36.5,36.27,38.06099482,82.24729637,6.234904253,30,120,200,grapes
37.41,37.35,39.06555518,82.03812973,6.000573725,23,142,197,grapes
38.72,32.15,33.78372897,81.16314317,5.6851027689999984,26,135,203,grapes
38.41,14.43,16.76201707,82.00335557,5.662140095,7,126,203,grapes
36.72,34.3,35.89307536,82.66850729,6.358186848,32,139,198,grapes
36.68,20.08,21.01245395,81.17931863,6.119495295,9,141,202,grapes
37.26,10.2,10.89875873,80.01639435,6.207600782999999,20,142,196,grapes
37.98,15.64,16.36251869,83.00471609,6.48754639,32,129,201,grapes
37.85,18.37,20.28370163,81.32235739,5.81717753,3,134,199,grapes
38.34,22.88,25.11108456,83.25447587,6.325480034,38,138,204,grapes
37.06,32.64,33.4641162,83.86742974,5.562790949,14,131,198,grapes
36.35,9.36,11.7976469,80.86325389,6.487369687,20,122,204,grapes
37.88,10.32,11.36300891,80.03100049,6.116982944,40,126,201,grapes
36.84,23.07,25.23542319,80.68700527,5.695792761,36,128,204,grapes
38.69,13.92,15.99050693,81.23966573,5.7343170070000005,11,132,197,grapes
36.43,21.07,22.4359017,80.18612085,6.329499832000001,0,137,195,grapes
36.51,33.02,34.76086052,81.03544763,6.167013532,19,123,200,grapes
37.94,28.86,31.11047251,83.34010951,5.653776057999999,31,136,197,grapes
38.42,26.21,28.57828803,80.95628959,5.840256272,4,134,200,grapes
37.26,39.76,41.18664903,81.01783402,5.5399808120000005,39,139,201,grapes
37.82,25.8,27.02766138,83.17093908,5.833302165,8,127,196,grapes
38.75,20.08,21.19339319,82.33098331,6.399433771,39,138,203,grapes
36.93,9.38,10.38004759,83.44518113,6.138958698,32,120,204,grapes
36.33,30.15,31.3115978,82.56407013,5.972850837999999,12,142,203,grapes
37.91,19.54,20.46657776,80.97598029,6.456079585,8,133,195,grapes
36.61,28.18,29.36947679,81.53996362,6.3364266670000005,8,139,199,grapes
36.4,9.61,10.72302459,80.02130636,6.425419926,21,134,202,grapes
37.99,13.85,14.97846952,80.49979873,6.2943956760000015,40,140,195,grapes
37.99,14.59,15.3246651,81.67215994,6.477768039,39,127,202,grapes
38.48,17.25,18.73932187,81.12109244,5.931538447,19,120,195,grapes
36.87,17.96,19.3642553,83.36094029,5.980598579,21,139,201,grapes
36.56,38.9,41.20733624,81.61051026,6.389783283,17,136,195,grapes
37.76,32.26,33.34214482,82.51034633,5.693287415,33,139,203,grapes
36.9,21.75,23.81995682,80.12211649,6.00299607,22,133,201,grapes
38.6,39.82,40.66012294,81.24995984,6.372959542,32,130,196,grapes
38.61,10.34,11.82768186,80.2827185,5.510924848999999,37,135,205,grapes
36.53,10.92,13.28504331,83.54193816,5.69945282,15,140,195,grapes
38.51,33.7,35.83089092,83.32560104,5.778594403,39,132,196,grapes
36.59,23.84,26.18159716,81.03886263,6.315586313,40,121,199,grapes
37.51,23.98,24.57558351,80.70695797,5.9718130060000005,40,132,202,grapes
36.7,27.57,29.67229086,83.71498986,5.891195653,29,142,203,grapes
38.61,37.14,39.37102553,81.25353895,6.129812716,32,121,199,grapes
37.55,15.39,17.66558428,82.92903419,6.313085601,6,140,205,grapes
37.54,21.79,24.06679352,82.66396666,6.053662544,8,120,196,grapes
38.8,14.13,15.31413469,80.09711412,5.804799142,34,133,202,grapes
37.43,20.67,21.77466746,80.54942557,6.400719746,35,135,199,grapes
37.41,25.95,26.91624843,80.76838926,5.953966361,16,145,199,grapes
38.64,40.32,41.65602996,82.22118237,5.6092559920000005,8,136,201,grapes
38.18,17.07,17.98667801,81.17712085,5.777271492000001,25,129,195,grapes
37.3,28.17,29.12033769,82.79092939,5.682395429,16,130,201,grapes
37.84,33.2,34.38922481,83.18392806,5.863996687,39,129,203,grapes
37.56,40.03,41.36106301,82.79782954,6.444373116,38,135,203,grapes
37.51,32.93,35.12158265,82.26890793,5.550832177999999,33,120,205,grapes
38.51,17.31,19.6491772,80.15215777,6.107741787999999,35,125,204,grapes
36.72,14.61,16.27852801,82.94270065,5.620745638,1,132,200,grapes
37.4,20.26,21.11903604,80.63399198,6.349875906,39,140,203,grapes
36.79,16.99,19.2077707,82.90428409999998,6.484323189,28,145,202,grapes
37.66,24.81,25.96308415,82.57813624,5.838748311,6,128,200,grapes
38.62,25.15,25.67385024,81.6212135,6.29099842,6,139,199,grapes
38.36,40.77,41.94865736,81.15595212,5.638328481,29,122,196,grapes
36.67,10.0,11.18994268,80.8084305,6.415555956,37,144,197,grapes
38.53,15.06,17.5438296,82.94703302,6.323722572,38,120,197,grapes
37.77,11.87,13.05809741,80.28297993,5.757009965,38,141,198,grapes
38.71,7.88,9.724457611,83.74765639,6.1586894060000015,14,121,203,grapes
37.56,26.98,27.92004934,82.93262435,5.7335398070000005,6,125,204,grapes
37.44,8.32,9.535585543,80.73112694,5.908724337000001,32,138,197,grapes
37.94,12.32,13.42988625,80.06633966,6.361141107000001,11,124,204,grapes
37.19,9.06,9.851242629,80.22631717,5.96537863,23,138,200,grapes
36.76,22.85,24.97256132,82.72828653,6.476757723,40,143,201,grapes
37.69,24.94,27.23708304,82.94573346,6.224542938,6,142,202,grapes
36.73,17.06,18.70679077,83.4795292,6.209928251,37,124,195,grapes
36.58,8.96,9.949929082,82.55138983,5.841138354,35,134,204,grapes
33.48,24.22,26.47330219,80.92254421,6.283818329,119,25,51,watermelon
31.78,23.39,25.18780042,83.44621709,6.818261382999999,119,19,55,watermelon
34.33,23.14,25.29954705,81.77527562,6.37620108,105,30,50,watermelon
34.56,22.65,24.74631269,88.30866319,6.581587932000001,114,8,50,watermelon
30.52,25.36,26.58740671,81.32563243,6.932739726,93,22,52,watermelon
32.34,23.02,24.53442564,88.989272,6.140099215,80,26,55,watermelon
34.52,24.25,26.0713757,88.7285657,6.467095849,85,27,45,watermelon
34.94,24.42,25.96534238,89.77076659,6.849471704,85,22,53,watermelon
33.72,25.48,26.22338015,85.34866045,6.512196212,82,22,45,watermelon
31.07,23.37,24.41311871,89.81574032,6.039584629,118,13,54,watermelon
34.5,24.35,26.49195283,80.04678201,6.057697106,83,25,53,watermelon
33.51,22.89,24.04355803,84.18406764,6.423898762,86,15,47,watermelon
34.46,23.1,25.5421695,83.31883376,6.936997681,101,10,47,watermelon
30.25,24.76,26.74550678,83.9195902,6.251286661,119,9,50,watermelon
30.82,23.78,25.7131428,80.22972777,6.190015912000001,104,17,46,watermelon
31.11,25.19,25.76484262,84.17269959999999,6.681606702000001,95,12,51,watermelon
34.5,25.25,26.79489868,89.64815231,6.51075991,102,14,52,watermelon
34.43,23.12,24.9004602,89.73524177,6.770278088,109,21,55,watermelon
34.77,24.56,26.80750629,88.22874955,6.429788072999999,81,18,50,watermelon
31.1,23.76,25.11189154,80.02621335,6.209888345,103,17,51,watermelon
34.99,23.93,26.2148837,87.68839820000002,6.419052193,105,14,50,watermelon
32.43,24.4,24.9103226,86.97190046,6.237861736,97,8,52,watermelon
34.18,24.42,25.79448878,84.26830701,6.762471628999998,120,19,49,watermelon
30.08,23.5,25.26931156,87.55055105,6.612847999,95,16,55,watermelon
31.57,23.99,25.76402693,87.5931128,6.704688865,83,29,52,watermelon
31.77,24.13,25.85483596,89.13163965,6.049609892,83,9,45,watermelon
32.14,22.14,24.33528185,81.44030363,6.762030215,91,21,50,watermelon
34.38,23.46,25.37601283,80.99313508,6.65398725,116,5,54,watermelon
33.89,22.39,24.86094646,85.05318563,6.738030547,112,28,54,watermelon
32.17,24.13,24.71885473,88.94568335,6.095689937,88,29,51,watermelon
32.06,22.34,24.21495706,84.20576992,6.538006356,118,15,45,watermelon
33.77,23.55,25.81692236,82.043255,6.377427122,92,21,48,watermelon
34.39,23.6,24.47018505,84.16390229,6.417011754,106,14,45,watermelon
32.86,23.32,24.13078816,84.84494575,6.649086972,99,5,47,watermelon
32.42,24.89,26.1793464,86.52258079,6.25933595,98,8,51,watermelon
33.4,24.44,26.17668721,86.72952049999998,6.121168559,108,22,46,watermelon
31.15,25.44,26.03867719,84.6378378,6.031424482,119,7,55,watermelon
33.64,24.97,26.53259325,82.39053979,6.835268183999999,117,27,48,watermelon
31.57,25.26,26.81938687,87.8274604,6.5517503060000015,109,10,53,watermelon
32.18,23.84,25.50405534,81.40297428,6.940236218,80,16,46,watermelon
34.19,24.16,26.20234499,80.38266489,6.87606733,100,18,52,watermelon
30.93,22.64,25.13735887,89.28272716,6.457216535,91,7,53,watermelon
30.58,25.28,25.92030221,83.47202566,6.921847887999999,86,6,53,watermelon
34.42,25.49,26.6634609,89.98405233,6.8814257460000015,107,5,52,watermelon
33.0,22.78,24.06731461,81.64075303,6.915717008,103,16,49,watermelon
34.33,22.93,24.6774157,82.75411437,6.206247493999999,101,20,48,watermelon
34.69,24.16,26.11440416,87.64081095,6.29542477,85,25,47,watermelon
34.0,26.27,26.81530456,87.65694462,6.399669044,84,7,51,watermelon
33.94,23.33,25.15623099,80.27525115,6.862157042000001,102,28,54,watermelon
32.38,24.63,25.2801372,83.15393658,6.224066378,98,25,52,watermelon
32.33,25.61,26.22005978,80.90127035,6.093814669,97,25,50,watermelon
32.7,23.93,24.92093261,80.61750795,6.291540277999999,90,16,45,watermelon
33.73,24.95,26.21667586,81.01009354,6.32281728,95,12,46,watermelon
32.99,25.97,26.81383586,87.21986949,6.873283991,82,23,49,watermelon
32.09,22.3,24.31334971,87.47409052,6.074209622000001,82,25,51,watermelon
32.88,23.69,24.29105004,88.04541346,6.49889585,110,28,46,watermelon
32.2,22.8,24.42998931,86.33904774,6.678805092,118,21,51,watermelon
33.62,23.53,25.66576039,88.6984228,6.114128685,120,20,45,watermelon
34.17,24.12,25.07803672,83.46230461,6.405054243,91,7,52,watermelon
32.99,24.29,24.88910524,85.87059083,6.110142735,81,6,55,watermelon
34.15,23.28,25.42900869,82.91481799,6.828982708,101,13,54,watermelon
31.21,23.2,24.37118217,87.1269128,6.451499763999999,101,17,55,watermelon
31.57,25.47,26.493064500000006,88.59143088,6.313512998999999,111,6,53,watermelon
31.37,24.7,25.83202912,89.00481725,6.755192025,107,10,49,watermelon
30.13,22.4,24.41592661,89.39655519,6.623167177000001,115,11,46,watermelon
31.11,22.79,24.37190239,81.2514818,6.12532356,84,25,52,watermelon
33.76,22.97,24.24782473,83.03687902,6.653867608,120,7,47,watermelon
32.14,22.18,24.64458469,85.49938185,6.343942518,91,12,46,watermelon
33.35,23.91,24.89681131,86.10782926,6.217300786,89,22,52,watermelon
32.44,23.78,25.41864024,81.12122989,6.286387658,113,19,46,watermelon
34.82,25.13,26.26028739,86.14585891,6.769893799999998,97,22,50,watermelon
31.7,23.28,24.90123934,87.20772913,6.744966312000001,117,30,50,watermelon
34.99,23.55,24.84740848,89.20454622,6.391858432,90,14,52,watermelon
30.78,25.69,26.98212846,86.70068316,6.770434148,104,23,47,watermelon
35.01,25.67,26.90435747,86.25426228,6.727468157000001,81,16,45,watermelon
30.34,25.09,25.86475496,86.67468041,6.662244646,88,5,47,watermelon
32.94,26.07,26.70607759,81.14149505,6.944640222,92,7,45,watermelon
32.01,25.24,26.44019475,80.91934337,6.507110986,81,18,50,watermelon
32.76,25.04,26.283443,84.42478917,6.520663422,111,5,55,watermelon
30.11,25.0,26.84366082,83.85039964,6.106500787000001,108,23,51,watermelon
31.02,24.02,26.03967219,83.9862443,6.277484042999999,113,30,50,watermelon
32.25,22.82,24.92994759,85.00802358,6.195142279,83,10,53,watermelon
31.11,24.45,25.50736962,84.24340241,6.792035575,101,11,51,watermelon
34.45,24.44,25.4438391,87.93923120000002,6.472756256,114,21,55,watermelon
30.23,24.67,26.12588914,86.5507939,6.000975617000001,99,6,45,watermelon
34.89,24.02,25.10474753,87.52676159999999,6.5877912620000005,92,20,55,watermelon
33.66,24.59,26.27520631,86.63249555,6.956508826,92,7,48,watermelon
31.75,24.1,26.27061608,83.09194521,6.259086582999999,91,24,55,watermelon
31.92,24.61,26.73690828,87.82430156,6.747537642,110,21,54,watermelon
34.25,24.31,25.04746944,85.5667282,6.932537231,112,25,51,watermelon
32.31,23.65,24.69368934,85.56967628,6.353107392999999,89,25,54,watermelon
30.55,23.01,24.54356968,84.60808277,6.211748957,100,10,53,watermelon
33.69,23.88,25.89762315,81.96664832,6.277245253999999,83,22,54,watermelon
34.15,24.73,26.6333118,84.31756844,6.560443519,95,14,50,watermelon
31.99,24.77,25.35794749,80.45846265,6.903020221,119,30,49,watermelon
34.64,23.32,25.28784623,89.63667876,6.765094963999998,97,12,47,watermelon
32.14,25.93,26.63838589,84.69546874,6.189213927000001,110,7,45,watermelon
30.43,23.51,25.3310446,84.30533791,6.904241707000001,96,18,50,watermelon
31.05,25.79,26.89750174,83.89241484,6.463271076,83,23,55,watermelon
34.71,26.15,26.98603693,89.4138489,6.260838965,120,24,47,watermelon
27.05,26.02,27.57826922,94.11878202,6.776533055,115,17,55,muskmelon
26.61,26.78,27.82054812,93.03555162,6.528404377999999,114,27,48,muskmelon
25.66,28.29,29.09910406,94.22237826,6.750145572,101,25,52,muskmelon
25.22,25.92,28.04943594,90.83130708,6.562832807,118,18,52,muskmelon
27.07,28.02,29.91690582,94.55695552,6.117530021,95,26,45,muskmelon
26.6,27.42,29.86895762,93.25103208,6.076459669,81,25,49,muskmelon
25.35,27.53,29.17220859,92.21405224,6.293486295,117,24,53,muskmelon
26.52,26.89,29.24908541,90.06998135,6.069171847000001,114,30,51,muskmelon
26.33,26.3,27.76317235,90.35567642,6.740983646,113,6,52,muskmelon
26.59,27.95,28.82629037,94.26765349,6.201797639,108,26,52,muskmelon
27.5,27.17,28.52379742,92.09688432,6.041027474,81,30,48,muskmelon
27.31,28.41,29.06785065,90.97685539,6.019372459,115,9,52,muskmelon
26.36,26.72,29.08417927,90.73891887,6.704104127000001,83,7,45,muskmelon
25.3,27.66,28.47090661,94.79453182,6.494251024,84,21,55,muskmelon
25.42,26.0,28.27973674,90.38971208,6.224535448999998,109,26,45,muskmelon
25.25,26.16,28.47212559,91.21322065,6.160414414,95,27,55,muskmelon
26.74,28.78,29.68846716,94.30111601,6.168757984,119,5,55,muskmelon
25.34,25.32,27.02415146,91.66737633,6.085444691,110,14,51,muskmelon
26.71,27.3,29.09588297,94.16748386,6.1590508160000015,82,18,48,muskmelon
27.31,28.16,29.69238699,92.58862544,6.606033244,87,14,48,muskmelon
27.23,26.67,28.20619412,92.86798698,6.447662945,85,9,53,muskmelon
25.95,28.24,29.05248036,93.92217834,6.105909623,100,6,53,muskmelon
26.93,28.17,29.57240298,93.61870344,6.559763394,107,12,46,muskmelon
27.02,28.39,29.10968327,92.43510994,6.14410903,91,13,47,muskmelon
25.11,26.16,28.20480805,92.91440379,6.099662369,102,25,50,muskmelon
26.16,27.76,29.11858526,92.12543021,6.413927319,117,25,53,muskmelon
25.95,27.17,29.62800691,90.10051615,6.0751441160000015,85,21,52,muskmelon
25.7,28.57,29.81196601,90.36881284,6.123802502,104,25,55,muskmelon
25.73,25.28,27.72338349,90.93897939,6.698468621,102,24,54,muskmelon
27.21,28.58,29.26092798,92.92367701,6.088885814,116,25,50,muskmelon
26.66,28.87,29.72791119,94.29753295,6.367800632000001,100,17,48,muskmelon
25.89,27.29,28.91105641,90.78413842,6.425930938,110,25,54,muskmelon
25.92,27.44,28.96361426,93.88482153,6.469983276000002,104,25,51,muskmelon
27.4,27.52,28.59052369,91.33617236,6.094016337999999,107,11,54,muskmelon
27.21,26.58,27.33897716,90.69759008,6.150090898999999,98,26,52,muskmelon
26.38,28.94,29.90415889,90.75284363,6.646962425,88,17,52,muskmelon
25.46,25.96,27.42711692,90.02696201,6.379690748,87,25,46,muskmelon
27.13,27.73,29.55657523,90.70937262,6.732834334,120,8,46,muskmelon
25.85,28.76,29.84070774,93.76312893,6.126019932,95,13,46,muskmelon
26.31,27.5,28.53545677,91.72742702,6.161123579,108,22,47,muskmelon
26.66,25.39,27.11535046,94.86907886,6.442810053,82,13,52,muskmelon
26.65,26.39,27.84492803,91.60666594,6.732049075,120,23,55,muskmelon
26.26,26.64,29.03157242,91.82172592,6.243673725,110,22,47,muskmelon
25.32,26.44,27.82424457,90.56698742,6.266208727,95,23,45,muskmelon
25.08,27.08,27.72653142,92.00687531,6.350623739,106,10,49,muskmelon
25.58,28.06,28.69708334,94.30759855,6.002927293,99,12,52,muskmelon
25.15,28.63,29.73019662,90.97015715,6.342573112,106,20,51,muskmelon
25.52,28.52,29.54097171,92.91778307,6.163921247999999,83,11,53,muskmelon
26.32,26.98,28.80311922,91.78336933,6.121745389,117,19,55,muskmelon
25.9,25.28,27.29035669,90.53330091,6.130160472999999,98,26,49,muskmelon
26.85,26.51,27.46583649,94.87679041,6.440584681,113,20,48,muskmelon
26.61,28.46,29.49401389,94.72981338,6.185053234,101,17,47,muskmelon
26.75,26.25,27.79161808,92.51054946,6.157724816,98,7,45,muskmelon
25.5,27.65,29.12533739,91.52291141,6.776987974,93,22,48,muskmelon
25.19,27.36,27.93114233,93.56161439,6.431970877,95,21,47,muskmelon
25.22,26.99,29.45771748,92.12534736,6.708743843,109,12,48,muskmelon
27.27,26.67,27.96872279,92.17444796,6.010739645,118,12,47,muskmelon
26.54,28.1,29.48882958,91.07574233,6.365956657999999,100,14,49,muskmelon
27.22,28.49,29.47156259,90.77069618,6.6683827660000015,89,9,47,muskmelon
26.14,25.66,27.076726500000003,90.14362622,6.74669542,95,16,46,muskmelon
26.3,26.15,27.30008597,90.80015308,6.031665834,95,7,45,muskmelon
25.74,28.52,29.82729394,90.79007335,6.40077205,87,6,45,muskmelon
26.12,29.19,29.93061247,93.22980899,6.448792688999999,93,20,50,muskmelon
25.12,28.6,29.94349168,93.90741192,6.251420275,84,29,49,muskmelon
25.32,27.19,28.03306461,91.47355778,6.2744528110000015,111,5,47,muskmelon
25.28,28.73,29.8843055,94.0371147,6.135996372,111,5,52,muskmelon
25.54,26.85,27.7058373,92.91185695,6.194090172,111,15,54,muskmelon
27.0,28.38,29.78714005,94.65343534,6.327822962000001,89,11,47,muskmelon
26.93,26.63,28.57819995,92.86597437,6.2125672110000005,110,15,48,muskmelon
26.54,28.26,29.48069921,90.33698678,6.640470862999999,95,30,52,muskmelon
25.28,25.16,27.51492243,94.96218673,6.685553129,115,12,52,muskmelon
25.49,26.64,28.05457761,94.81637388,6.327210469,120,25,50,muskmelon
26.07,27.09,29.03167341,93.12603235,6.35544263,102,11,45,muskmelon
26.75,26.87,28.5854649,91.89216849,6.085682343999999,94,5,55,muskmelon
26.36,24.8,27.08808014,93.42402083,6.781050372999999,84,18,46,muskmelon
25.43,27.08,27.99611732,90.84660317,6.630301421,107,22,54,muskmelon
26.04,26.69,27.87317436,91.14849627,6.484799661,80,18,52,muskmelon
25.59,27.44,28.96586565,90.71832938,6.566759102000001,86,18,45,muskmelon
26.14,26.85,28.87726019,92.48839665,6.170520517999999,113,28,48,muskmelon
25.54,28.67,29.17052093,94.19790371,6.0124803510000016,115,18,53,muskmelon
25.39,27.59,29.34033587,90.01506395,6.541150335,82,20,54,muskmelon
27.24,28.32,29.07265321,91.91533173,6.341400922,98,22,47,muskmelon
27.31,28.0,28.68275966,92.50969311,6.150686363999999,117,25,54,muskmelon
25.83,26.66,28.92705913,91.39356832,6.438008152999999,83,15,49,muskmelon
25.85,26.23,27.99901833,91.64193051,6.547041902999999,120,16,51,muskmelon
26.24,26.76,27.59350075,91.79742953,6.399891457000001,111,5,50,muskmelon
26.2,27.44,29.87331077,90.60932469,6.186770318,85,21,47,muskmelon
26.85,26.53,28.55852465,90.45773041,6.159020864,90,23,54,muskmelon
26.65,27.17,29.19378695,91.46241065,6.660954816,99,29,55,muskmelon
26.82,27.36,27.98780984,92.78226196,6.504906978999999,102,11,47,muskmelon
25.22,26.44,28.05380704,91.81758779,6.706053225,80,18,51,muskmelon
26.84,24.93,27.350629600000005,94.29119509999998,6.067665497999999,87,21,52,muskmelon
27.09,28.11,29.34081108,94.5513539,6.419083092,114,8,52,muskmelon
27.28,26.12,28.61475136,94.22253035,6.39637861,99,6,46,muskmelon
26.3,26.35,27.04863538,91.34685096,6.375923383,89,25,50,muskmelon
25.31,27.23,29.5275305,94.57459443,6.700337732,96,13,55,muskmelon
26.08,26.21,28.50416396,93.46806467,6.565312652999999,82,26,47,muskmelon
25.79,28.01,28.89578588,94.78993038,6.286515359,106,21,52,muskmelon
25.94,24.98,27.04927452,91.3821731,6.448061578,90,15,52,muskmelon
26.22,27.45,28.96017885,91.69532178,6.585872508,106,16,54,muskmelon
47.74,20.31,22.75088787,90.69489172,5.521466996,24,128,196,apple
48.65,21.65,23.8494014,94.34814995,6.133220586,7,144,197,apple
49.15,20.5,22.60800988,94.58900601,6.226289556,14,128,205,apple
50.71,19.14,21.18667419,91.13435689,6.321152192,8,120,201,apple
49.16,22.35,23.41044706,91.69913296,5.587905967,20,129,201,apple
49.57,21.24,22.86006627,93.12859895,5.824151692999999,32,137,204,apple
46.51,20.17,22.48403042,93.40819246,5.7721799460000005,27,139,205,apple
50.43,20.08,22.02775403,92.96129462,5.790993052,0,123,205,apple
49.41,19.86,21.91191314,91.68748063,6.4992268210000015,22,144,196,apple
48.3,21.42,23.71059131,93.27392415,5.658473817000001,1,124,199,apple
46.66,19.81,21.37784654,92.72043743,5.573241391,30,122,197,apple
51.05,20.94,22.84852833,94.32130209,6.079497202000001,29,121,196,apple
47.18,21.77,23.1094265,92.79630809,6.3831802710000005,13,126,204,apple
46.47,21.21,23.25230817,94.54128292,5.867420996,9,139,199,apple
46.18,21.7,23.67287749,90.4935574,5.708418722,0,133,200,apple
45.69,22.93,23.76881552,90.59810302,5.7983508000000015,30,143,199,apple
46.23,22.54,23.34386401,91.47684705,6.28188384,36,140,198,apple
47.22,20.51,22.63946441,90.18451645,5.697945522,37,137,199,apple
48.85,21.44,22.45696744,94.76285385,5.6059340870000005,33,121,203,apple
46.29,21.58,22.96388477,93.58065995,5.85648105,7,144,195,apple
47.1,19.83,21.07273439,93.56585985,6.041053829,35,128,205,apple
50.52,21.27,22.44075021,92.70785115,5.685062404,29,128,198,apple
47.6,20.81,22.71271308,90.45261746,5.669489065,2,143,196,apple
48.93,20.28,21.70416965,93.44006288,5.751707342,34,140,198,apple
49.92,20.93,22.43324518,92.48667725,5.800448951,29,144,204,apple
47.4,19.8,21.25941052,92.84416234,5.821347769,32,141,203,apple
46.55,20.47,22.9215706,94.89613443,6.28022267,13,144,197,apple
47.09,21.06,22.81212536,91.51861705,6.027314401,25,143,198,apple
45.82,18.79,21.12152071,90.6878768,5.636687393,9,137,200,apple
46.25,19.39,21.11478672,90.31528693,5.559363609,6,144,198,apple
46.92,22.16,23.59997268,90.97597665,5.596449493,37,126,196,apple
47.29,21.73,23.12652652,94.71203306,5.893492998999999,2,120,203,apple
50.7,21.55,22.98458907,93.3204487,5.875718516,11,143,197,apple
46.26,19.92,22.12659387,90.97818277,6.386021424,10,141,201,apple
45.58,20.9,22.53779727,91.48135786,5.710819862,24,142,202,apple
51.25,20.31,22.49095104,91.70292746,5.7959857160000015,23,138,195,apple
49.32,21.81,22.35548159,94.47811755,6.046673619,18,125,204,apple
50.18,19.9,22.20700989,93.50574163,6.443382913,13,121,196,apple
46.93,20.97,22.44516988,94.73763514,5.617227184,26,122,202,apple
50.25,21.12,22.76643029,92.12438519,6.442289294,28,123,202,apple
48.21,20.54,22.19109412,90.02575116,6.162034371,26,121,201,apple
51.05,22.87,23.6119202,91.70293849,5.812781806,21,137,196,apple
46.38,22.29,23.86087054,94.92048112,5.7650151260000015,21,135,198,apple
45.83,20.08,21.42177231,92.62665309,6.184922574,5,144,205,apple
51.4,20.06,22.36629253,90.78572467,5.739652177000001,2,123,205,apple
49.54,22.12,23.99686172,91.61001707,5.8247786360000005,15,133,199,apple
50.16,20.8,21.80129837,92.73446667,5.554823557000001,31,130,198,apple
45.28,21.32,23.80436344,92.80441624,6.024248787,25,143,200,apple
50.62,21.82,23.71475278,91.53331177,5.631333387000001,16,143,204,apple
48.36,22.72,23.34467359,90.37981478,5.811975094,19,122,202,apple
48.4,21.68,22.31253665,90.03577124,5.730557448,10,125,196,apple
47.13,22.46,23.50201428,92.21083961,5.66999105,20,139,202,apple
48.08,22.09,23.46260321,91.45665004,5.682751473,28,123,198,apple
48.82,21.62,23.06204373,92.39544055,6.245858905,28,136,200,apple
51.2,20.32,22.47420512,91.22759742,6.017370134,2,131,199,apple
46.39,21.17,22.69780133,92.82223419,5.53456749,2,140,197,apple
46.48,22.03,23.66682067,93.90191078,5.952367662,27,138,201,apple
45.36,20.64,22.50050273,92.45878335,6.126436584,30,127,204,apple
47.53,22.49,23.83053666,90.84422164,6.406818518,32,145,203,apple
49.31,22.41,23.64142354,93.74461474,6.155939452999999,29,139,205,apple
49.74,19.3,21.41363812,92.99124545,5.878568981,26,126,195,apple
49.52,20.96,22.85267372,94.57645809999998,5.935336307999999,40,136,202,apple
47.53,21.46,22.98208095,93.84505029,5.971332179,6,124,200,apple
46.05,19.68,21.19909519,90.80819418,5.67130617,35,138,200,apple
45.89,23.03,23.87192332,90.49939035,5.882155987999999,17,136,196,apple
48.82,19.73,21.0365275,94.33919546,6.08551916,33,134,205,apple
49.37,20.52,22.61711614,93.51978375,5.90402645,16,143,197,apple
49.32,20.43,21.45278675,90.74531921,6.1102188260000005,27,120,200,apple
47.47,21.53,22.81227579,92.12992101,6.212302608,29,145,205,apple
49.01,20.73,21.98141856,91.12719303,6.142803397000001,3,141,197,apple
48.98,20.77,22.52709326,92.54780429,6.365972687999999,15,123,204,apple
47.07,20.92,22.35628673,91.92360477,6.264202804,5,136,195,apple
46.59,19.49,21.19852186,92.15595143,6.276198595,10,136,204,apple
46.35,22.51,23.8812458,93.45067555,5.514253142,7,141,195,apple
50.68,21.86,22.78234161,94.36803516,5.682343744,2,129,201,apple
50.56,21.01,22.19055385,92.43764169,5.830892252000001,29,138,197,apple
49.79,21.76,22.91430043,90.70475565,5.603413172000001,30,137,200,apple
47.18,21.72,23.08950736,90.22507299,6.0967531,29,132,204,apple
50.57,19.68,21.72484506,92.83975602,6.056529526,14,139,197,apple
45.76,19.99,22.44307715,91.59234006,6.160267496,18,125,203,apple
50.78,20.59,21.1316077,91.95769858,5.814434775,33,143,204,apple
46.89,20.62,22.71750705,92.25479855,5.987262638,40,144,196,apple
49.56,22.58,23.75033085,92.88160462,5.570020684,9,143,197,apple
45.33,21.91,23.76121837,93.661643,5.9655513110000005,38,135,203,apple
48.37,20.88,22.13450646,94.67695747,6.062356467000001,28,130,196,apple
51.06,20.61,21.17089176,90.23730166,5.895319002000001,35,142,203,apple
49.81,21.62,22.36238282,91.15761594,6.119432215,12,129,205,apple
48.58,22.25,22.77856513,92.70124029,5.624203283,1,135,203,apple
48.63,19.04,21.22503442,90.09877774,5.52078314,0,145,205,apple
47.81,20.99,23.15791104,90.34396882,5.731535257999999,31,121,201,apple
45.8,21.03,22.42776057,93.91722423,5.893490899,35,131,203,apple
49.33,21.91,23.64082979,90.95257927,5.560521058,29,140,195,apple
50.83,21.28,22.29423493,90.69033986,6.222390797999999,33,138,198,apple
48.4,22.09,23.35225078,90.90054697,6.071255131,14,140,197,apple
47.88,20.78,22.03911546,94.58075845,6.231950009,35,145,195,apple
50.05,21.38,23.80593812,92.48879468,5.889480679,40,120,197,apple
45.15,21.75,22.31944084,90.85174383,5.732757516,25,132,198,apple
50.3,20.06,22.14464104,93.82567435,6.400321212000001,31,137,196,apple
48.98,22.4,23.65167552,94.50528753,6.496934492,36,144,196,apple
51.27,20.81,22.16939473,90.27185592,6.229498836,10,140,197,apple
49.9,15.0,15.78144173,92.51077745,6.354006743999999,22,30,12,orange
45.44,23.89,26.03097313,91.50819306,7.511755067999999,37,6,13,orange
47.94,11.45,13.36050601,91.35608208,7.335158382,27,13,6,orange
48.8,17.71,18.87957654,92.04304496,7.813916602999999,7,16,9,orange
47.93,28.27,29.47741671,91.57802915,7.1291369410000005,20,7,9,orange
48.67,27.09,28.06903173,92.91487288,6.079998496,26,27,10,orange
48.27,25.17,25.66901098,92.04670813,7.408939392000001,5,23,15,orange
48.74,29.06,29.77149434,92.00719952,7.207991261,0,18,14,orange
46.65,29.82,30.55472573,90.90343769,7.189259647,39,24,14,orange
45.8,22.39,23.96147583,90.26408017,7.365338111,13,23,6,orange
49.77,22.64,23.98289638,91.5473145,7.455991072000001,21,17,15,orange
49.48,24.6,25.26052689,90.31153735,6.822282114,33,12,8,orange
47.55,28.74,31.08368929,90.14362642,7.028746406000002,6,9,12,orange
45.17,12.92,14.78003032,91.22062116,6.118430299,19,7,10,orange
49.24,26.03,26.56608303,94.45239715,6.285312759,24,18,6,orange
48.08,22.82,24.85903405,94.39000473,6.559236744,9,11,8,orange
46.02,32.38,34.51465139,93.63812684,7.163245982,31,8,7,orange
45.83,22.14,24.12188673,90.72351622,6.945562889,22,17,5,orange
46.11,22.34,23.85340379,90.10522549,7.474710503,13,5,8,orange
47.96,23.04,24.60297538,91.28408653,7.601189842999999,16,8,9,orange
45.49,14.71,15.63211033,94.25966183,7.5611432239999985,4,13,6,orange
49.25,18.77,19.33516809,91.97978938,6.361671475,0,25,14,orange
46.43,27.43,28.2620488,91.98317355,6.929216014,8,7,10,orange
47.72,21.55,22.67594476,93.36348717,7.477935216,4,23,5,orange
47.8,20.41,21.03200078,92.9641969,7.684420446,33,14,8,orange
49.08,32.37,33.23453301,91.06053924,7.825531916,30,7,15,orange
49.48,20.07,22.30318989,92.15987039,6.438668989,21,29,12,orange
49.03,10.54,11.50322938,94.8933184,6.946354724,11,14,5,orange
47.69,13.24,14.34320488,94.35734702,7.994465371,9,8,15,orange
49.94,32.24,33.105698100000005,93.48447453,7.434118807000001,5,18,14,orange
48.47,28.58,30.49183837,90.4582865,7.781988584,29,25,14,orange
49.32,29.17,30.25578031,92.03272799,6.052318465,33,12,15,orange
47.23,10.0,12.22816189,90.26457428,7.106650373,8,16,6,orange
49.99,9.27,10.01081312,90.22399223,6.22094286,15,14,8,orange
49.27,21.85,22.79196751,90.60901895,6.420457311,16,7,8,orange
49.34,18.9,20.18432263,90.65458473,6.969249676,0,12,7,orange
46.83,28.7,30.72119881,94.01331956,6.0113021810000005,5,25,6,orange
50.07,23.08,24.35590861,92.39651663,6.600948787999999,6,8,11,orange
48.38,20.34,21.21306973,91.35349216,7.817846496,10,5,5,orange
49.52,9.85,10.78689755,91.38411917,6.8198271,1,17,6,orange
46.02,9.44,11.89925671,91.34663797,7.291405641,1,30,10,orange
47.6,21.67,22.56664172,93.37488907,7.598729065,0,23,15,orange
49.99,16.77,18.86883219,93.24688124,6.157135092000001,24,27,9,orange
48.32,16.13,17.34083741,93.04897191,7.1917274,36,11,13,orange
45.67,32.81,34.90665289,92.87820148,7.418761774,40,21,8,orange
49.13,22.26,24.53610067,91.90997228,6.488221135,40,22,6,orange
47.13,11.42,13.8377282,91.74780462,6.044167236,32,18,13,orange
45.5,21.11,22.3551049,93.52211892,6.010391864,9,10,10,orange
45.17,33.95,34.74004942,93.12316972,6.949838549,13,16,8,orange
47.34,9.46,11.54785707,94.14861001,7.907956251,15,9,11,orange
46.23,21.94,23.13338811,91.94670335,7.639788459,29,11,5,orange
48.98,27.91,29.98364695,94.55239717,7.53350946,1,15,9,orange
45.74,18.51,20.87947369,90.93756231,6.251586885,18,5,11,orange
48.26,16.59,17.24944623,91.13772765,6.543191814,14,22,9,orange
47.57,14.58,15.83388699,91.68293851,7.651225301,33,15,7,orange
48.3,22.3,23.01014302,91.11764246,6.708889665,4,6,7,orange
45.86,15.62,16.39624284,92.18151927,6.625538653,17,16,14,orange
47.5,23.27,24.45132792,93.10527686,6.528354932,12,20,10,orange
46.46,29.48,31.87859192,91.15248149,6.450640306,34,29,8,orange
47.42,30.36,31.34920143,91.48247612,7.181907673,39,28,10,orange
48.08,16.2,18.05142392,90.03969587,7.016482298,31,25,12,orange
46.98,28.46,30.84835031,92.86773675,6.388617138,12,6,8,orange
49.64,20.97,22.45616931,91.52781832,7.57125447,12,29,13,orange
46.7,11.27,13.70319166,90.95589386,7.609348255,26,11,11,orange
48.09,19.14,20.48954522,93.72485075,7.137136973,19,24,15,orange
46.7,10.96,13.20844373,94.02769434,6.354022554,39,21,9,orange
49.55,30.72,32.31944397,93.67804556,6.196907944,16,29,13,orange
47.57,19.64,20.68185224,90.91510525,7.829507245,36,29,13,orange
48.42,29.62,31.52675982,90.50621806,6.395258356,37,23,12,orange
49.33,23.46,25.35467646,91.81183218,7.992041984,39,9,15,orange
47.8,16.01,17.66545409,91.69865887,6.583411671,31,5,14,orange
49.99,11.27,12.59093977,91.81668769,6.206053072,18,12,8,orange
46.64,11.26,11.86631922,93.68394562,6.976997772000001,20,20,10,orange
48.33,9.07,11.03367937,92.22706805,6.562594972,5,8,5,orange
49.64,23.86,25.2990432,94.96419851,7.260416405,20,8,12,orange
46.3,30.53,32.23797837,90.15406807,6.460044777999999,25,21,11,orange
47.15,15.89,17.68408797,94.35815354,6.699164936,14,19,14,orange
46.8,9.18,10.2708877,90.19147747,7.401121811,37,18,12,orange
47.13,15.98,17.22034507,94.78797376,6.912033409,26,15,6,orange
45.16,17.41,19.667056,90.50096668,7.764040111,13,22,5,orange
45.41,8.4,10.35609594,93.75652041,7.796034006,32,25,9,orange
45.41,25.41,27.255435,91.71369387,6.969883482999999,19,7,9,orange
49.03,34.03,34.591784600000004,92.13229786,6.730757538,28,7,9,orange
48.45,30.72,32.39523995,94.51768464,6.601395755,24,30,11,orange
46.72,7.69,10.16431299,91.22320999,6.465913274,7,17,10,orange
45.49,19.94,21.49118657,93.43949693,6.41354791,18,23,8,orange
47.64,15.49,16.53460397,94.76759975,6.475275337,7,20,12,orange
47.62,30.82,31.852069399999998,90.12220323,6.407715561,20,23,11,orange
49.42,25.79,28.04799508,90.00621688,6.550814117000001,18,14,11,orange
48.94,30.47,31.75048899,94.59551226,7.36220835,34,11,10,orange
45.32,26.75,29.07412717,93.27189064,7.36549204,20,29,10,orange
47.14,16.9,19.14381903,90.71037456,7.8546243,37,24,13,orange
46.99,14.42,16.14820285,91.4448027,7.995848977,12,8,10,orange
49.34,32.05,34.05296914,92.05811721,6.725600855,34,10,14,orange
49.72,33.99,34.51423957,90.56151463,7.786725333,6,13,9,orange
48.47,30.81,32.71748548,90.54608254,7.656978112000001,27,30,5,orange
48.72,23.61,25.16296632,92.54736032,7.105904818,13,8,12,orange
48.64,25.36,27.68167318,94.47316879,7.199106204,6,7,7,orange
46.9,20.28,21.35093384,90.9492967,7.871063004,40,17,15,orange
45.92,10.08,11.69894639,93.25638873,7.566165721,31,26,9,orange
81.06,33.43,35.21462816,91.49725058,6.7932454170000005,61,68,50,papaya
42.22,40.49,42.39413392,90.79028064,6.576261427,58,46,45,papaya
49.96,36.37,38.4191628,91.14220381,6.751452932,45,47,55,papaya
79.19,34.62,35.33294932,92.11508608,6.560743092999999,39,65,53,papaya
69.3,41.55,42.92325255,90.07600528,6.938313356,31,68,45,papaya
71.1,32.6,33.83508569,92.85470152,6.991626158,70,68,45,papaya
69.62,30.79,33.20258348,92.76437927,6.977700268,68,62,50,papaya
68.18,22.95,23.48546973,93.71043692,6.833768535,34,65,47,papaya
70.76,28.79,29.33710543,90.81781439,6.739170045,38,68,54,papaya
66.89,38.19,40.21199348,94.50766912,6.993473247000001,69,64,47,papaya
69.59,39.98,42.13473976,91.70445386,6.757470637000001,58,51,47,papaya
31.87,31.58,32.86316618,91.4618874,6.8506632320000005,59,47,53,papaya
78.46,28.58,29.80744318,91.38048469,6.74274935,44,64,54,papaya
35.98,30.16,31.56213762,93.0484859,6.506120752,56,57,48,papaya
55.46,35.55,36.32268069,93.06134398,6.98992719,69,60,54,papaya
63.33,35.01,37.13165026,94.60761797,6.69215564,56,58,49,papaya
39.52,36.32,38.4418717,93.63739039,6.544029776,49,55,53,papaya
39.81,31.23,32.66160599,90.78931681,6.927803911,38,51,52,papaya
57.66,27.15,27.92765919,91.55594211,6.721835879,54,65,47,papaya
46.6,37.06,39.01793345,91.48815629,6.99223441,57,57,51,papaya
32.83,31.65,32.51247398,94.65904123,6.704204398,39,52,53,papaya
35.73,37.54,38.72382798,91.72514851,6.702424548,58,67,45,papaya
47.77,41.37,43.30204933,92.83405443,6.641098708,61,64,52,papaya
79.91,26.56,27.58548913,90.72526502,6.585346229,34,62,55,papaya
53.36,40.14,40.78881819,92.90951393,6.563134737,31,48,45,papaya
71.85,22.62,23.19451074,91.40301608,6.502289472999999,47,46,52,papaya
82.51,30.86,32.68067385,92.61715632,6.800321319,32,68,52,papaya
51.97,32.38,34.28879307,93.61082872,6.721130542999999,36,59,46,papaya
50.38,38.34,39.30050027,94.16193416,6.574677594,61,51,51,papaya
50.84,37.3,39.73149053,91.12220596,6.919342407,70,54,46,papaya
36.19,37.5,39.23342464,91.25589286,6.519779582999999,44,56,49,papaya
30.14,26.76,27.34734861,94.17756725,6.687088097999999,34,68,51,papaya
72.72,39.13,40.76998685,92.09278584,6.747975732,50,59,47,papaya
34.95,24.71,26.26559543,90.79668055,6.65149129,39,70,52,papaya
49.6,26.01,28.12971499,93.3210737,6.502675132,34,61,49,papaya
44.75,32.66,34.2804607,90.55561637,6.825371185,44,60,55,papaya
65.73,31.65,33.7960155,93.00754254,6.99104104,31,62,52,papaya
72.02,29.3,31.53243779,90.87394933,6.5116248410000015,65,62,51,papaya
38.81,40.77,42.30495821,90.51431779,6.93172108,44,57,53,papaya
74.82,22.36,24.63676897,90.61964344,6.712772332999999,50,47,48,papaya
65.03,27.21,28.28222883,91.37059792,6.63016515,43,50,48,papaya
66.09,22.05,24.48620746,92.98254537,6.761953186,60,46,53,papaya
39.8,41.72,42.84609252,94.63548176,6.691202286,70,68,55,papaya
46.08,41.73,43.67549305,93.10887229,6.608667683999999,59,62,52,papaya
61.64,41.02,42.07213781,92.92203105,6.840802254,60,58,51,papaya
54.37,31.87,33.46873719,92.12746225,6.834808347999999,42,60,47,papaya
32.27,29.5,31.7018373,91.66232213,6.953439161,35,66,47,papaya
70.07,39.15,41.41968393,90.03863107,6.665024507999999,34,65,48,papaya
73.86,41.45,42.54744013,94.94482086,6.662875839,36,54,46,papaya
36.0,28.36,28.91842453,94.63676767,6.678695788,39,64,52,papaya
73.22,41.39,43.08022702,93.90305729,6.54277684,37,52,47,papaya
72.6,27.49,29.20300896,93.96834049,6.839443833,33,47,46,papaya
65.6,39.2,41.04224355,91.37258067,6.805277038,34,48,48,papaya
44.43,24.38,25.62446619,93.18240298,6.762522087000001,49,54,50,papaya
61.17,34.14,35.32876402,91.06138506,6.678449317999999,40,65,49,papaya
35.91,23.61,24.42561272,92.27749066,6.577192175,68,52,49,papaya
33.57,28.77,31.18298415,90.21646909,6.734005647999999,50,46,52,papaya
39.91,30.21,31.88342554,91.3256535,6.524459342,65,63,50,papaya
81.89,42.4,42.93368602,91.1756748,6.501521192,40,49,47,papaya
78.16,22.48,23.11407669,94.31994776,6.758479569,42,53,48,papaya
53.96,22.94,24.87212063,93.90560147,6.676578778,49,55,51,papaya
48.83,40.93,43.36051537,93.35191636,6.941496806,59,62,49,papaya
56.34,25.04,26.83054058,90.75379971,6.864143752,63,58,47,papaya
39.08,29.0,30.42012134,93.12659793,6.583528529,70,65,52,papaya
49.09,26.58,28.64555584,93.22642604,6.751747609,63,50,52,papaya
38.02,30.84,32.50037548,93.47888842,6.893509446,40,64,47,papaya
30.45,42.28,43.03714283,94.6428898,6.720744449,63,58,50,papaya
38.9,29.35,30.10773379,90.34546355,6.827812549,45,58,49,papaya
41.99,22.1,23.69212243,93.61055571,6.912299695,66,69,47,papaya
55.5,33.78,35.67667332,93.30641944,6.586107335,54,67,52,papaya
40.81,26.46,27.71948962,94.43877142,6.827305908,69,67,52,papaya
57.64,34.74,35.26824831,92.38282957,6.821774589,67,68,49,papaya
60.62,21.46,23.16855863,90.78821158,6.656458831,45,57,47,papaya
42.14,31.19,33.08706051,92.25197542,6.770384816,56,50,52,papaya
63.29,35.04,37.4620912,90.44967809,6.933809742999999,70,50,53,papaya
74.8,36.49,38.73218907,94.73613484,6.579441304,44,47,45,papaya
43.56,30.12,32.57720726,92.74889453,6.92791761,50,60,47,papaya
72.82,37.79,38.38231475,93.10378595,6.985804083,52,51,53,papaya
78.99,42.38,42.93605359,90.09448142,6.612429546,35,68,45,papaya
33.3,24.79,25.65492304,92.74501561,6.813383387000001,68,69,52,papaya
60.11,36.15,37.58899717,91.99740365,6.967759599999999,32,55,52,papaya
35.75,28.0,29.60718808,93.15642801,6.57398033,32,55,51,papaya
63.81,23.76,25.34756111,93.02871078,6.803094965,48,62,47,papaya
80.75,25.09,25.9300384,93.02357765,6.964955435,39,69,53,papaya
80.41,31.53,32.76795887,94.57377401,6.764213299,49,61,45,papaya
51.85,26.72,29.02328049,90.20396783,6.617703177999999,48,57,54,papaya
43.14,37.67,40.00439101,90.17015833,6.52711001,69,66,49,papaya
78.91,31.44,33.32315744,91.25271223,6.709668804,53,55,55,papaya
31.67,30.28,31.22790131,94.94021378,6.620729882000001,38,61,52,papaya
35.7,24.99,26.68386496,92.9585411,6.583760498999999,57,64,55,papaya
47.23,23.14,24.70528368,90.14732171,6.6764073370000006,51,57,55,papaya
74.79,36.75,38.2016825,93.97379963,6.751298936,56,65,45,papaya
46.23,34.77,36.56769731,93.79503425,6.867554147000001,54,66,52,papaya
80.46,23.65,26.05375792,93.69111672,6.7424900270000006,58,55,47,papaya
33.76,29.86,31.29986342,92.76039164,6.986228647000001,68,70,54,papaya
57.46,38.23,40.10207731,94.35110201,6.979102243,42,59,55,papaya
45.69,36.86,38.58954491,91.58076549,6.8256647820000005,43,64,47,papaya
80.22,40.18,41.31330062,91.1508798,6.617066674,35,67,49,papaya
67.36,35.68,37.03551903,91.79430166,6.551892637999999,56,59,55,papaya
72.34,21.45,23.012401800000006,91.07355541,6.598860305,39,64,53,papaya
76.42,26.2,26.762749300000007,92.86056895,6.4200187170000005,18,30,29,coconut
76.35,24.53,25.61294367,94.3138837,5.7400545670000005,37,23,28,coconut
57.95,27.08,28.130115000000004,95.64807631,5.686972967000001,13,28,33,coconut
65.17,23.03,25.02887163,91.53720922,6.293662362999999,2,21,35,coconut
65.64,26.55,27.79797651,99.64573002,6.381975465,10,18,35,coconut
66.41,28.51,29.25902906,95.11294697,5.542169138999999,7,11,32,coconut
57.92,25.14,27.10134661,93.69979946,5.551963184,39,5,31,coconut
57.15,24.11,25.84726298,90.92669463,5.8607404810000014,34,6,27,coconut
64.92,25.53,26.58580443,90.98617591,5.558807063,31,30,29,coconut
67.65,27.79,28.38503882,99.18843684,5.55771171,25,7,35,coconut
56.56,27.09,28.43647052,91.81320717,5.568365926,16,18,26,coconut
69.95,27.39,28.27298134,96.93649473,6.07071786,26,10,33,coconut
56.26,25.24,27.00648436,96.46168931,5.627860548999998,27,8,32,coconut
59.67,27.09,27.63551259,99.34854917,6.38488418,37,18,30,coconut
74.24,24.75,26.29644905,99.65809151,5.6858890660000005,19,15,34,coconut
71.43,26.39,27.1326009,95.23797989,6.234458417000001,0,19,33,coconut
70.19,24.01,25.56567803,97.61361544,6.443168642000001,31,20,26,coconut
63.22,24.71,25.94951662,93.40548703,5.842317989,9,17,32,coconut
74.76,27.02,28.03380598,95.01630593,5.955742971,22,11,29,coconut
59.5,28.12,29.12859129,91.30924833,5.741367375,31,6,26,coconut
63.15,24.9,27.0828252,97.00155491,5.948342571,34,6,30,coconut
63.33,27.45,28.11321494,90.01734526,6.387067562,24,6,32,coconut
59.36,26.58,27.5136304,94.18955816,5.562911913,1,8,26,coconut
71.63,26.58,27.63834933,95.48763389,5.85971872,31,13,33,coconut
57.69,26.52,29.01256899,94.01014388,6.282955072999999,10,9,28,coconut
63.11,25.46,26.58413917,95.78923137,6.25449571,36,27,26,coconut
55.91,26.86,28.28905147,97.00396405,5.973853124,38,24,33,coconut
64.96,26.6,28.69164799,96.65248672,6.081568052000001,11,6,25,coconut
72.71,28.4,29.70931288,96.30484325,6.37466756,16,14,30,coconut
57.49,26.0,27.14865285,96.66355213,6.027707171,33,14,35,coconut
53.2,28.71,29.28725038,91.95614918,5.868285082000001,16,6,29,coconut
53.87,24.35,25.06871967,93.31410447,6.205931637999999,32,11,31,coconut
68.96,24.5,26.92449525,91.20106019,5.5707453860000005,38,14,30,coconut
63.19,27.12,28.27804288,93.64761266,6.095261012999999,8,6,33,coconut
71.49,26.89,29.18032562,92.73041222,6.025789594,23,6,33,coconut
60.38,26.4,28.3575072,91.64509299,5.542873799,29,25,35,coconut
74.89,28.25,29.38072512,93.27565685,6.366219551,24,14,33,coconut
74.78,23.07,25.39241091,98.08951196,5.579845008,32,12,30,coconut
72.28,25.22,26.31270635,98.62048026,5.804965067,30,25,31,coconut
68.81,28.2,29.52501367,91.91185319,6.121005506,14,21,35,coconut
56.53,27.57,28.83214859,92.17170353,6.000248647,27,22,29,coconut
60.29,27.39,28.48444906,97.76865458,5.820978791,40,5,29,coconut
59.38,27.1,28.74013335,93.39676499,5.620733794,17,11,32,coconut
61.65,24.18,25.00872392,95.59224018,6.001936419,30,30,35,coconut
68.42,27.96,29.8690834,91.14723422,6.305740522000001,28,10,30,coconut
57.73,26.57,27.54273211,94.59086121,6.362544111,39,7,29,coconut
56.33,24.82,26.52166434,98.38227669,5.588655387,32,20,35,coconut
63.91,23.29,25.03512351,95.89739958,6.182232762000001,7,15,32,coconut
73.07,27.17,29.20394909,95.66997327,5.959493188,29,17,29,coconut
76.45,24.58,27.05826457,91.10510371,5.677282677999999,34,15,34,coconut
54.02,23.74,26.18552389,96.96637916,5.6121227970000005,14,23,25,coconut
60.91,25.62,27.59376845,92.48519606,6.206077742000001,18,19,29,coconut
52.97,23.79,25.76011662,94.65830608,5.764812076,7,21,35,coconut
56.44,28.07,28.87862994,95.11320315,6.203376525,24,27,34,coconut
70.21,24.36,26.50908611,94.48414544,6.143662699,39,29,29,coconut
73.86,26.29,26.87037587,91.72546257,6.100429497,29,8,28,coconut
56.66,27.04,27.57283516,94.90485697,5.7084096010000005,10,24,27,coconut
63.12,27.06,28.05912437,98.3670985,5.868255858,0,29,32,coconut
52.96,27.76,29.51611558,92.56492864,6.461225827000001,32,11,31,coconut
75.97,27.87,28.96318258,95.16333673,6.165084855,37,10,32,coconut
59.63,23.85,25.09897688,92.36099489,6.047044342,20,29,27,coconut
55.5,25.99,27.1872282,92.19906776,6.137102505,31,29,35,coconut
71.64,27.99,29.03065024,90.79093862,5.894027065,17,30,27,coconut
52.93,25.33,27.754298,95.94643831,5.56222383,1,12,30,coconut
70.7,25.43,27.31155708,99.96906006,5.832608027999999,6,13,29,coconut
76.37,26.67,28.84270971,99.64328526,6.2185718739999984,15,28,32,coconut
67.98,26.1,26.61423461,96.97300803,6.142010637,27,24,29,coconut
74.06,29.14,29.70143197,95.65754365,6.078807239,3,23,30,coconut
73.47,23.14,25.54759871,91.64194826,5.702484758,8,26,26,coconut
61.96,24.79,26.37978453,91.49882979,5.547594847,20,28,26,coconut
55.71,25.38,27.45907759,92.90736493,5.836075368,26,18,27,coconut
56.97,25.72,27.02269204,95.71935435,6.231662767,1,6,35,coconut
57.39,28.33,28.98545306,90.73966792,5.718120393,27,30,31,coconut
53.69,24.52,26.1055118,91.52421214,5.852038202,23,7,34,coconut
68.46,24.34,25.0707247,95.02156793,5.547933273,0,26,31,coconut
68.06,23.9,25.54963273,96.92786777,6.156259104,38,6,25,coconut
53.87,27.92,28.56973521,95.67906668,6.436314406,25,12,26,coconut
56.06,25.1,26.07010807,96.7036223,5.981169595,40,5,32,coconut
64.9,24.45,25.51791333,94.38420565,6.271952832999999,0,19,31,coconut
56.21,25.31,25.9490364,94.73860514,6.470465614,26,9,32,coconut
65.83,26.15,28.2974764,95.41122824,6.141502001,35,30,34,coconut
76.48,27.87,29.56549169,91.40896307,5.826381164,19,30,30,coconut
57.25,29.01,29.69952329,95.21224392,6.342463714,31,13,33,coconut
69.09,24.17,26.14162144,93.28415295,6.071897347,17,29,26,coconut
72.64,25.19,26.00175125,94.79998418,6.331051715,2,30,30,coconut
61.43,26.51,27.15116142,91.48889469,6.413184638,30,13,25,coconut
73.73,28.06,28.97318719,98.09861043,5.50158009,8,15,33,coconut
52.99,24.72,26.13958446,96.38580769,6.338720873,18,12,35,coconut
53.94,24.23,25.51618488,94.33465411,6.015672239,8,28,30,coconut
63.87,25.5,27.55821802,99.98187601,5.735364307,40,22,29,coconut
58.7,25.71,27.81132822,97.48410555,6.465906333,27,10,33,coconut
61.66,24.32,25.60033702,99.7240104,5.855457599,21,20,31,coconut
76.68,26.16,26.91641934,99.84671638,6.318552972999999,3,9,35,coconut
67.46,28.62,29.1797902,90.27214288,6.006784979,22,16,27,coconut
75.57,25.34,26.44600063,98.29937782,6.008386282999999,27,8,30,coconut
71.23,26.06,28.43572863,95.8840407,5.665785202,22,8,33,coconut
68.17,28.23,28.94099669,93.00109012,5.764615485,28,27,32,coconut
57.49,24.8,26.45488737,93.45042636,5.901495543999999,23,21,26,coconut
58.29,24.87,25.79490531,93.84150618,5.779032666,37,5,34,coconut
61.84,26.22,26.93141945,98.80313612,5.67154928,19,26,29,coconut
42.81,22.78,24.40228894,79.19732001,7.231324765,133,47,24,cotton
37.91,21.66,23.09595631,84.86275707,6.925412377000001,136,36,20,cotton
42.8,23.42,23.9656349,76.97696717,7.633437412,104,47,18,cotton
42.55,22.5,24.88738107,75.62137159,6.827354668,133,47,23,cotton
42.22,24.71,25.36243778,83.63276077,6.176716425,126,38,23,cotton
39.74,22.42,24.69457084,81.7358876,6.6287228360000015,126,50,19,cotton
44.2,23.64,25.0017188,80.53965818,7.256877571,113,41,20,cotton
36.14,21.0,22.45942937,81.30681027,6.443785385,121,45,22,cotton
38.21,22.56,23.60564038,79.29573149,7.7232401510000015,121,47,16,cotton
38.07,22.54,24.58453146,79.12404171,5.947448589,129,60,22,cotton
38.05,21.6,23.0865933,83.55546146,7.2277455160000015,107,45,25,cotton
40.05,21.0,23.5000992,83.63488952,6.219469084,122,59,18,cotton
37.56,22.88,24.1472953,75.88298598,6.021439523,140,38,15,cotton
42.56,23.21,24.69315538,84.84422454,6.253343655,102,49,21,cotton
42.85,22.22,24.48469200000001,84.44932014,6.187455798999999,111,40,25,cotton
36.08,22.96,24.49112609,82.24415809,7.0576933660000005,131,35,18,cotton
41.8,22.96,23.47986888,81.73049149,6.720449769,135,43,16,cotton
37.35,21.87,24.18586246,76.04203958,6.4316895060000006,100,46,18,cotton
41.62,24.48,25.00755095,78.17952126,7.453106264,123,39,24,cotton
42.39,24.23,25.99237426,77.0543546,7.368258226,117,56,15,cotton
44.96,22.47,23.66457347,81.69105088,7.352401887,121,36,24,cotton
39.74,23.73,25.66891439,81.38103349,6.652143699,101,58,18,cotton
41.61,19.66,22.04612876,84.62978302,6.144631795,107,42,24,cotton
43.48,20.17,22.4204752,84.55794703,7.318802162000001,100,41,22,cotton
43.87,24.34,25.03149561,82.21276599,7.954629324,125,39,21,cotton
41.99,22.52,23.53371386,77.21705554,6.207652157,105,60,23,cotton
40.47,21.06,22.77076388,82.5993307,6.631005298,102,46,19,cotton
36.85,24.3,25.49848236,79.9751579,7.306918817000001,131,49,22,cotton
41.74,22.77,25.248679,83.4630147,5.898293044,139,35,15,cotton
36.23,21.81,22.78249615,77.51235009,7.238566893,108,36,19,cotton
38.01,21.37,23.37044424,77.43198948,7.977651226,118,45,23,cotton
39.99,22.45,24.86560781,78.22080815,5.983075895,107,51,22,cotton
40.19,23.34,24.14386157,84.51591287,6.785723961,125,60,17,cotton
44.39,23.86,25.03300222,79.04368718,7.393441155,113,37,20,cotton
42.24,21.58,23.65724079,84.47601498,6.486068274,131,52,16,cotton
42.34,23.93,25.54359718,84.09229796,7.175934962,115,48,16,cotton
42.71,21.38,22.00085141,79.47270984,7.388265887999999,113,38,25,cotton
40.34,21.19,23.64328417,78.1258666,6.10539819,111,41,18,cotton
41.26,22.05,23.96436009,78.02763149,6.419536555,111,53,19,cotton
35.53,24.1,24.65425757,75.6350708,6.307585854,122,48,16,cotton
36.33,23.74,24.3017998,84.87668973,6.93221485,108,46,17,cotton
42.71,23.76,24.29144926,81.02453404,7.810865753,132,41,22,cotton
40.36,23.32,24.29470232,84.61527627,6.527541661,103,42,17,cotton
45.1,24.14,25.72180042,81.19666206,7.569454601,133,50,25,cotton
43.09,23.91,24.87663664,76.30050373,7.041065585,127,37,18,cotton
38.87,22.07,22.60612115,77.34264002,7.208795456,110,39,25,cotton
42.72,22.61,23.86814008,75.68339729,6.814341946,131,38,19,cotton
39.8,22.86,23.41022496,76.43836957,7.442217061,108,38,24,cotton
40.11,22.55,24.96440768,81.31677618,6.854558957,122,40,17,cotton
41.26,23.16,25.16820129,80.30351815,7.884550475,111,50,15,cotton
39.48,20.64,22.72767171,77.07598065,6.006085786,140,40,17,cotton
41.82,20.26,22.45145981,76.25674874,7.432043735,100,40,20,cotton
37.75,22.5,23.04920461,75.53835214,6.498052108,123,50,16,cotton
35.74,23.1,25.29250148,75.66653335,6.205263534,107,36,21,cotton
36.7,21.1,22.95604064,82.33733678,6.360812227,118,50,19,cotton
43.02,21.15,22.80213132,84.14668447,7.0466074339999984,103,51,20,cotton
41.13,22.84,23.54234715,75.98203329,7.947011366,133,57,19,cotton
44.77,22.42,24.41212325,80.80343786,6.281913857999999,129,47,20,cotton
36.85,21.17,22.94276687,75.37170612,6.114525877,116,52,19,cotton
43.97,23.58,25.53676123,81.13668716,6.7539780610000015,114,40,23,cotton
40.97,23.27,25.32023717,81.79475917,7.4250413160000015,131,60,17,cotton
36.47,21.86,22.426733,81.53480799,6.745104394,107,43,18,cotton
42.96,24.79,25.78544484,75.00539324,7.6411165689999985,123,44,21,cotton
36.63,24.95,25.68959532,77.90621048,6.470135478,112,49,25,cotton
35.24,20.69,22.14593688,82.85975490000001,7.091992365,119,44,15,cotton
43.49,23.25,25.07278712,82.50257909,6.520403794,130,59,19,cotton
37.69,20.4,22.21506982,76.17851932,6.127939627999999,127,53,24,cotton
39.12,22.65,23.9643129,76.59175937,7.994679507000001,134,52,18,cotton
35.7,23.59,25.40059227,76.53237965,7.524707577,109,36,18,cotton
36.65,22.64,23.7805123,83.03878838,7.827877817999999,100,48,17,cotton
35.56,22.85,24.16402322,76.7433897,6.436691764,132,52,19,cotton
38.3,23.58,25.31468463,77.91757121,5.907930899,102,37,25,cotton
42.25,22.01,22.60361557,80.35090459999998,6.135025006,111,39,22,cotton
45.06,20.89,22.9535715,78.71555832,6.044556594,117,51,15,cotton
42.63,21.85,22.74446976,80.41198458,7.59781958,136,36,24,cotton
37.83,22.23,23.80834611,83.91902605,6.691268104,134,56,18,cotton
39.31,24.1,25.46228792,81.56641891,6.1754923060000015,112,54,15,cotton
38.62,24.15,25.96779712,81.97904282,7.272316208999999,105,56,15,cotton
44.97,23.3,25.5308271,80.04662756,5.801047545,140,45,15,cotton
35.27,22.37,24.43847399,81.69801729,6.757457943,126,46,25,cotton
42.77,21.12,23.03887865,76.47039772,6.983395572999999,106,49,24,cotton
40.12,21.41,23.51308653,76.72621429,7.976889497999999,121,53,19,cotton
44.56,21.34,22.75805656,76.75768356,6.558902588,108,60,17,cotton
41.42,24.14,24.71252544,77.7293114,7.979090365,116,56,17,cotton
43.49,21.64,23.45969093,82.44777468,7.903528672999999,100,52,19,cotton
39.74,23.38,25.5503704,77.85055621,6.73210948,129,43,16,cotton
36.85,20.1,22.08458267,82.82904143,6.6916904760000016,118,44,23,cotton
37.41,22.27,24.68854799,78.51206972,7.839849298,117,43,25,cotton
39.35,24.95,25.84997269,84.16855231,6.61448588,126,37,21,cotton
38.05,21.34,22.46054478,75.40989245,7.456971816,120,48,16,cotton
38.81,21.68,23.65629976,77.52425987,7.2942193,102,45,16,cotton
43.17,20.12,22.00817088,81.83896111,7.762647875,131,56,20,cotton
37.45,22.07,24.32630461,80.13456404,6.363406102000001,114,40,17,cotton
43.34,21.86,22.92360984,82.68738535,7.63737841,101,37,18,cotton
40.39,22.49,23.43821725,78.63388824,6.2006719760000015,106,46,20,cotton
38.83,21.46,22.10718988,78.58320116,6.364729934,113,38,20,cotton
42.98,22.15,23.03814028,76.11021529,6.913678684,102,53,21,cotton
36.05,22.62,24.54795322,75.39752705,7.766259768999999,110,39,18,cotton
39.25,22.77,23.73868041,75.77503808,7.55606399,107,58,15,cotton
36.42,21.68,22.31871914,83.86129998,7.288377241,120,60,15,cotton
58.15,24.18,25.52468965,72.24850829,6.002524871,89,47,38,jute
60.51,26.0,26.59104992,82.94164078,6.033485257000001,60,37,39,jute
69.39,24.72,25.29781791,86.88705350000002,7.121933578999999,63,41,45,jute
64.11,23.85,25.72100868,88.16513579,6.207459637,86,40,39,jute
67.84,23.07,23.58419277,72.00460848,6.090060478,96,41,40,jute
67.87,24.21,25.31042337,72.01364411,6.346715209,100,35,36,jute
66.66,21.71,23.41798979,85.08640476,6.661957897000001,63,37,43,jute
62.48,22.61,24.35564134,88.80391021,6.176860192,70,43,40,jute
65.79,25.09,26.284017,75.14640198,7.251847296,67,55,44,jute
62.54,24.44,25.13842773,83.12053888,6.386259977999999,74,40,40,jute
57.74,23.64,24.88692811,71.91711523,7.319735475,89,53,44,jute
67.58,23.87,25.75734909,88.36668522,6.025028997000001,74,46,45,jute
70.2,20.63,23.12844351,74.68322732,6.344751947000001,89,41,38,jute
58.06,23.15,24.9949957,88.95692783,7.02777956,60,55,40,jute
69.2,23.34,25.21622704,70.88259632,7.299304715,67,43,38,jute
61.27,22.83,24.39736241,79.26861738,7.014063944,70,38,35,jute
61.32,22.05,23.31410442,71.4509053,7.4880144039999985,74,49,38,jute
68.22,24.97,25.72668885,81.86171563,6.626503893,90,40,39,jute
62.66,25.76,26.96656378,78.21047693,6.239011,82,35,44,jute
65.54,21.68,23.70467146,74.63745355,6.742688094,73,45,37,jute
58.66,22.4,24.90075709,73.84186449,6.588017308,85,53,38,jute
63.91,20.98,23.39605743,72.60512854,7.097586415,81,56,36,jute
63.48,26.13,26.8748389,79.78725152,6.956682742999999,84,55,38,jute
58.16,21.86,23.1426498,74.99739774,7.380396262,80,45,42,jute
66.47,23.67,24.29496635,77.62976013,6.176618831,76,54,45,jute
69.52,22.84,24.39459498,89.89106506,6.551130445,76,56,39,jute
63.84,25.23,25.7629429,80.76238215,6.427726565,81,40,45,jute
62.4,23.9,25.4879684,84.48235878,6.740947635,76,44,45,jute
66.18,23.74,25.37122686,76.2403666,6.130136384,69,47,40,jute
65.25,25.68,26.21312799,81.70476368,6.667633355,82,40,45,jute
66.78,22.43,24.30748599,78.54340987,6.1868143920000005,69,57,35,jute
57.76,22.42,23.76554749,87.98329901,6.334837865,81,36,38,jute
60.77,23.79,24.79853023,78.53037059,7.16214284,67,60,38,jute
70.11,21.12,23.20683504,74.09956958,7.422318499,72,51,40,jute
66.34,22.32,23.66805429,70.89000744,6.768001309,65,39,45,jute
60.09,24.0,25.12417673,85.72530641,6.348441469,78,50,43,jute
62.13,23.33,23.89069041,83.46409075,6.097294061,77,52,41,jute
69.4,21.44,23.09433785,81.45139295,6.14132902,89,52,42,jute
61.73,22.47,24.21744605,82.85284045,7.479248124,62,49,37,jute
58.59,23.27,24.06475727,71.31342851,6.509174788999999,90,48,45,jute
64.1,22.8,24.85441411,74.44070479999998,6.57256106,66,47,36,jute
69.54,24.18,26.41915161,76.85691248,7.165696848,80,52,39,jute
69.35,23.73,24.89326318,77.01222585,7.207457207999999,89,52,45,jute
61.75,21.12,23.25583402,82.7015932,7.124333547000001,77,51,44,jute
65.01,24.15,24.7634518,87.06071115,6.4635387070000005,94,37,41,jute
61.86,22.72,24.97042599,78.62697699,6.856833064,75,41,35,jute
57.84,24.82,26.12797248,80.49172597,7.132389299,60,55,36,jute
61.03,24.94,25.97825807,81.65769588,6.235357637999999,62,56,35,jute
66.9,23.86,26.2830571,73.35763537,6.704273839,84,40,42,jute
64.25,24.23,26.38905406,83.31240346,7.433313409,100,56,40,jute
62.21,24.74,25.2746335,73.7459581,6.109478059,75,56,44,jute
59.03,20.76,23.09499564,78.45959697,7.095413294,78,46,42,jute
68.54,24.07,25.79351957,81.76904006,6.352076782999999,82,48,36,jute
60.35,22.52,23.17403323,87.88255345,6.6587699910000016,100,58,41,jute
65.78,24.75,25.63215038,79.95150917,7.0518224720000005,88,50,40,jute
58.34,23.72,25.84879500000001,87.81661683,7.333143205,67,41,40,jute
65.54,24.34,26.56767277,80.90424543,6.352771037,72,42,43,jute
67.72,25.23,26.24532085,72.97198375,7.124050134,89,40,43,jute
64.52,26.07,26.91515043,73.19897535,6.998787171,89,57,43,jute
60.17,22.81,24.36972377,82.11319791,6.537914957999999,61,41,44,jute
67.02,23.53,25.71901283,79.15532398,7.171054239,79,45,43,jute
62.56,23.98,25.01157559,88.33130229999998,7.228268227999999,84,40,43,jute
67.39,23.75,25.40785911,76.44048625,7.319952206,98,43,35,jute
58.62,21.57,23.28081,74.27607475,6.613341342999999,75,36,44,jute
61.97,23.28,23.98651719,82.09053379,6.096838784,89,58,35,jute
68.29,22.66,24.48556447,83.20630007,6.132570522999999,91,41,37,jute
58.9,25.23,25.86705009,84.09985284,7.36008498,77,48,36,jute
66.54,22.58,23.5643831,79.46283115,7.321619041,66,58,35,jute
68.36,23.54,24.2248758,74.89465426,7.175170657000001,62,59,41,jute
64.34,23.61,25.49386782,86.97061481,7.299076163,82,35,35,jute
69.18,22.81,24.97178693,79.47557931,6.842966478999998,61,41,35,jute
59.28,23.08,24.80624984,82.09281674,6.356295567999999,99,57,38,jute
59.47,20.88,23.16814977,76.66724969,6.508342839,70,42,43,jute
64.0,22.81,24.25133493,89.86454053,7.098227926,90,59,35,jute
58.89,25.1,26.58361011,78.00774772,6.310699968,73,43,42,jute
58.67,24.57,26.82489244,78.20392774,7.093328631,67,46,44,jute
62.69,23.93,25.49674786,81.13449097,6.691074249,84,37,42,jute
64.43,22.94,24.09874353,80.57226761,6.187746776,72,41,36,jute
64.24,21.53,23.18866654,86.20899734,6.491506245,71,56,37,jute
66.07,25.55,26.24347471,78.51063754,6.855362875,64,53,38,jute
60.22,22.52,23.75091572,71.14782585,7.124571593,65,54,39,jute
63.08,24.1,26.13871511,79.1188943,6.067302109,60,58,37,jute
68.51,25.56,26.14576648,71.23690851,6.432051512,86,39,43,jute
63.07,24.77,26.91643698,73.48655995,6.253408852000001,90,50,44,jute
59.65,25.66,26.5232969,77.17331847,7.287318722999999,91,38,36,jute
67.81,22.65,23.81579631,80.94023552,7.161865733,87,48,38,jute
58.43,25.76,26.50838667,86.84264005,6.065898282999999,72,41,36,jute
70.07,24.85,26.63952463,70.95705996,7.311077075,71,54,35,jute
67.05,22.33,23.325013100000003,79.79609448,6.581693772,82,46,41,jute
65.28,24.97,26.47549543,73.96164569,6.732826127,71,52,43,jute
63.37,22.59,23.78756036,74.36794079,6.014572075,80,43,43,jute
68.66,24.17,25.49941707,75.99987588,6.663559451,77,55,43,jute
66.41,21.48,23.24925555,73.65346838,6.434610995,95,57,41,jute
68.7,25.57,26.98582182,89.05587886,7.432768147000001,63,47,35,jute
57.74,21.86,23.61475336,86.14290267,6.987332927000001,93,43,38,jute
64.59,22.78,23.87484465,86.79261344,6.718725189,87,44,43,jute
58.85,22.04,23.92887902,88.07112278,6.880204617,88,52,39,jute
67.93,23.85,24.81441246,81.68688879,6.86106911,90,39,37,jute
67.97,21.95,24.44743944,82.286484,6.7693455,90,39,43,jute
60.02,25.45,26.57421679,73.81994896,7.26158085,84,38,43,jute
68.14,23.86,26.33377983,57.36469955,7.261313694,91,21,26,coffee
56.35,25.82,26.45288458,55.32222678,7.235070264,107,21,26,coffee
54.35,25.07,25.70822684,52.88667115,7.18915558,83,38,35,coffee
57.0,23.31,24.12832546,56.18107663,6.431899747999999,108,24,31,coffee
50.7,22.76,23.44372334,60.39523266,6.42321105,116,28,34,coffee
55.01,21.58,23.4123707,52.26994674,6.869720196,116,23,25,coffee
61.32,20.79,23.05951896,50.40609436,6.973839707000001,109,31,27,coffee
52.63,21.71,23.07895447,63.65861483,7.184801627000001,89,25,34,coffee
50.86,26.6,27.6496114,51.11044023,6.351823783,118,18,32,coffee
63.05,23.86,25.46743689,69.35161206,6.392048018,111,32,34,coffee
55.33,24.79,26.7350622,55.55164819,6.119892347,84,36,28,coffee
67.5,25.18,26.20811417,52.50987966,6.910823945,85,33,25,coffee
61.62,25.88,27.0424167,57.27927475,6.501157208,99,15,27,coffee
53.95,22.71,24.65090184,51.93952357,7.027585558999999,81,30,31,coffee
57.42,26.68,27.35152643,55.99375012,7.13411409,95,39,29,coffee
53.92,24.08,25.17787724,62.26244581,6.6477659970000005,81,34,30,coffee
60.67,21.67,23.11438731,68.00096043,6.703270635,80,15,28,coffee
64.14,26.72,27.22783677,52.95261751,7.493191968,104,20,26,coffee
68.78,20.87,23.26316991,60.51600210000001,6.724688502999999,109,29,28,coffee
51.21,22.97,25.234661,57.53161469,6.043485685,100,32,26,coffee
69.18,23.88,25.59535262,57.72920846,7.101661011,100,24,28,coffee
67.79,24.03,25.5674832,60.49244602,7.466900682999999,83,21,28,coffee
69.31,25.05,25.67324193,51.29043632,6.877799264,120,23,28,coffee
57.35,23.48,24.40726724,62.65692638,6.410992833,104,26,30,coffee
56.34,22.8,23.69287069,66.76090123,7.393825704,108,33,31,coffee
65.34,22.61,24.53460016,66.99765375,7.482414225,91,25,26,coffee
68.34,24.71,27.13140403,52.89368299,6.081172981,86,26,27,coffee
62.06,26.94,27.56088634,68.49299897,6.516312148,98,18,27,coffee
68.08,22.75,23.59302313,55.27564977,6.0433309510000015,111,27,31,coffee
49.47,21.79,23.17714381,52.13864034,6.959404135,84,39,35,coffee
69.65,22.91,24.71384065,51.29142534,7.238109556,98,27,27,coffee
50.05,22.23,24.38534644,64.72543073,7.234258375,118,21,34,coffee
51.7,24.67,27.15998538,51.59100753,6.691541233,103,27,31,coffee
50.31,24.4,26.53543168,67.09608099,6.809593554,82,24,33,coffee
68.09,26.13,27.01207284,60.76645256,6.485761419,86,31,35,coffee
49.63,26.72,27.55906475,58.45742907,6.784460602,88,35,35,coffee
62.27,22.42,23.32293161,53.00366334,7.167092586,84,27,29,coffee
48.93,22.6,24.23850608,54.30329632,6.73410539,120,40,33,coffee
50.82,22.44,23.42611644,64.10651528,6.779984384,106,40,30,coffee
64.44,23.85,26.02241444,55.83288958,7.277422737999999,113,21,33,coffee
51.25,24.2,24.83846178,56.7685316,7.21270048,117,34,25,coffee
57.27,25.25,26.24092174,65.64381357,7.487266991,80,30,25,coffee
65.63,23.75,24.43011925,66.02411187,7.231166546,88,21,27,coffee
58.55,24.11,26.00373964,62.144510200000006,6.559817161000002,113,33,34,coffee
68.67,24.43,26.22367404,62.26594559,6.979590627,87,23,28,coffee
67.79,25.72,27.09617155,63.55324262,6.779230041,113,15,29,coffee
70.11,23.34,25.64004392,61.03273481,6.217974349,98,29,30,coffee
55.13,26.87,27.74576987,54.36976075,7.205078785,97,29,27,coffee
53.44,24.27,26.24928198,54.28617819,6.854011265,85,35,32,coffee
59.23,24.97,26.67377159,52.24226285,6.246872394,82,29,35,coffee
55.04,25.27,27.10210397,55.74973320000001,6.911066044,103,33,25,coffee
69.4,25.14,27.62975458,61.26002598,6.777417989,112,17,28,coffee
52.82,25.51,27.536454700000004,55.51673151,6.273741983,99,19,33,coffee
52.75,22.33,23.56960509,50.56339727,6.906124587000001,120,20,34,coffee
68.45,24.12,24.99451759,57.93250202,7.162802357,114,27,28,coffee
64.67,25.62,27.56441788,54.41094079,6.9557873510000015,100,40,35,coffee
60.58,22.37,23.98143338,61.10935084,6.971963169,108,35,25,coffee
50.75,22.47,24.22984659,67.37768353,6.840927967000001,115,31,30,coffee
62.41,24.44,25.60153969,68.66257977,6.536676653,87,28,30,coffee
66.32,22.13,24.31274458,53.57285558,6.089443602999999,82,24,26,coffee
64.54,25.66,26.36629861,52.25738495,7.456460375,94,26,27,coffee
58.2,25.1,26.5602777,57.1621814,6.759211911,87,28,35,coffee
50.54,23.87,26.35034208,58.50650238,7.460174812000001,118,40,35,coffee
59.22,24.17,25.20406808,57.88370456,6.652642579,87,38,29,coffee
63.13,20.89,23.35723208,55.18792166,6.026287448,92,40,30,coffee
66.51,21.87,23.60567546,59.68849145,6.074190142000001,97,22,26,coffee
61.01,23.57,24.18471151,69.94807345,7.0455430560000005,99,40,32,coffee
64.05,24.69,26.44414097,53.83876189,6.9932360010000005,89,28,33,coffee
57.13,23.66,26.12492233,63.37479229,6.726528895,112,39,29,coffee
68.41,27.2,27.77363343,64.47858698,6.937352845,111,28,26,coffee
68.63,23.35,25.55656667,62.67087838,7.27905689,114,20,26,coffee
48.95,27.07,27.92374437,67.96910852,7.079850922,117,26,30,coffee
60.53,24.55,26.05968403,52.31098539,6.136286518,111,29,31,coffee
61.1,25.69,26.35770906,64.57578034,6.5052036960000015,119,30,28,coffee
52.54,24.13,24.91370487,54.15319242,7.042089492000001,116,40,33,coffee
68.34,26.74,27.31317116,68.42333909999999,6.348337518999998,95,37,35,coffee
54.24,23.84,26.1387869,52.26311691,7.432322234,86,40,33,coffee
60.84,20.74,23.1069385,67.06230539,6.787658922,117,37,32,coffee
63.18,21.92,23.52648086,68.44030686,6.743417121,105,18,35,coffee
68.95,23.9,25.11711046,68.48030408,7.00733163,109,23,25,coffee
53.83,22.24,24.02952505,58.84880599,7.303033217,80,18,31,coffee
59.91,24.76,26.70897548,69.71184111,6.861235184,101,31,26,coffee
51.85,25.65,26.71717393,50.50148528,7.131435858,103,33,33,coffee
54.59,23.33,24.59245684,56.46829641,7.288211994,93,26,27,coffee
56.17,26.32,27.51006055,50.66687215,6.983732393,104,35,28,coffee
59.36,25.72,27.57847581,58.52534263,6.172090205,116,36,25,coffee
56.45,25.63,26.65069302,57.56695719,6.35118177,107,38,29,coffee
55.89,24.99,26.97251562,62.0183627,6.908671378999999,101,33,33,coffee
58.46,21.52,23.17124551,52.97841162,6.766184468,107,31,31,coffee
66.77,21.12,23.52652084,65.44340921,6.392791654,99,16,30,coffee
55.54,25.36,27.30901814,55.196224,6.3483162570000005,103,40,30,coffee
65.57,25.68,27.54823036,62.88179198,6.123796057000001,118,31,34,coffee
67.36,23.85,25.627355,57.04151119,7.4285236339999985,106,21,35,coffee
66.09,21.36,23.29250318,50.04557009,6.020947179,116,38,34,coffee
61.76,23.48,24.91461008,53.74144743,6.334610249,97,35,26,coffee
64.66,25.28,26.77463708,66.4132686,6.78006386,107,34,32,coffee
52.14,26.78,27.41711238,56.63636248,6.086922359,99,15,27,coffee
63.54,21.97,24.13179691,67.22512329,6.362607851,118,33,30,coffee
51.95,25.38,26.2724184,52.12739421,6.758792552,117,32,34,coffee
55.4,22.95,23.60301571,60.39647474,6.779832611000002,104,18,30,coffee
